icd_11_id	name	icd_11_code
979408586	Extension Codes	X
71556738	Aetiology	
1413523709	Topology Scale Value	
815889539	Severity Scale Value	
614922797	Temporality	
1154280071	Anatomy and topography	
411368752	Histopathology	
870996432	Dimensions of injury	
1004338415	Dimensions of external causes	
69327534	Consciousness	
1897222875	Diagnosis code descriptors	
1597357976	Health Devices, Equipment and Supplies	
77159832	ICD-O	
1693181075	Capacity or context	
1321407960	Substances	
1948746454	Extension codes of particular relevance to skin diseases	
1529645872	Regional	
1698138964	Causality	
1435602785	Laterality	
437215757	Infectious Agents	
169306432	Distribution	
137775722	Relational	
112199345	Measurement	XK0R
36752588	Disease Specific Severity Scale Value	
146631584	Generic Severity Scale Value	
1770621312	Course of the Condition	
639052684	Time in Life	
920837303	Duration of pregnancy	
687250607	Surface topography	
1644747126	Functional anatomy	
1509166126	Partonomic view	
1255450803	Acinar cell neoplasms	
1603120779	Complex epithelial neoplasms	
1978867629	Fibroepithelial neoplasms	
493891342	Basal cell neoplasms	
162852828	Epithelial neoplasms, NOS	
1286751171	Adnexal and skin appendage neoplasms	
1025049113	Fibromatous neoplasms	
1052315868	Cystic, mucinous and serous neoplasms	
1414907749	Ductal and lobular neoplasms	
1401592171	Adenomas and adenocarcinomas	
1041548506	Complex mixed and stromal neoplasms	
1983715813	Granular cell tumours and alveolar soft part sarcomas	
218746635	Giant cell tumours	
578851160	Meningiomas	
332064829	Lymphatic vessel tumours	
8987040	Germ cell neoplasms	
59671317	Blood vessel tumours	
1079699653	Gliomas	
928474622	Neuroepitheliomatous neoplasms	
1878363789	Lipomatous neoplasms	
226408345	Squamous cell neoplasms	
521514084	Specialized gonadal neoplasms	
546679566	Mesothelial neoplasms	
79274524	Myxomatous neoplasms	
1716858530	Mesonephromas	
1260174985	Miscellaneous tumours	
726115988	Mucoepidermoid neoplasms	
854107677	Miscellaneous bone tumours	
358536454	Synovial-like neoplasms	
1024952760	Chronic myeloproliferative disorders	
108819171	Nevi and melanomas	
2128446983	Neoplasms, NOS	
1219462764	Soft tissue tumours and sarcomas, NOS	
2049079851	Myomatous neoplasms	
2022905621	Nerve sheath tumours	
410618845	Odontogenic tumours	
1891884932	Hodgkin and non-Hodgkin lymphomas	
1550841006	Paragangliomas and glomus tumours	
2065413738	Leukaemias	
1083553185	Thymic epithelial neoplasms	
2108039829	Transitional cell papillomas and carcinomas	
1308280814	Osseous and chondromatous neoplasms	
1826383387	Other haematologic disorders	
1965497047	Myelodysplastic syndromes	
1488076383	Immunoproliferative diseases	
428602671	Trophoblastic neoplasms	
732271914	Plasma cell tumours	
1792010545	Mast cell tumours	
1295816090	Histopathology by behaviour	
496794681	Neoplasms of histiocytes and accessory lymphoid cells	
31690185	Joint involvement in fracture	
1846961966	Dimensions of Burns	
1698596380	Open fracture or closed fracture	
576712805	Fracture types	
1465681947	Activity when injured	
571191390	Aspects of sports injury events	
1465428633	Aspects of occupational injury events	
1847862619	Alcohol use in injury event	
1564873651	Aspects of transport injury events	
1092879018	Types of superficial injuries	
1923949781	Aspects of assault and maltreatment	
1648962279	Findings of investigations related to devices	
64892918	Aspects of armed conflict	
2030846363	Psychoactive drug use in injury event	
368291343	Aspects of intentional self-harm events	
816331286	Cause investigation and type of investigation	
455455236	Investigation conclusion of events related to devices	
1502396257	Aspects of incidents related to devices	
847623771	Additional aspects of mechanism	
167726698	Type of legal intervention	
1241761605	Aspects of place of injury occurrence	
2007913667	Status of cause of death	
760752670	Status of intent of death	
1433065969	Medical device component	
675177168	Glasgow Coma Scale Eye opening score	
769489725	Pupil reaction score	
212709569	Glasgow Coma Scale Motor score	
632148635	Objects, living things or substances involved in causing injury	
487286823	Glasgow Coma Scale Verbal score	
1318021776	Diagnosis timing in relation to admission	
706313621	Devices for administration, collecting and picking	
206915863	Diagnosis timing in relation to surgical procedure	
1526228230	Diagnosis certainty	
22660186	Obstetrical diagnosis timing	
627245602	Active-implantable devices	
506409014	Dental, ophthalmologic and ear, nose and throat devices	
270962358	Devices for generic and specialistic medication	
1706641449	Gastrointestinal devices	
1426346301	Reusable surgical instruments	
1103373305	In vitro diagnostic devices	
891823185	Dialysis devices	
1144829561	Implantable prosthetic devices and osteosynthesis devices	
1518218888	Cardiocirculatory devices	
832794852	Medical devices, urogenital apparatus	
467117494	Protection devices and incontinence aids	
878437732	Respiratory and anaesthesia devices	
1806759593	Medical devices - various	
987454771	Discharge diagnosis types	
1838822834	Medical equipment and related accessories and materials	
1879768026	Disinfectants, antiseptics and proteolytics for medical devices	
421060964	Encounter descriptors	
1069182691	Biological sex	
2138080365	Endotherapy and electrosurgical devices	
1903770349	Sterilization devices	
7186629	Hematology and hemotransfusion devices	
253220720	Suture devices	
1904105685	Diagnosis method of confirmation	
1850237737	Devices for nervous and medullary systems	
1223079449	Condition of the fetus and newborn reported in the context of the mother	XX2QG9
82246768	Supports or technical aids for disabled persons	
1112021953	Morphology	
1991139272	Allergens	
1170065830	Medicaments	XM6S30
332114775	Substances, chiefly nonmedicinal	XM9N55
975700255	Laterality for skin diseases	
1047556017	Mild Moderate Severe Scale Value for skin diseases	
705126457	Course of the Condition for Skin Diseases	
10608722	Supratentorial	XK18
1048408993	Congenital	XB8M
419966725	Cranial	XK2K
1250515263	Infratentorial	XK0P
4953745	Iatrogenic	XB8D
1674014893	Nosocomial	XB25
1251606506	Brachial	XK62
524818626	Familial	XB1Y
1646966126	Caudal	XK07
29997720	Life-style	XB5W
459275392	Ageing-related	XT9T
894194405	Idiopathic	XB5F
339929010	Community acquired	XB22
655959100	Environmental	XB4Q
56475710	Occupational relevance	
1888928982	Genetic	XB4S
1036139204	Post traumatic	XB2G
627678743	Bilateral	XK9J
2104221497	Travel-related	XB7L
276868235	Aetiology not known after full investigation	XB3D
271422288	Left	XK8G
1038788978	Unilateral, unspecified	XK70
876572005	Right	XK9K
1208497819	Virus	XN3BH
674202049	Parasites	XN9S1
1373176927	Consolidated distribution	XK6P
1957947885	Complete distribution	XK2J
83217129	Bacteria	XN74M
1486017780	Disseminated distribution	XK5A
639340529	Focal distribution	XK37
1184377859	Fungi	XN8AY
1479602347	Generalised distribution	XK63
1265853763	Diffuse distribution	XK31
1063008297	Other Pathogens	
167867186	Incomplete distribution	XK06
108658876	Localised distribution	XK9A
1637247929	Intertriginous distribution	XK0V
1867832345	Linear distribution	XK5F
1294462156	Distal	XK6C
820615985	Internal	XK49
548698273	Inferior	XK4H
239911955	Ipsilateral	XK3Z
687243922	Proximal	XK6J
867680965	Height/length	XK8D
1470045894	Contralateral	XK3Y
423444880	Deep	XK16
1013312453	Superficial	XK7F
1928353529	Lateral	XK09
266097191	Systematised distribution	XK7Z
1190123007	Anterior	XK7V
1516145872	Superior	XK5N
1172656077	Ventral	XK4M
487792839	Dorsal	XK87
648538052	Posterior	XK8L
1145558243	Medial	XK9H
704366208	Segmental distribution	XK36
2036167265	External	XK2H
56742367	Weight	XK35
1757939162	Volumetric	XK30
1263546640	Tumour spread simplified Scale Value	
591767327	Histological Grading Scale Value	
115334960	Sepsis Severity Scale Value	
209402542	Chronic Obstructive Lung Disease Criteria: GOLD 1-4	
424228508	Vocal Cord Paralysis Severity Scale Value	
582121924	Peripheral arterial disease (PAD) Severity Classification by Fontaine	
1989267165	NYHA Functional Classification: Class I-IV	
2122233748	Tumour spread staging Scale Value	
331649528	Endometriosis Severity Scale Value	
468940004	Peripheral arterial disease (PAD) Severity Classification by Rutherford	
732329079	Pain Severity Scale Value	
1569484362	Coronary atherosclerosis Severity Scale Value	
914819428	Presence of psychosocial factors Scale Value	
1451583031	Adult Nutritional Status Scale Value	
393595317	Anaphylaxis Severity Scale Value	
1387195885	Clinical Severity Scale Value: Stage 1-2-3-4	
930431064	Clinical Severity Scale Value: Stage 1-2-2a-2b-3-4	
1726150948	Mild Moderate Severe Scale Value	
681697550	Basic 3-Value Severity Scale Value: Mild-Moderate-Severe	
1301318821	Clinical Staging Scale Value	
785802584	Grading Scale Value	
204410755	Problem Scale Value	
2061264259	Other severity scale value	
379428326	Phase Scale Value	
2082570273	Course	
361933667	Onset	
69890123	Pattern, Activity, or Clinical Status	
230631349	Postpartum	XT4Z
1043777387	Child under 5	XT4X
890125345	Antenatal - WHO Standard	XT77
1088785230	Child over 5	XT50
1588782340	Infancy	XT2C
1352518340	Neonatal	XT16
955790	Puerperium	XT1G
714822826	Pregnancy	XT0S
914150644	Perinatal	XT3N
184470439	Young Adult	XT15
275453639	Adolescent	XT7M
736094768	Duration of pregnancy 14-19 completed weeks	XT65
1318332346	Duration of pregnancy 20-25 completed weeks	XT0T
1276541597	Late Geriatric	XT13
1601354449	Duration of pregnancy 5-13 completed weeks	XT09
1479637436	Duration of pregnancy 34-36 completed weeks	XT84
1031451694	Duration of pregnancy 26-33 completed weeks	XT4J
1498811339	Duration of pregnancy more than 36 completed weeks	XT6G
1375026183	Unspecified duration of pregnancy	XT6K
976844613	Duration of pregnancy less than 5 completed weeks	XT3X
1733780743	Early Geriatric	XT19
963352150	Adult	XT6S
1810600222	Extremities	XA6AS2
223243926	Head and neck	XA1RS6
947150833	Trunk	XA3FR3
340179422	Nervous system	
538706260	Body Cavities	
1803734370	Genitourinary system	
409827719	Endocrine system	
2079332103	Circulatory system	
2108966855	Digestive system	
256187719	Haematopoietic system	
1474896355	Body Tissues	
40907641	Musculoskeletal system	
57597214	Respiratory system	
1910628372	Body Organ	
1144883259	Walls in the Body	
910012423	Immune system	
583069829	Auditory system	
358111161	Visual system	
555078855	Integumentary system	
832827884	Acinar cell neoplasms- ICD-O3 view	
1070594248	Fibroepithelial neoplasms, malignant	
893926364	Complex epithelial neoplasms, benign	
978715456	Acinar cell neoplasms, malignant	
1370766919	Epithelial neoplasms, in situ	
1539429581	Complex epithelial neoplasms- ICD-O3 view	
376713632	Basal cell neoplasms, in situ	
1865228315	Basal cell neoplasms- ICD-O3 view	
1032412464	Basal cell neoplasms, malignant	
765869078	Basal cell neoplasms, uncertain whether benign or malignant	
676729547	Epithelial neoplasms, benign	
489842668	Basal cell neoplasms, benign	
578715217	Fibroepithelial neoplasms- ICD-O3 view	
948063053	Acinar cell neoplasms, benign	
712382701	Acinar cell neoplasms, in situ	
285653930	Fibroepithelial neoplasms, uncertain whether benign or malignant	
666616915	Fibromatous neoplasms, uncertain whether benign or malignant	
436781428	Complex epithelial neoplasms, malignant	
2033599569	Epithelial neoplasms, malignant	
813068374	Fibroepithelial neoplasms, benign	
1208997373	Adnexal and skin appendage neoplasms, uncertain whether benign or malignant	
2076240663	Epithelial neoplasms, uncertain whether benign or malignant	
2067562277	Cystic, mucinous and serous neoplasms, malignant	
1289308621	Adnexal and skin appendage neoplasms, benign	
1745431346	Adnexal and skin appendage neoplasms- ICD-O3 view	
1855002887	Acinar cell neoplasms, uncertain whether benign or malignant	
2018328604	Cystic, mucinous and serous neoplasms- ICD-O3 view	
1878226710	Fibromatous neoplasms, in situ	
136153868	Adnexal and skin appendage neoplasms, in situ	
243989336	Cystic, mucinous and serous neoplasms, benign	
1324810543	Ductal and lobular neoplasms, in situ	
522986416	Cystic, mucinous and serous neoplasms, in situ	
298887326	Ductal and lobular neoplasms, uncertain whether benign or malignant	
272022276	Fibromatous neoplasms- ICD-O3 view	
501248037	Fibromatous neoplasms, benign	
1150266849	Epithelial neoplasms, NOS ICD-O3 view	
405907275	Fibromatous neoplasms, malignant	
653305704	Adenomas, benign	
1528886665	Cystic, mucinous and serous neoplasms, uncertain whether benign or malignant	
71421198	Ductal and lobular neoplasms- ICD-O3 view	
1323861679	Giant cell tumours, uncertain whether benign or malignant	
46039999	Complex mixed and stromal neoplasms- ICD-O3 view	
250320176	Complex mixed and stromal neoplasms, uncertain whether benign or malignant	
33540540	Ductal and lobular neoplasms, malignant	
1114507629	Adenomas and adenocarcinomas, uncertain whether benign or malignant	
941774610	Meningiomas, benign	
976077838	Ductal and lobular neoplasms, benign	
224576773	Giant cell tumours, malignant	
1217175794	Giant cell tumours, benign	
818301522	Giant cell tumours- ICD-O3 view	
948797042	Adnexal and skin appendage neoplasms, malignant	
2063258813	Adenomas and adenocarcinomas- ICD-O3 view	
1936976727	Adenocarcinomas, malignant	
1212072765	Granular cell tumours and alveolar soft part sarcomas, malignant	
1079495673	Granular cell tumours and alveolar soft part sarcomas- ICD-O3 view	
237449042	Complex mixed and stromal neoplasms, malignant	
1132301298	Germ cell neoplasms, uncertain whether benign or malignant	
1009623779	Lymphatic vessel tumours, uncertain whether benign or malignant	
992455792	Lymphatic vessel tumours- ICD-O3 view	
2142372543	Germ cell neoplasms, benign	
41542502	Meningiomas, malignant	
1245588182	Gliomas, in situ	
2008137384	Blood vessel tumours, malignant	
1903182091	Blood vessel tumours- ICD-O3 view	
2092277770	Blood vessel tumours, uncertain whether benign or malignant	
710558848	Germ cell neoplasms, in situ	
2080883653	Neuroepitheliomatous neoplasms, benign	
1590381103	Gliomas, malignant	
544232350	Germ cell neoplasms, malignant	
1647432031	Meningiomas, uncertain whether benign or malignant	
518895336	Complex mixed and stromal neoplasms, benign	
1606458526	Complex mixed and stromal neoplasms, in situ	
756046628	Neuroepitheliomatous neoplasms, uncertain whether benign or malignant	
1369053457	Neuroepitheliomatous neoplasms- ICD-O3 view	
1395468571	Adenocarcinomas in situ	
1270230469	Meningiomas- ICD-O3 view	
464248136	Gliomas, uncertain whether benign or malignant	
595063081	Blood vessel tumours, benign	
776593826	Gliomas, benign	
768160485	Lymphatic vessel tumours, malignant	
1291925096	Germ cell neoplasms- ICD-O3 view	
1799887027	Lipomatous neoplasms, benign	
201343091	Lipomatous neoplasms- ICD-O3 view	
1015681683	Lymphatic vessel tumours, benign	
1028480019	Squamous cell neoplasms, benign	
1908726621	Gliomas- ICD-O3 view	
1591650777	Granular cell tumours and alveolar soft part sarcomas, benign	
567496618	Lipomatous neoplasms, uncertain whether benign or malignant	
1926367751	Neuroepitheliomatous neoplasms, malignant	
993247490	Lipomatous neoplasms, malignant	
763872677	Squamous cell neoplasms, malignant	
682879579	Squamous cell neoplasms, in situ	
509596969	Squamous cell neoplasms, uncertain whether benign or malignant	
1500682686	Specialized gonadal neoplasms, uncertain whether benign or malignant	
1855788553	Squamous cell neoplasms- ICD-O3 view	
351332878	Specialized gonadal neoplasms- ICD-O3 view	
1428769545	Specialized gonadal neoplasms, benign	
368259401	Mesonephromas, benign	
1519436699	Specialized gonadal neoplasms, malignant	
7133488	Mesothelial neoplasms, malignant	
1482093690	Mesonephromas, uncertain whether benign or malignant	
1950026135	Myxomatous neoplasms, malignant	
561315800	Myxomatous neoplasms, benign	
1751899094	Mesothelial neoplasms- ICD-O3 view	
160584039	Mesothelial neoplasms, uncertain whether benign or malignant	
1846860377	Mesothelial neoplasms, benign	
126336822	Mesonephromas, malignant	
1995092994	Myxomatous neoplasms- ICD-O3 view	
99142858	Mesonephromas- ICD-O3 view	
1810222261	Miscellaneous tumours, benign	
467973786	Miscellaneous tumours- ICD-O3 view	
398260915	Mucoepidermoid neoplasms- ICD-O3 view	
1170831179	Miscellaneous tumours, malignant	
29729140	Miscellaneous tumours, uncertain whether benign or malignant	
197055658	Mucoepidermoid neoplasms, malignant	
55768151	Miscellaneous bone tumours, benign	
1702612731	Synovial-like neoplasms, uncertain whether benign or malignant	
851774246	Chronic myeloproliferative disorders, malignant	
727519198	Synovial-like neoplasms, malignant	
675242819	Synovial-like neoplasms- ICD-O3 view	
638504496	Mucoepidermoid neoplasms, uncertain whether benign or malignant	
1541573585	Chronic myeloproliferative disorders- ICD-O3 view	
79316224	Synovial-like neoplasms, benign	
447913732	Miscellaneous bone tumours- ICD-O3 view	
646250719	Nevi and melanomas, malignant	
1215417393	8000/9	
1287101757	8000/1	
2103397035	8003/3	
1741999631	8001/3	
1921894455	8002/3	
1815423027	8001/0	
833832274	Nevi and melanomas- ICD-O3 view	
694956168	8000/3	
62870952	8000/0	
1750529110	Soft tissue tumours and sarcomas, NOS, benign	
1936686073	8004/3	
1892031585	Soft tissue tumours and sarcomas, NOS, uncertain whether benign or malignant	
975791198	Soft tissue tumours and sarcomas, NOS- ICD-O3 view	
43213057	Soft tissue tumours and sarcomas, NOS, malignant	
729262636	Myomatous neoplasms, malignant	
303158305	Miscellaneous bone tumours, malignant	
321221851	Nevi and melanomas, benign	
2105606384	Nevi and melanomas, uncertain whether benign or malignant	
1494848434	Nevi and melanomas, in situ	
926511475	Odontogenic tumours, malignant	
754116842	Nerve sheath tumours, uncertain whether benign or malignant	
1761288272	Odontogenic tumours, benign	
795527982	Odontogenic tumours- ICD-O3 view	
1483367721	Nerve sheath tumours, benign	
608671598	Nerve sheath tumours- ICD-O3 view	
1501760580	Myomatous neoplasms- ICD-O3 view	
1489884505	Nerve sheath tumours, malignant	
168912186	Odontogenic tumours, uncertain whether benign or malignant	
1639601369	Hodgkin lymphoma	
1524303895	Myomatous neoplasms, benign	
1336689678	Malignant lymphomas, NOS or diffuse	
125371558	8000/6	
2022612421	8005/3	
685508250	8001/1	
702116061	Paragangliomas and glomus tumours, uncertain whether benign or malignant	
2090239636	Paragangliomas and glomus tumours, malignant	
1557412545	leukaemias, NOS, malignant	
1530173669	Paragangliomas and glomus tumours- ICD-O3 view	
246896818	Non-Hodgkin lymphomas	
1406565436	Paragangliomas and glomus tumours, benign	
2063140260	Lymphoid leukaemias	
1959343352	leukaemias, NOS	
1682040224	Other leukaemias, malignant	
1029961628	Lymphoid leukaemias, malignant	
1897456538	Other leukaemias	
2142365093	Myomatous neoplasms, uncertain whether benign or malignant	
931550544	8005/0	
1041246989	Myeloid leukaemias	
877536564	Thymic epithelial neoplasms, uncertain whether benign or malignant	
1314390148	Myeloid leukaemias, uncertain whether benign or malignant	
797046682	Thymic epithelial neoplasms, benign	
367957638	Transitional cell papillomas and carcinomas- ICD-O3 view	
84990552	Thymic epithelial neoplasms, malignant	
1535830689	Myeloid leukaemias, malignant	
1014703044	Transitional cell papillomas and carcinomas, uncertain whether benign or malignant	
1276932319	Transitional cell papillomas and carcinomas, malignant	
1566527657	Transitional cell papillomas and carcinomas, benign	
1902710619	Thymic epithelial neoplasms- ICD-O3 view	
398128844	Immunoproliferative diseases, malignant	
1022481825	Osseous and chondromatous neoplasms, uncertain whether benign or malignant	
1905680001	Immunoproliferative diseases- ICD-O3 view	
1244446243	Osseous and chondromatous neoplasms- ICD-O3 view	
908728518	Other haematologic disorders, uncertain whether benign or malignant	
1073612076	Myelodysplastic syndromes, malignant	
1072879428	Other haematologic disorders- ICD-O3 view	
1472067896	Osseous and chondromatous neoplasms, benign	
1408349555	Other haematologic disorders, malignant	
1544461014	Trophoblastic neoplasms, malignant	
872288970	Immunoproliferative diseases, uncertain whether benign or malignant	
1629317325	Trophoblastic neoplasms- ICD-O3 view	
298565381	Myelodysplastic syndromes- ICD-O3 view	
941540931	Trophoblastic neoplasms, uncertain whether benign or malignant	
1759671584	9731/3	
602786424	Transitional cell papillomas and carcinomas, in situ	
142583829	Osseous and chondromatous neoplasms, malignant	
2114952181	Plasmacytoma, NOS	XH4BL1
1668830224	9737/3	
1833461060	9735/3	
1985647900	9734/3	
1582389689	Plasma cell myeloma	XH4XA9
1063643120	Plasmacytoma, extramedullary	XH0N40
1354571689	Plasma cell leukaemia	XH7GC9
197059809	Trophoblastic neoplasms, benign	
2047176839	ALK positive large B-cell lymphoma	XH1EB9
738941879	9732/3	
1855883415	Mast cell tumours- ICD-O3 view	
1164634895	Plasmablastic lymphoma	XH6YR5
663845561	9738/3	
1661178658	9733/3	
332451083	Uncertain whether benign or malignant tumours	
501725963	Neoplasms of histiocytes and accessory lymphoid cells, uncertain whether benign or malignant	
1933871220	Tumours in situ	
1770652518	Mast cell tumours, uncertain whether benign or malignant	
1251027837	Mast cell tumours, malignant	
788644130	Neoplasms of histiocytes and accessory lymphoid cells- ICD-O3 view	
932456713	Benign tumours	
1605092722	Burns classified according to extent of body surface involved	
926128505	Malignant tumours	
406219877	Neoplasms of histiocytes and accessory lymphoid cells, malignant	
1581356165	Large B-cell lymphoma arising in HHV8-associated multicentric Castleman disease	XH5HJ5
2146781637	Extent of body surface with full thickness or deep full thickness burn	
139103082	Outcome of deep full thickness or complex burn	
1387112294	Closed fracture	XJ44E
1882092801	Open fracture	XJ7YM
533107744	Fracture does not extend into joint	XJ5VJ
676705630	Fracture extends into joint	XJ5GS
2006159364	Comminuted fracture	XJ1Z6
870613257	Fissured fracture	XJ5N9
1856452751	Burst fracture	XJ7ZH
56999138	Compression fracture	XJ778
1210711974	Displaced fracture	XJ8PQ
39276591	Dislocated fracture	XJ69V
302675287	Depressed fracture	XJ9UB
1126329182	Avulsion fracture	XJ36W
1451058270	Elevated fracture	XJ0QE
1941319848	Bucket handle or corner fracture	XJ2EL
1227306904	Greenstick fracture	XJ45W
750703299	Impacted fracture	XJ7AT
25495220	Infected fracture	XJ4PE
1225495470	Buckle fracture	XJ76E
1274784063	Missile fracture	XJ4CX
801921263	Physeal fracture	XJ3HH
293807484	Fracture with foreign body	XJ8QL
804640573	Transverse fracture	XJ5V7
517952894	Puncture fracture	XJ64N
1520378894	Wedge fracture	XJ6NA
898974882	Slipped epiphysis fracture	XJ9XQ
2071638841	Paid work	XE545
1107435129	Unpaid work	XE8VF
1428847289	Educational activity	XE729
1331098173	Simple fracture	XJ909
1582350237	Type of sport or exercise activity	
1343005175	Spiral fracture	XJ967
1157346122	Osteochondral fracture	XJ4FU
821249273	Sports, recreation or leisure activity	
160164281	Being taken care of	
718215016	Linear fracture	XJ392
1801367926	Longitudinal fracture	XJ6RL
366561373	Environmental countermeasures in sport or exercise	
1484941503	Alcohol use, suspicion or evidence of alcohol use by the injured person	XE1G3
1993515327	Alcohol use, no information available	XE47R
1336544383	Alcohol use, no suspicion or evidence of alcohol use by any person involved in the injury event	XE08X
1879078429	Personal countermeasures in sport or exercise	
1730679517	Phase of sport or exercise activity	
1295519033	Occupation	
1950392441	Economic activity	
712192575	Alcohol use, suspicion or evidence of alcohol use by both the injured person and other persons involved in the injury event	XE3JF
1029396223	Alcohol use, suspicion or evidence of alcohol use by other persons involved in the injury event	XE15H
1306914119	Blister, nonthermal	XJ8JK
1442982067	External constriction	XJ4D1
1704055292	Insect bite, nonvenomous	XJ69A
1463612101	Counterpart in land transport crash	
594925588	Other mechanisms of transport injury without counterpart	
1115077034	Perpetrator-victim relationship	
2037136197	Mode of transport of person injured in transport event	
814211882	Context of assault and maltreatment	
377475788	Abrasion	XJ652
1124176890	Superficial haematoma	XJ1C6
2111816531	Biological problem with device identified	XE0WX
1022628020	Electromagnetic compatibility problem with device identified	XE6AQ
1297658511	Labeling and instructions for use or maintenance of device problem identified	XE1YT
412726880	Clinical imaging problem with device identified	XE05W
1644725533	Patient sample problem with device identified	XE2YD
665815018	Gender of perpetrator	
1723142947	Operational problem with device identified	XE82X
2010469183	Superficial foreign body	XJ06K
476047186	Protective system problem with device identified	XE5HU
1400794409	Transport or storage problem with device identified	XE9VK
118448108	Material or chemical problem with device identified	XE3RW
542954593	Appropriate term or code for investigation of device not available	XE3WR
1191797409	Maintenance problem with device identified	XE6LZ
599690820	Results pending completion of investigation	XE3PA
679681850	Interoperability problem with device identified	XE02N
1181033457	No findings available	XE587
1464358166	Psychoactive drug use, no suspicion or evidence of psychoactive drug use by any person involved in the injury event	XE5TU
699071140	Role of injured person in armed conflict	
2040998541	Contusion	XJ9NV
226687112	Mechanical problem with device identified	XE640
303305012	Optical problem with device identified	XE4KN
1470830083	Electrical problem with device identified	XE4CB
697604442	No device problem found	XE41R
758760028	Software problem with device identified	XE6TE
517417642	Type of armed conflict	
848390998	Psychoactive drug use, suspicion or evidence of psychoactive drug use by both the injured person and other persons involved in the injury event	XE28E
1848703062	Psychoactive drug use, no information available	XE43G
1080046038	Psychoactive drug use, suspicion or evidence of psychoactive drug use by the injured person	XE5VY
1075090949	Vehicle user role of person injured in transport event	
632885142	Psychoactive drug use, suspicion or evidence of psychoactive drug use by other persons involved in the injury event	XE8GW
171914268	Testing of device from same lot batch returned from user	XE4S0
1432280426	Previous non-fatal intentional self harm	
1814458410	Proximal risk-factors for intentional self-harm	
165878268	Environment problem with device identified	XE3AL
224300996	Manufacturing process problem with device identified	XE205
1796949879	Testing of device from other lot or batch returned from user	XE4X1
1754695847	Intention to die aspect of self-harm	
1895596675	Testing of actual or suspected device	XE9HD
1851043771	Testing of raw or starting materials	XE8XV
1315006457	Historical data analysis	XE8UH
411992947	Analysis of data provided by user or third party	XE59M
1601225299	Testing of device from other lot batch retained by manufacturer	XE2ZR
269680842	Testing of device from same lot or batch retained by manufacturer	XE7XH
1886547997	Testing of model variant	XE1XT
669063419	Analysis of production records	XE4KV
2119339123	Trend analysis	XE8BM
264005294	Testing of patient sample or reference material using competitor's device	XE89L
762101655	Communication or interviews	XE7GK
613265472	Testing of patient sample or reference material using manufacturer's device	XE6FS
191560350	Testing of patient sample or reference material using reference method	XE9MY
1119111122	Device not returned	XE970
1222383662	Incomplete device returned	XE5AN
1735989778	Device discarded	XE18W
672848009	Device not manufactured by reporting manufacturer	XE8FB
234801061	Device not accessible for testing	XE53L
1718558044	Cause traced to environment	XE1WV
1508179816	Insufficient information available	XE3TW
1574665812	Cause traced to component failure	XE7NC
657558053	Cause traced to device design	XE1UR
1938827834	Type of investigation not yet determined	XE6Q2
1397555062	Cause traced to infrastructure	XE7NN
1940807163	Thermal problem with device identified	XE8XM
1728273418	Cause traced to labeling	XE674
47772095	Cause cannot be traced to device	XE5BM
112791747	Known inherent risk of device	XE0QB
150136483	Cause traced to training	XE5UX
204781487	Cause traced to user	XE6LX
422574455	Falsified device	XE8UG
329408027	No problem with device detected	XE51D
2095270992	Computer software problem	XE85E
1777861256	Output problem	XE28Y
1247332916	Manufacturing, packaging or shipping problem	XE7Q8
423158245	Connection problem	XE3UR
1379735468	Cause of problem with device not established	XE2SY
320009977	Temperature problem	XE586
2106526978	Calibration problem	XE55U
1782857886	Material integrity problem	XE4LP
1691599292	Electrical or electronic property problem	XE16C
1562211636	Compatibility problem	XE452
95812151	Mechanical problem	XE2GF
841663741	Cause traced to manufacturing	XE2TX
161051229	Infusion or flow problem	XE7NV
409664201	Conclusion not yet available regarding problem with device	XE0T3
279885039	Chemical problem	XE52X
1914180306	Cause traced to maintenance	XE5AS
1475438922	Cause traced to transport or storage	XE18E
1617844100	Optical problem	XE941
402515227	Environmental compatibility problem	XE6K5
1830228332	Installation related problem	XE2H3
1732052598	Human-device interface problem	XE5DG
478297221	Protective measures problem	XE1XC
2027024634	Exposure to other mechanism	
2098279076	Use of device problem	XE0AG
1511324284	Exposure to fall	XE3Y8
864114369	Exposure to or harmful effects of substances	XE3SH
1231993907	Exposure to threat to breathing	XE8NX
1745517692	No apparent adverse event	XE3DN
1392580621	Patient device interaction problem	XE4HK
922767790	Exposure to object, not elsewhere classified	XE214
51696945	Communication or transmission problem	XE0JD
262026529	Exposure to thermal mechanism	XE6JM
1723855209	Cause of death as stated on the medical certificate of cause of death	XE47T
2141977131	Type of legal intervention, civil disorder	XE1DD
1753456363	Type of legal intervention, handling, transporting, or custody of prisoner	XE0RZ
1081404635	Type of place	
224043179	Response to a disturbance call	XE8Z9
443729003	Type of legal intervention, ambush situation	XE8M2
874647019	Potential arrest situation	XE52B
273155706	Biological and chemical medical device component	
1940176817	Cause of death as found by legal authority	XE3N1
1405350447	Intent imputed because not recorded on the medical certificate of cause of death	XE12P
1284074713	Unknown status of cause of death	XE19B
309721462	Intent as stated on the medical certificate of cause of death	XE54S
739585402	Electrical and magnetic medical device component	
936619706	Intent as found by legal authority	XE4NE
1029573078	Intent as stated on the medical certificate of cause of death under legal inquiry	XE455
1815238149	Cause of death as stated on the medical certificate of cause of death under legal inquiry	XE57B
1851145654	Exposure to injurious transport event	XE72E
370121705	Activation, positioning or separation problem	XE4GH
1786773723	Part of place	
2032736477	Cause of death imputed from injury because not recorded on the medical certificate of cause of death	XE2K1
2006750672	Adverse event without identified device or use problem	XE3GL
59435667	Contamination or decontamination problem	XE4XW
1653070616	Appropriate term or code not available for aspects of incidents related to devices	XE1W0
1294344097	Exposure to person, animal or plant	XE4U1
48671683	Labelling, instructions for use or training problem	XE3J4
743500056	Exposure to immersion, submersion or falling into water	XE64Q
860536151	Optical medical device component	
1492564719	Other component of medical device	
562646632	Safety medical device component	
1401559410	One or both eyes opening to verbal stimulation	XC5L
1720573192	One or both eyes are opening spontaneously	XC3W
1488767299	One or both eyes opening to pressure stimulation	XC3H
1170477290	Eyes opening non testable	XC2N
1840975159	No eye opening even with pressure stimulation	XC87
2083461966	No motion even with pressure stimulation	XC34
264258686	Mechanical medical device component	
1448857116	Obeys commands	XC4L
1183930282	Abnormal flexion response to pressure stimulation	XC8W
2136153828	Motor score non testable	XC3S
1498305859	Unknown status of intent	XE2BK
1214579696	Measurement medical device component	
1375417259	Type of legal intervention, execution of a legal sentence	XE7AT
864052137	Data not available	XC85
1276965062	Neither pupil reacts	XC5Y
1666976362	Localising response to pressure stimulation	XC6J
109553629	Both pupils react	XC5K
2031826100	One pupil reacts	XC16
1939248096	Normal flexion response to pressure stimulation	XC8Q
128560749	Extension response to pressure stimulation	XC8H
254646600	Aircraft or means of air transport	
1794418440	Watercraft or means of water transport	
1664324249	Weapon	
116042969	Ground surface or surface conformation	
1410221427	Law enforcement equipment	XE4QT
1947989593	Person, animal, plant or fungus	
355521464	Utensil or container	
1151626888	Land vehicle or means of land transport	
403045768	Furniture or furnishing	XE5HA
911553544	Appliance mainly used in household	XE14C
2111620040	Mobile machinery or special purpose vehicle	
561860808	Infant or child product	XE8RW
683304281	Fire, flame or smoke causing injury	XE3NR
2053016819	Camping equipment	XE63M
145741427	Explosive material or flammable object, not elsewhere classified	XE3WL
486008359	Food, drink	
1836509235	Public use item	XE5TH
1066533273	Material, not elsewhere classified	
35174264	Item mainly for personal use	
1514880985	Tool, machine, apparatus mainly used for work-related activity	XE0P3
528986803	Fastening, binding, or securing item, not elsewhere classified	XE11D
1298357017	Equipment mainly used in sports or recreational activity	
1454547412	Certain other specified object or living thing involved in causing injury	XE908
297977881	Building, building component, or related fitting	
199197415	Hot object or substance, not elsewhere classified	XE63H
1811970668	Confused, disoriented speech	XC4Y
1673130746	Incomprehensible sounds to pressure stimulation	XC7U
394710859	Oriented, normal speech	XC2X
1493679646	Intelligible single words	XC4A
1455306380	No verbal output even with pressure stimulation	XC8U
1380607018	Medical or surgical device not in therapeutic use	XE6QS
445166423	Verbal score non testable	XC03
1284447316	Reagents for DNA and/or RNA extraction and preparation : bacteria and/or virus	XD1C76
503551892	Unspecified as to episode of care, or not applicable	XY9S
2015896330	C-REACTIVE PROTEIN	XD5GV0
1223621936	Coronavirus (diagnostic)	XD9N16
1130201474	Preoperative	XY9U
1638970223	Perioperative	XY6K
618058108	Postpartum condition or complication	XY9P
1394210280	Blood gas portable analysers	XD6EG0
1443137468	Intraoperative	XY9N
1581163131	Provisional diagnosis	XY7Z
1174584128	Other Virology - RT & POC	XD7M68
1313934541	Delivered with or without mention of antepartum condition	XY3K
774021157	Uncertain timing of onset relative to admission	XY85
1607376946	Dialysis lines	XD6F86
182265087	Postoperative	XY7V
1602665224	Dialysis filters	XD8V84
946742112	Dialysis sets	XD83M2
1431418585	Present on admission	XY6M
1800563713	Developed after admission	XY69
805727876	Delivered, with mention of postpartum condition	XY8Q
741481413	Urological catheters, self-retained	XD1ZP3
1288679379	Central venous catheters	XD7FF9
1483205780	Stethoscopes	XD4ZY0
1702009129	Airway guedel tubes	XD2M69
270656972	Endotracheal tubes, with cuff	XD37X2
987909590	Ventilation filters, antibacterial and antiviral, moisturizer	XD9AF0
277239226	Tracheolaryngostomy cannulas and kits, with cuff	XD2MG6
194291170	Humidifying systems, oxygen administration	XD76M0
992589232	Main condition	XY0Y
1717958304	Electronic thermometers and end caps	XD2AJ4
1615247063	Laryngeal masks	XD78N3
1523693791	Bipap/CPAP circuits	XD7EB1
1597628515	Respiratory suction, probes and systems	XD35D5
447496872	Endotracheal tubes, without cuff	XD0T92
278092438	Ultrasound Scanners	XD6EX8
560892778	Initial reason for encounter or admission	XY6E
1827164620	Clinical trays and bowls	XD97L1
426090766	Nasopharyngeal tubes	XD9246
738956311	Videolaryngoscopes	XD3JX1
76026680	Antepartum condition or complication	XY8U
646329211	Laryngoscopes	XD0U91
1838472608	Continuous positive airway pressure units (CPAP)	XD7EC8
2124327500	Dialysates	XD5C20
1923449958	Bulk steam sterilizing units	XD8DR8
1667935725	Naso-gastric tube	XD53A5
605120096	Transportable ventilators	XD60Z6
1975766763	Differential diagnosis	XY75
812018134	Intensive care ventilators	XD3SM4
1502892684	Samples transport containers - other	XD80L4
666433527	Transport media	XD9YL7
2102298924	Coronavirus-NA Reagents	XD9S44
35244869	Dialysis devices - various	XD8VC9
112665938	Pulse Oximeters	XD66D8
2125257289	Main resource condition	XY7B
2606596	Respiratory masks and balloons, single-use and reusable	XD5GF6
1524741217	Medical/medicinal gas systems and relative accessories	XD80Z7
1799393163	Oxygen Concentrators	XD6UU3
1250729383	Portable multi-parameter patient monitors	XD4KU3
1529373361	Infusion Pumps	XD8QY1
280385798	General purpose electrocardiographs	XD4U38
16562053	Biological sex not specified	XX2PX3
990378205	Female	XX2V25
1591498088	Male	XX2UQ8
175182057	Intersex	XX45B7
174019778	Surgical drapes	XD3LV8
80270816	Endotracheal tubes - accessories	XD3UM6
586375942	Initial encounter	XY18
679396458	Subsequent encounter	XY8S
249742078	Examination / treatment gloves, nitrile	XD3ZH8
1303501022	Standard surgical face masks	XD9LJ2
1506203480	Surgical gowns, standard	XD4E80
646401219	Diagnosis confirmed by culture	XY0K
288778990	Diagnosis confirmed by histology	XY9Q
1686171293	Diagnosis confirmed by laboratory examination	XY3B
162315363	Diagnosis confirmed by microscopy	XY19
1421018391	Diagnosis confirmed by genetics	XY8K
1095611231	Diagnosis confirmed by imaging	XY9R
554008934	Diagnosis confirmed by serology	XY0E
1497482390	High molecular weight allergens	
976029909	Low molecular weight haptens	
148971835	Low molecular weight photohaptens	
428256012	Drugs primarily affecting the autonomic nervous system	XM6CH2
373236638	Agents primarily affecting blood constituents or immune system	XM6WT8
16341703	Agents primarily affecting the gastrointestinal system	XM3MU3
1756699061	Agents affecting genitourinary system, sex or anabolic hormones	XM3KY1
33615934	Drugs used in addictive disorders	XM7YD4
808405469	Agents primarily acting on smooth and skeletal muscles or the respiratory system	XM1950
1853123588	Agents primarily affecting water and nutrition-balance or metabolism	XM4TG8
2043582775	Antipsychotics [neuroleptics]	XM0HK5
1416993969	Analgesics, antipyretics or anti-inflammatory drugs	XM7BA9
2121804732	Antiepileptics or antiparkinsonism drugs	XM7452
1870704429	Systemic antibiotics, anti-infectives or antiparasitics	XM5MU9
1960627774	Antidepressants	XM4G94
648146092	Antivertigo and motion sickness preparations	XM8014
534456613	Agents primarily affecting the cardiovascular system	XM3973
448177412	Opioids	XM9NV2
1891241424	Hormones and their synthetic substitutes or antagonists, not elsewhere classified	XM26S4
1076458680	Cannabinoids or hallucinogens	XM98Y0
1193684303	Agents affecting bones, joints or other connective tissue, not elsewhere classified	XM9W63
1732158747	Neuroprotective agents, not elsewhere classified	XM0QJ8
543245955	Sedative hypnotic drugs or other central nervous system depressants	XM3L75
1864983449	Psychostimulants	XM0RE9
511194385	Topical agents primarily affecting skin and mucous membrane and ophthalmological, otorhinolaryngological or dental drugs	XM0YW5
2017927415	Other or unspecified drugs, medicaments and biological substances	XM16M6
1195253264	Acrylamide	XM5LS4
389939341	Agrochemical	XM1SE1
1862208036	Animal toxin, venom, or poison	XM0NF6
664871802	Dichloroformoxine	XM4VA2
1827287154	Algal toxin	XM9TZ4
965319250	Mycotoxin	XM5490
1991751314	Alcohol	XM6U34
746007578	Cyanide	XM3HX8
698607095	Monosodium glutamate	XM34R5
976232433	Explosive chemical	XM95V3
1921951542	Fiberglass	XM8SN2
296427981	Corrosive substance	XM2K01
96118239	Paint or dye	XM4QP9
172311508	Halogen derivative of aliphatic and aromatic hydrocarbons	XM5UJ8
727830764	Ethylidene diacetate	XM14Q4
571578988	Inorganic substance	XM4JN8
745681561	Phthalate	XM5B21
1113109550	Amyl propionate	XM9RM0
1542540606	Carbon disulfide	XM7S46
1934990124	Naphthylamine	XM6PE4
2098110584	Toluidine	XM7FG4
1042761116	Organic solvent	XM48F6
1649716320	Triphenyl phosphate	XM90U0
718197645	Paratertiary butylphenol formaldehyde resin	XM7U05
1454474246	Silicone	XM9KE6
1977648359	Substance of human origin	XM6UT9
496690447	Vinyl bromide	XM6A87
1470497382	Triorthocresyl phosphate	XM5NA2
1448319348	Poisonous mushroom	XM74S8
115547993	Methyl acrylate	XM5H13
236844788	Chemicals used as process regulators	XM8AA8
681386363	Vinyl acetate	XM3FJ3
1562625296	Chemical compounds not elsewhere classified	XM56R6
460173860	Food additives not elsewhere classified	XM7EJ0
167980365	Varnish, not elsewhere classified	XM15W5
1135266526	Soldering fluid, not elsewhere classified	XM6F66
1743729319	Cleaning agent, not elsewhere classified	XM1MM9
431574163	Preservative nonmedicinal, not elsewhere classified	XM3DS3
1323532426	Substance eaten as food, nonbacterial, not elsewhere classified	XM2EE6
1756578469	Metal	XM3589
640888715	Adhesive, not elsewhere classified	XM06T5
1805108872	Gas, fumes or vapour	XM19R2
1582263723	Synthetic fragrances not elsewhere classified	XM40U3
717123218	Aromatic amine	XM4VX8
1408767977	Substance of plant origin	XM5R77
2108729162	Beta-naphthylamine	XM60L2
178447424	Soot, not elsewhere classified	XM6MC4
2038455670	Antiseptic, not elsewhere classified	XM6ZV1
682932429	House dust	XM76S9
1114883330	Organic compounds not elsewhere classified	XM36M0
630328761	Occupation as primary factor	XB17
1209596839	Hepatitis virus	XN41M
1375406603	Coronavirus	XN83D
90349191	Filovirus	XN6R5
626416374	Enterovirus	XN2P0
1429210584	Arbovirus	XN1BE
192700427	Bornavirus	XN5VM
2137289572	Not occupation-related	XB80
1500682559	Arenavirus	XN8AC
1454950754	Parvovirus	XN7X8
1071436385	Paramyxovirus	XN82V
1045785505	Orthopolyomavirus	XN8R7
824203597	Pneumovirus	XN8W9
439930189	Rubivirus	XN2F7
1387937261	Bunyavirus	XN7S5
871564532	Human papillomavirus	XN8JY
1341742944	Non-hereditary	XB7S
1418788600	Orthomyxovirus	XN5SG
1707521326	Occupation as cofactor	XB5G
646250592	Flavivirus	XN0AC
1359176056	Poxvirus	XN7UC
1550840879	Human herpesvirus	XN7V1
450704861	Lyssavirus	XN33B
1266244023	Vesiculovirus	XN6T9
884000671	Retrovirus	XN6FR
36915786	Lice or Mites	
1075681120	Adenovirus	XN000
1769719968	Linguatula serrata	XN9MA
1191270655	Helminths	
713413721	Polyomavirus	XN9WH
1917096226	Astrovirus	XN7R4
1886856003	Screwworm	XN8CT
1699643754	Togavirus	XN026
545685931	Rotavirus	XN6N7
744339798	Leech	XN2K0
180747195	Gram Negative Bacteria	XN5PZ
1302046997	Bacteria, neither Gram Negative nor Gram Positive	XN87X
2037990677	Coccidioides	XN7Q9
130801610	Chromomycosis	XN066
422672176	Candida	XN3CL
167505562	Chrysosporium	XN106
571840927	Reovirus	XN22T
1571238088	Porocephalidae	XN2GY
675782428	Tunga	XN6VS
777702149	Gram Positive Bacteria	XN2QM
1829653149	Basidiobolus	XN4XX
649794614	Conidiobolus	XN62A
816236373	Nairovirus	XN6U5
1175903901	Dermatophyte fungi	XN7WW
1388732773	Pneumocystidomycetes	XN5XK
1457276715	Microsporidia	XN9ZV
433360832	Histoplasma	XN9LU
222722214	Cryptococcus	XN69C
741782362	Blastomyces	XN08A
1226941585	Infestation by beetle	XN857
1818364877	Loboa	XN9ZX
1864884632	Sporothrix	XN200
653876440	Rhinosporidium	XN720
766764299	Fusarium	XN0X5
1512056302	Trichosporon	XN766
131924109	Alternaria alternata	XN16V
457584634	Stemphylium botryosum	XN4FM
1312010621	Mucor racemosus	XN79P
1551409833	Insect larva	XN00Z
596589512	Aspergillus	XN0WC
1638718347	Phoma	XN6EG
1339560953	Calicivirus	XN9RK
1620994314	Pythium	XN47C
293540546	Epicoccum purpurascens	XN7TH
292305128	Curvularia lunata	XN93N
1264588775	Sarocladium	XN4XH
1103426149	Exserohilum	XN0W9
98727119	Prototheca	XN42T
618620614	Cladosporium herbarum	XN8XY
594199384	Geotrichum	XN3AG
564564173	Prion	XN7AM
201554714	Vandellia cirrhosa	XN59U
789096057	Hereditary	XB7K
1639872620	Protozoa	
1499844537	Lacazia	XN3CM
1236227599	Hortaea	XN119
335452322	Pseudallescheria	XN3NS
152966666	Malassezia	XN43L
692114502	Piedraia	XN4YW
111648412	Mucor	XN1NU
474419248	Talaromyces	XN79A
1675330399	Paracoccidioides	XN7RH
885826145	B Local Disease	XS05
841991559	Grade IV	XS7M
2023608436	Grade I	XS56
2001687278	Grade II	XS58
1254401964	Mild sepsis	XS5E
697502435	Undetermined grade	XS7H
1863636238	A Remission / Free of disease	XS0J
624237829	Severe sepsis	XS65
1608509812	Septic shock	XS26
1866919550	GOLD 3 - severe: 30% ≤FEV1 <50% predicted	XS8K
1746207012	C Regional disease	XS9S
1869757790	Partial vocal cord paralysis	XS66
340998157	Complete vocal cord paralysis	XS7K
1256241586	Stage I: Asymptomatic, incomplete blood vessel obstruction	XS1Y
1232119755	NYHA Class II - Slight limitation of physical activity	XS6B
1900294086	Stage IV: Necrosis and/or gangrene of the limb	XS2J
537685513	NYHA Class III - Marked limitation of physical activity	XS9T
222322191	Grade III	XS7Z
1159428546	Stage III: Rest pain, mostly in the feet	XS9L
1349205270	GOLD 1 - mild: FEV1≥ 80% predicted	XS80
303697349	D Distant disease	XS4Z
178078665	GOLD 2 - moderate: 50% ≤FEV1 <80% predicted	XS7U
1314729870	Stage II: Mild claudication pain in limb	XS5L
1080893150	GOLD 4 - very severe: FEV1 <30% predicted	XS50
206731332	NYHA Class I - No limitation of physical activity	XS3A
1711249970	Incomplete vocal cord paralysis	XS1H
175684441	NYHA Class IV - Unable to carry on any physical activity without discomfort	XS9F
1409966790	Stage I	XS1G
238069351	Stage IV	XS9R
1174066407	Grade I Category 3: Severe claudication	XS51
519560591	No endometriosis	XS3V
896293199	Stage II	XS4P
1588637324	Stage 0	XS76
995199555	Dense endometriosis	XS55
93840292	Grade II Category 4: Ischaemic rest pain	XS8M
1094217460	Stage III	XS6H
2106647780	Multiple vessel disease	XS8U
836513071	Filmy endometriosis	XS5N
250100284	Grade 0 Category 1: Mild claudication	XS0Q
253379792	Grade III Category 5: Minor tissue loss - nonhealing ulcer, focal gangrene with diffuse pedal ischaemia	XS6U
2088714745	Obesity class II BMI 35.0–39.9 kg/m²	XS6N
430238798	Obesity class III BMI greater than or equal to 40 kg/m²	XS2B
683532877	Anaphylaxis grade 4	XS85
1946340941	Grade 0 Category 0: Asymptomatic -no hemodynamically significant occlusive disease	XS1T
539064658	Grade I Category 2: Moderate claudication	XS2W
1007332872	Psychosocial factors present	XS7G
575110050	Pain-related distress	
1854188542	Pain intensity	
1839152580	Anaphylaxis grade 3	XS2Y
1206642838	Anaphylaxis grade 2	XS59
316848642	Pre-obesity BMI 25.0–29.9 kg/m²	XS7R
483560274	Underweight BMI Below 18.5 kg/m²	XS11
1998406536	Single vessel disease	XS2V
35665470	Pain-related interference	
502820569	Anaphylaxis grade 1	XS09
1745374833	Obesity class I BMI 30.0–34.9 kg/m²	XS3Y
277654908	Grade III Category 6: Major tissue loss - extending above transmetatarsal (TM) level, functional foot no longer salvageable	XS0U
597444540	No psychosocial factors present	XS8B
375335998	Normal weight BMI 18.5–24.9 kg/m²	XS43
761934509	None	XS8H
562478860	Mild	XS5W
1741161420	Stage 3	XS00
403470196	Stage 8	XS0G
749644369	Stage 3a	XS3T
1663264387	Moderate	XS0T
742519820	Stage 6	XS88
45850237	Stage 2b	XS6D
1234750028	Stage 1	XS7A
1893754636	Stage 2	XS5S
34684300	Stage 4	XS6G
996774092	Stage 7	XS52
1671848646	Stage 3b	XS90
254022580	Stage 9	XS2C
1355303673	Profound	XS2R
1037477799	Stage 10	XS2X
356079948	Stage 5	XS9N
585456689	Stage 2a	XS4D
1246329047	Grade 1	XS6P
29396759	Grade 4	XS0K
797984407	Grade 6	XS9M
217424169	Grade 9	XS8J
467518953	Grade 8	XS7F
2070634176	Grade 10	XS57
1566645271	Grade 0	XS24
384363479	Grade 5	XS87
1679405399	Grade 3	XS6F
1475836142	0 No problem	XS5C
1478883956	1 Mild problem	XS6Y
573240979	2 Moderate problem	XS8T
956401945	4 Complete problem	XS91
491089179	3 Severe problem	XS9D
768685793	9 Not applicable	XS5P
1884406511	End stage	XS0X
1895199391	Advanced	XS8N
1236181981	Phase 1	XS3K
1744726621	Phase 3	XS8V
1870283023	Phase 10	XS47
996145501	Phase 7	XS73
353317085	Phase 5	XS8Z
252869155	Phase 9	XS83
36131869	Phase 4	XS21
1893076637	Phase 2	XS4M
746036637	Phase 6	XS41
1636216146	Phase 0	XS4A
1201187093	Severe	XS25
1932645783	Grade 2	XS31
951591511	Grade 7	XS5M
406462179	Phase 8	XS9Z
943864406	Acute-Subacute-Chronic Scale Value	
2001400513	Acute-Chronic Scale Value	
378801232	Early onset	XT2Q
1385443355	Rapid onset	XT3Z
1715724188	Delayed onset	XT64
481406822	Immediate onset	XT46
1393648567	Late onset	XT3R
1122666181	Intermittent-Persistent Scale Value	
898123661	Subclinical	XT1T
1512990933	Asymptomatic	XT3B
1772847694	Active	XT98
1030064818	Gradual onset	XT42
1224683669	Episodic	XT7X
1721353160	Recurrent	XT44
771466617	Prodromal	XT4M
1887850489	Relapse	XT4D
472249438	Cause of late effect	XT9C
1879455590	Antenatal - Aus. Standard	XT5L
1708804632	Antenatal - US Standard	XT9S
70373875	Middle Childhood	XT9V
974430144	Antenatal - Ger. Standard	XT04
1224448347	Early Neonatal	XT6P
1049736966	Duration of pregnancy 24-25 completed weeks	XT6N
1196887232	Duration of pregnancy 20-21 completed weeks	XT5N
916796903	Middle Adolescence	XT4T
1243932279	Duration of pregnancy 9-10 completed weeks	XT3H
1912007617	Duration of pregnancy 7-8 completed weeks	XT85
464339254	Duration of pregnancy 13 completed weeks	XT6W
1456954768	Duration of pregnancy 30-31 completed weeks	XT0U
779547140	Duration of pregnancy 11-12 completed weeks	XT72
492962619	Duration of pregnancy 28-29 completed weeks	XT0K
766775329	Duration of pregnancy 32-33 completed weeks	XT5K
327153702	Early Adolescence	XT7Q
1161515673	Antenatal - Can. Standard	XT5P
975748964	Duration of pregnancy 5-6 completed weeks	XT8Y
1907201269	Duration of pregnancy 37-38 completed weeks	XT53
684898819	Duration of pregnancy 41-42 completed weeks	XT2X
676103585	Duration of pregnancy 43 completed weeks	XT9K
1447649842	Duration of pregnancy 39-40 completed weeks	XT6J
1561723820	Duration of pregnancy 18-19 completed weeks	XT3J
652964281	Duration of pregnancy 14-15 completed weeks	XT1U
1834888978	Duration of pregnancy 16-17 completed weeks	XT2W
1173551797	Duration of pregnancy 22-23 completed weeks	XT9B
37188622	Late Neonatal	XT30
1106578677	Duration of pregnancy 35 completed weeks	XT1P
1826186577	Late Adolescence	XT9X
631707778	Duration of pregnancy 34 completed weeks	XT0J
1626262791	Duration of pregnancy 36 completed weeks	XT8K
971660615	Duration of pregnancy 26-27 completed weeks	XT3D
986233688	Upper extremity	XA4BA8
2093217246	Lower extremity	XA45A6
265477888	Skin of trunk	
17625777	Upper trunk	XA4QH7
1187030	Back	XA2P90
294531567	Anogenital region	XA8HA7
371496561	Lower trunk	XA6CY1
956558826	Neck	XA7AA6
591377318	Autonomic nervous system	XA7718
759043230	Peripheral nervous system	XA1630
1357976561	Head	XA20Q1
855436707	Dorsal body cavity	XA9QA7
974549086	Central nervous system	XA3JU6
1074640675	Cranial cavity	XA1ZV6
237343916	Perineural space	XA1GB6
685877085	Thoracic cavity	XA1XJ5
828784486	Pancreatic islets	XA45E6
72373228	Adrenal gland	XA0NE9
2091559330	Reproductive system	
853721861	Hypothalamus	XA1CN1
485621173	Thyroid gland	XA8RK3
112148603	Pineal gland	XA1EU3
1462096867	Vertebral cavity	XA8YW7
1963131822	Parathyroid gland	XA1342
194670149	Lymphatic system	
294069435	Pituitary gland	XA8J35
873157482	Ventral body cavity	XA2N82
1223109342	Urinary system	
1337584902	Mouth	XA8182
1788617479	Cardiovascular system	XA4PM9
519578830	Nerve	
1086407971	Bone marrow	XA9XK1
1028502910	Bone tissue	XA0UK0
616736219	Hepatobiliary system	XA0W19
1207618189	Haematopoietic stem cells	XA5869
2062516965	Blood	XA8EC5
899820155	Pharynx	XA93V5
532265365	Pancreas	XA3QC5
230624298	Body fluid	XA06R8
1515005003	Salivary gland apparatus	XA5T23
1651798887	Gastrointestinal tract	XA9607
1486129982	Collagen fibres	XA7YJ2
1924631190	Peritoneum	XA0KZ0
461997709	Epithelium	XA56S9
342190642	Gamete	XA1922
1205630411	Muscle tissue	XA39T1
729497563	Nervous Tissue	XA5B23
1133981605	Connective tissue	XA5A05
711315902	Cartilage	
657365008	Bones	
1312767395	Bursa	XA16K5
1617949731	Tendons	
461235915	Joints and ligaments	
1448567552	Muscles	
2033392163	Upper respiratory tract	XA8Z63
657169140	Organs of the Thorax	
1339663404	Organs of the Head and Neck	
1061004251	Organs of the Pelvis	
1393945851	Intestinal Wall	XA3JR1
472064275	Rectovaginal septum	XA60B5
1303878701	Pelvic wall	XA29C1
269017418	Uterine wall	XA1DP8
476108323	Cell wall	XA5UL3
2024211972	Alveolar wall	XA4UM2
1520433389	Pelvic floor	XA5CW9
785854420	Mononuclear phagocyte system	XA0GJ0
1290438012	Parietal wall	XA9KX3
1867340648	Lymphoid organs	
1525493612	Lymph nodes	XA33X2
836634455	Rectovesical septum	XA37K5
862783222	Vaginal wall	XA57Q2
1144556225	Ear	XA01U5
123461884	Skin	XA0364
28784496	Lacrimal apparatus	XA0096
822296309	Orbit	XA2WJ9
2055915829	Eye	XA7D89
1311573163	Organs of the Abdomen	
2042226787	Oral floor	XA37C7
1284701066	8550/0	
1545218782	8552/3	
166882531	8550/3	
916322155	8550/1	
130178481	8551/3	
805930455	Periductal stromal tumour, low grade	XH75P5
533951082	Serous adenocarcinofibroma	XH9JC2
891498964	Acinar cell cystadenocarcinoma	XH99S4
253357020	Serous cystadenocarcinofibroma	XH6PQ0
1322159869	Acinar cell carcinoma	XH3PG9
1350306447	Phyllodes tumour, malignant	XH8HJ7
1791116905	Mucinous cystadenocarcinofibroma	XH0WW5
925066262	8560/0	
12605568	Acinar adenocarcinoma of the lung	XH0F68
553369473	Mixed acinar-ductal carcinoma	XH9B93
1892102227	Brenner tumour, malignant	XH6NJ7
442747772	Adenolymphoma	XH9ZB2
542708084	Mucinous adenocarcinofibroma	XH7284
1483725060	8094/3	
2016234397	8090/1	
93817176	Carcinoma in situ, NOS	XH5NV6
1314689181	8576/3	
800848273	Lymphadenoma	XH7J33
624320253	8563/0	
1189399591	8570/3	
34464398	8571/3	
179682870	8575/3	
1915899580	8091/3	
1482435619	8573/3	
766042290	8561/0	
75861862	8574/3	
1292184091	8572/3	
1851586255	Mixed squamous cell and glandular papilloma	XH1TX5
2083208450	8095/3	
1368889477	8103/0	
987477010	8110/3	
1654663205	8562/3	
394110554	8560/3	
513757200	8110/0	
351735788	8102/0	
1382845680	8090/3	
1322109775	8098/3	
1621309521	8101/0	
1543489401	8102/3	
1586342478	8103/1	
195910694	8096/0	
29688794	8100/0	
787151185	8100/3	
37623727	8092/3	
2016484176	8093/3	
1161357924	8104/0	
1712546493	Basal cell carcinoma, fibroepithelial	XH45F3
125131062	Basal cell carcinoma, micronodular	XH4GJ2
852831538	Basosquamous carcinoma	XH4C18
1557588329	Pilomatrical carcinoma	XH9G49
2111694247	Pigmented basal cell carcinoma	XH2HE7
680661992	Infiltrating basal cell carcinoma, non-sclerosing	XH0T12
1176655067	Basal cell carcinoma with adnexal differentiation	XH6S67
1151702195	8097/3	
311160702	Adenoid basal carcinoma	XH70J2
63491850	Basal cell carcinoma, nodular	XH2CR0
1030530464	Infiltrating basal cell carcinoma, sclerosing	XH67Y4
1770092375	Basal cell carcinoma, NOS	XH2615
1017043796	Trichilemmocarcinoma	XH9K96
1281865709	Basal cell tumour	XH8189
521331707	Proliferating trichilemmal cyst	XH7WJ7
1002246510	Epithelial tumour, benign	XH9HV0
610754109	Trichoblastic carcinoma	XH3DL9
1490336072	Tumourlet, benign	XH1TD2
147640740	Intraepidermal epithelioma of Jadassohn	XH1PG0
945326686	Superficial basal cell carcinoma	XH5NL6
1418406413	9011/0	
651814282	Trichilemmoma	XH5AU2
2039050666	9015/1	
1225274077	Trichoblastoma	XH2K97
249226402	9000/3	
1016131226	Focal nodular hyperplasia	XH0M86
2095713849	Tumor of follicular infundibulum	XH0489
1725112932	9013/0	
1778036837	Pilomatricoma, NOS	XH9E37
1244908041	9000/1	
929237747	9015/0	
1104292917	9010/0	
1460568199	Trichoepithelioma	XH6QT9
578183454	Infiltrating basal cell carcinoma, NOS	XH5VK4
907246656	Basal cell carcinoma, sarcomatoid	XH1JH6
1883564324	Trichoblastic carcinosarcoma	XH8324
1117242978	9012/0	
1344513212	Melanocytic matricoma	XH7CM2
389925055	9014/3	
392411076	Pilar tumour	XH5L76
1296678493	Metatypical carcinoma	XH9E93
1583791323	Epithelioma, benign	XH65S3
1448824325	Trichofolliculoma	XH0U05
1381851096	9014/0	
737645633	Trichogerminoma	XH05Z3
1832043614	9014/1	
1170903121	Acinar cell adenoma	XH96Q1
674847033	9020/1	
100727368	Pilar sheath acanthoma	XH3EY8
170771490	Serous cystadenofibroma of borderline malignancy	XH2M30
1314962913	Aggressive fibromatosis	XH13Z3
209567035	9020/3	
141007733	9020/0	
2140880977	Mucinous adenofibroma of borderline malignancy	XH7AR7
1141111643	9000/0	
563152712	Congenital generalised fibromatosis	XH5MH2
295890116	Abdominal fibromatosis	XH6116
843411995	Cellular fibroma	XH9HH5
1566832566	Haemosiderotic fibrolipomatous tumour	XH9526
788881778	Brenner tumour, borderline malignancy	XH2CH8
1263833631	Myofibroblastic tumour, peribronchial	XH85R1
1708949131	Mucinous cystadenofibroma of borderline malignancy	XH2YZ1
879735040	Myofibromatosis	XH1N00
1827272772	9030/0	
157876805	Palmar/plantar type fibromatosis	XH75J5
909105955	Myxoinflammatory fibroblastic sarcoma	XH2D15
1292307486	9015/3	
1919457172	9016/0	
2032604088	Atypical myxoinflammatory fibroblastic tumour	XH0TA8
1336454107	Serous adenofibroma of borderline malignancy	XH07C7
553558274	Phyllodes tumour, borderline	XH5NK4
2072150277	Atypical fibrous histiocytoma	XH1RM7
1652009742	Solitary fibrous tumour, NOS	XH7E62
313677538	Dermatofibrosarcoma protuberans, NOS	XH4QZ8
763323291	Solitary fibrous tumour/Haemangiopericytoma, grade 2	XH1EH1
87038938	Giant cell fibroblastoma	XH9AV8
1104754035	Desmoplastic fibroma	XH6YK5
785217354	Pigmented dermatofibrosarcoma protuberans	XH5CT4
1143481247	Adenocarcinoma with cartilaginous and osseous metaplasia	XH7247
955977370	Haemangiopericytic meningioma	XH7050
1354421383	Adenocarcinoma with apocrine metaplasia	XH4GA3
709894392	Epithelial-myoepithelial carcinoma	XH9JP2
284060688	Adenocarcinoma with spindle cell metaplasia	XH2QL8
1906873881	Plexiform fibrohistiocytic tumour	XH4GL1
631944498	Fibromatosis-like metaplastic carcinoma	XH6G98
1068406464	Adenocarcinoma with squamous metaplasia	XH2PY4
1706889459	Adenocarcinoma with neuroendocrine differentiation	XH4T39
619456530	Myofibroblastic tumour, NOS	XH66Z0
1793155313	Adenosquamous carcinoma	XH7873
1202169956	Giant cell and spindle cell carcinoma	XH3XZ6
1243496751	Endometrioid carcinoma with squamous differentiation	XH8XD1
957690557	Carcinoma with osteoclast-like giant cells	XH56X7
171327834	Metaplastic carcinoma, NOS	XH0RD4
507225556	Hepatoid adenocarcinoma	XH7MV6
269338466	Squamoid eccrine ductal carcinoma	XH95Y6
875428322	Angiomatoid fibrous histiocytoma	XH9362
289879712	Carcinoma, NOS	XH63D2
1018375082	Large cell carcinoma with rhabdoid phenotype	XH4QU2
2040820412	Giant cell carcinoma	XH1JZ2
400323027	Glassy cell carcinoma	XH00N7
1920164124	Large cell carcinoma, NOS	XH45J4
1354430069	Carcinoma, anaplastic, NOS	XH57U9
1278312485	Large cell neuroendocrine carcinoma	XH0NL5
839986193	Pseudosarcomatous carcinoma	XH35M3
488432663	Carcinoma, metastatic, NOS	XH1YN3
118941797	Polygonal cell carcinoma	XH92T7
1892513495	Nuclear protein in testis (NUT) associated carcinoma	XH2855
696732190	Small cell carcinoma, NOS	XH0YB0
1653542192	Combined small cell-squamous cell carcinoma	XH9ZD2
714913914	Spindle cell carcinoma, NOS	XH3RZ4
1294602000	Small cell neuroendocrine carcinoma	XH9SY0
1740317390	Small cell carcinoma, intermediate cell	XH6GK0
654992073	Combined small cell-adenocarcinoma	XH0793
574508343	Combined small cell carcinoma	XH7YE3
1381572140	Pleomorphic carcinoma	XH35G0
300088811	Carcinoma, poorly differentiated	
374301158	Small cell carcinoma, hypercalcaemic type	XH8ZR8
1649138153	Combined large cell neuroendocrine carcinoma	XH90B3
947483629	Oat cell carcinoma	XH28J9
1659660697	Anaplastic undifferentiated carcinoma	XH98Z7
389646659	Combined small cell-large cell carcinoma	XH6FK9
1674951164	Carcinoma, undifferentiated, NOS	XH1YY4
2113674260	Small cell carcinoma, fusiform cell	XH3T00
909890232	Lower respiratory tract	XA07R2
1757838981	Heterotopia-associated carcinoma	XH26N1
2003942264	Non-small cell carcinoma	XH1DU4
646690224	Undifferentiated carcinoma with osteoclast-like giant cells	XH2224
4561886	Intracanalicular fibroadenoma	XH4MA6
1848207162	Fibroadenoma, NOS	XH9HE2
956990921	Epithelioma, malignant	XH4P61
1530551491	Pericanalicular fibroadenoma	XH0N11
1174227268	Serous cystadenofibroma, NOS	XH6RL8
683377916	Dedifferentiated carcinoma	XH5R16
1363606708	Adenofibroma, NOS	XH91Y8
726265939	Cystadenofibroma, NOS	XH5S99
344952172	Micropapillary serous carcinoma	XH0572
186069535	Serous adenofibroma, NOS	XH5ZB5
738595524	Squamous carcinoma with osteoclast-like giant cells	XH2BS4
1886142270	Mucinous cystadenocarcinoma, NOS	XH1390
2118785083	Intraductal papillary-mucinous carcinoma, invasive	XH5WU3
51170966	Papillary cystadenocarcinoma, NOS	XH6JU6
873702297	Mucinous cystadenofibroma, NOS	XH9SM7
585251528	Serous carcinoma, NOS	XH7A08
849337906	High grade serous carcinoma	XH24N6
330792173	Lipofibroadenoma	XH5853
1903375600	Seromucinous adenofibroma	XH1VJ0
278658533	Brenner tumour, NOS	XH5DX3
1901338841	Solid pseudopapillary carcinoma	XH5P21
678086422	Metanephric adenofibroma	XH7ZU2
446696439	Mucinous cystic tumour with an associated invasive carcinoma	XH1K19
275446520	Papillary adenofibroma	XH7JU0
1326672266	Seromucinous carcinoma	XH4186
968556830	Metastatic signet ring cell carcinoma	XH56K0
1148888643	Pseudomyxoma peritonei with unknown primary site	XH4U83
1704667370	Poorly cohesive carcinoma	XH2KK0
529352875	Mucinous adenocarcinoma	XH1S75
956170914	Krukenberg tumour	XH3RD4
2094765685	Pseudomyxoma peritonei	XH83J5
309811648	Clear cell hidradenoma	XH0AQ8
1991494025	Mucinous carcinoma, gastric type	XH4KC5
1491865253	Eccrine papillary adenoma	XH42Z3
823784684	Tumourlet, NOS	XH1N44
574927412	Eccrine acrospiroma	XH46Z2
1367609355	Mucin-producing adenocarcinoma	XH5AF5
626012229	Solid pseudopapillary neoplasm of pancreas	XH3AE9
1216423779	Apocrine adenoma	XH6YZ9
465106786	Signet ring cell carcinoma	XH4546
45903885	Signet ring cell/histiocytoid carcinoma	XH0XE5
869490402	Mucinous tubular and spindle cell carcinoma	XH5EQ2
1740758477	Hidradenoma, NOS	XH4MV7
311599408	Follicular fibroma	XH4YU8
1303709853	Hidrocystoma	XH7NR3
1954936759	Eccrine poroma	XH25Z9
841587700	Syringocystadenoma papilliferum	XH1PY0
1487816261	Sweat gland adenoma	XH3U61
909360574	Papillary hidradenoma	XH4DX4
1660285491	Spiradenoma, NOS	XH3AM1
1297149965	Syringofibroadenoma	XH06Y5
1926927125	Skin appendage adenoma	XH96Q5
1373544635	Spindle cell predominant trichodiscoma	XH8R55
650380640	Apocrine poroma	XH1A80
875870128	Ceruminous adenoma	XH7AL8
1842387605	Syringoma, NOS	XH6325
1396095197	Syringomatous tumour of nipple	XH9GB7
1310502778	Mucinous adenofibroma, NOS	XH59X8
2107053735	Low grade serous carcinoma	XH12V5
340615637	Phyllodes tumour, benign	XH50P7
2012230574	Carcinomatosis	XH8D74
2035369899	Cystadenocarcinoma, NOS	XH0219
1064130101	Intraductal papillary mucinous neoplasm with an associated invasive carcinoma	XH2SE1
896212294	Juvenile fibroadenoma	XH70H4
707221721	Sweat gland tumour, NOS	XH8BW1
1606779421	Giant fibroadenoma	XH4RU1
699479988	Poroma, NOS	XH8N28
710483895	8400/0	
1156470764	Sebaceoma	XH0QL4
1592861415	Sebaceous epithelioma	XH0SH5
2146636136	8401/3	
236846005	8400/1	
587011040	8390/0	
1011217372	8392/0	
100408713	8401/0	
1161799165	Sebaceous adenoma	XH1NC5
1712602487	8390/3	
982746625	8400/3	
1605227300	8402/0	
689763810	8391/0	
289908863	8402/3	
447106627	8403/3	
1621705378	8404/0	
1089962222	8405/0	
69673365	8407/0	
1095218940	8408/0	
1424224159	Acinar cell tumour	XH2SK9
1261431040	8407/3	
1579017526	8410/0	
461206111	8409/0	
1689478380	8406/0	
633984459	8403/0	
1864975844	8408/3	
431654049	8440/0	
216236697	8440/3	
29757024	8406/3	
1854521036	8420/0	
1713881221	8409/2	
1653172939	8420/3	
1417001674	8409/3	
53542917	8441/0	
662037511	8441/2	
747897403	8442/1	
286600611	8410/3	
894552481	8413/3	
335255987	8441/3	
1849712740	8450/0	
1453002458	8443/0	
807143276	8452/1	
1242762123	8452/3	
1309224389	8453/2	
1006494038	8450/3	
1783482823	8453/0	
259235042	8451/1	
808797574	8460/2	
979180154	8453/3	
723580685	8461/0	
1364426255	8460/3	
1968558829	8454/0	
1680359320	8461/3	
785932941	8470/2	
1781615654	8470/0	
976310951	8474/1	
443519211	8474/3	
1077829190	8474/0	
1641064984	8470/3	
1611372038	8480/1	
1600392588	8480/3	
1272952956	8472/1	
87409441	8481/3	
627769709	8480/6	
1418062770	8480/0	
561063715	8482/3	
1290501743	8490/3	
24197924	Serous surface papilloma	XH38C4
1863749510	Intraductal papillary-mucinous tumour with intermediate dysplasia	XH4070
347134421	Mucinous cystic neoplasm with intermediate-grade dysplasia	XH8XL1
1634555816	Mucinous cystic tumour with intermediate dysplasia	XH7K36
1622083352	Intraductal papillary-mucinous tumour with low grade dysplasia	XH8MD2
1437123426	Intraductal papillary-mucinous tumour with moderate dysplasia	XH8ML6
1850969146	Mucinous cystic neoplasm with intermediate-grade intraepithelial neoplasia	XH8EW6
1035495682	Cystadenoma, NOS	XH5RJ2
443330953	Mucinous cystic neoplasm with low-grade dysplasia	XH0EK3
986638327	Seromucinous cystadenoma	XH9BE7
81962156	Serous microcystic adenoma	XH0556
1807003251	Cystic tumour of atrio-ventricular node	XH55F1
886132512	Intraductal papillary-mucinous adenoma	XH5232
1848062461	Clear cell cystadenoma	XH6ZU1
659040916	Papillary cystadenoma, NOS	XH0FM6
911839040	Serous cystadenoma, NOS	XH8TJ0
65255162	8490/6	
37198866	Porocarcinoma in situ	XH7WE6
6317613	Mucinous cystadenoma, NOS	XH6H73
778411837	Mucinous cystic neoplasm with low-grade intraepithelial neoplasia	XH6NK7
1632764689	Mucinous adenoma	XH2M29
527555737	Intraductal papillary neoplasm with high grade intraepithelial neoplasia	XH6AH7
724348060	Noninfiltrating intraductal papillary adenocarcinoma	XH9VG0
2038644058	Intraductal carcinoma, clinging, high grade	XH39X8
1887236612	Mucous gland adenoma	XH5RX2
280964132	Ductal carcinoma in situ, NOS	XH4V32
289533387	Intraductal tubular-papillary neoplasm, high grade	XH64S7
1160360874	Mucinous cystic tumour with moderate dysplasia	XH7834
1445347174	Solid papillary carcinoma in situ	XH0134
1122389412	Lobular carcinoma in situ, pleomorphic	XH2HB2
533840072	Noninfiltrating intracystic carcinoma	XH9XV2
205433369	Intraductal papilloma with DCIS	XH11S9
1845147624	Intraductal papilloma with lobular carcinoma in situ	XH4US4
1721936290	Lobular carcinoma in situ, NOS	XH6EH0
651286241	Papillary cystadenofibroma	XH9MS1
317249049	Intraductal tubulopapillary neoplasm	XH3PE9
1047898786	Comedocarcinoma, noninfiltrating	XH8P86
290363200	Intraductal carcinoma and lobular carcinoma in situ	XH7XE0
1821832890	Endocrine mucin-producing sweat gland carcinoma in situ	XH8010
1868691371	Intraductal carcinoma, noninfiltrating, NOS	XH1H31
1615168883	Intraductal micropapillary carcinoma	XH0GQ3
1661516286	Cystic hypersecretory carcinoma, intraductal	XH9SL6
714334333	Intraductal papillary mucinous neoplasm with high grade dysplasia	XH3MB3
1000635852	Mucinous cystadenocarcinoma, non-invasive	XH06M2
1984952258	Serous tubal intraepithelial carcinoma (STIC)	XH8NV8
556792168	Intraductal papillary-mucinous carcinoma, non-invasive	XH5E08
24022253	Mucinous cystic neoplasm with high-grade dysplasia	XH81P3
1484720827	8813/3	
1195528271	Serous borderline tumour, micropapillary variant	XH9DM1
1647900744	Serous endometrial intraepithelial carcinoma	XH1YW4
1093064836	8813/0	
1910081906	8810/0	
858990124	8815/0	
576275638	8817/0	
931392736	8831/0	
149714794	8832/0	
1794307834	8810/3	
1973986608	8812/3	
1157042154	8811/3	
751963036	Serous intraepithelial carcinoma	XH8PZ6
201312127	8812/0	
2010777733	8815/1	
1320555256	8810/1	
1635261128	8813/1	
1585220430	8811/0	
1753242447	8821/1	
2116176130	8811/1	
953335826	8815/3	
764134952	8816/0	
36918746	8824/1	
115099194	8832/1	
393724462	8814/3	
1301078017	8830/3	
645378524	8824/0	
745108966	8820/0	
911790334	8825/0	
852596194	8823/1	
1560555863	8833/1	
1453199449	8830/1	
1818367071	8826/0	
1463741303	8825/1	
438198188	8818/0	
1711950755	8827/1	
663262172	8822/1	
688030520	8828/0	
222717750	8830/0	
397812900	8836/1	
1588208727	Angiomyofibroblastoma	XH8A47
1389802443	8834/1	
656176163	Fascial fibroma	XH2MW3
594205900	8825/3	
1055004268	Elastofibroma	XH3BQ8
737761460	Benign fibrous histiocytoma	XH06N0
1911217913	Myofibroma	XH0953
473210039	8823/0	
456084400	Myofibroblastoma	XH3NQ0
1300123910	Periosteal fibroma	XH7FV0
1934576716	Nuchal fibroma	XH0XH6
817620506	Fibroma, NOS	XH8E66
2142449293	Desmoplastic fibroblastoma	XH2ZF3
517281030	Gardner fibroma	XH7GT0
960588983	Fibromyxoma	XH5XQ3
685358890	8835/1	
637805263	8832/3	
2072279196	Plexiform fibromyxoma	XH2WT6
647923111	Solitary fibrous tumour/Haemangiopericytoma, grade 1	XH8Q71
274879910	Myofibroblastoma, mammary-type	
112951513	Fibroma of tendon sheath	XH0WB3
874951076	Calcifying fibrous tumour	XH7TH6
1636614011	Nodular fasciitis	XH5LM1
264092854	Deep histiocytoma	XH5DP4
1194400465	Histiocytoma, NOS	XH1UJ5
492885116	Sclerosing pneumocytoma	XH7436
1320360493	Acral fibromyxoma	XH8173
153851843	Calcifying aponeurotic fibroma	XH8ZE3
138007110	Dermatofibroma, NOS	XH8B90
1861081185	Plaque-like CD34 positive dermal fibroma	XH3665
1141432861	Juvenile histiocytoma	XH9VG1
1375097941	Reticulohistiocytoma	XH33Q1
910182887	Sclerotic fibroma	XH5JG7
1663499592	Pleomorphic fibroma	XH1BV2
18637514	Collagenous fibroma	XH2874
1032383797	Proliferative fasciitis	XH6JX7
959806219	Proliferative myositis	XH87F9
241782822	Fibrous dysplasia	XH5FY2
1603500791	8010/9	
96646234	8010/3	
237195880	8010/0	
1259421907	8021/3	
636976154	8011/3	
1620568945	8013/3	
1086925117	8014/3	
1389541049	Myopericytoma	XH2HE9
446228368	8012/3	
984428500	8010/2	
2144188603	8010/6	
2024170473	Dermatomyofibroma	XH18K3
852794679	Epithelioid fibrous histiocytoma	XH15M9
293142958	8011/0	
1687014719	8015/3	
1098456879	8022/3	
1863838769	8030/3	
1414206233	8032/3	
242341820	8023/3	
1036741659	8042/3	
68782152	8020/3	
457431950	8031/3	
1579371749	8033/3	
2086908734	Fascial fibrosarcoma	XH8EV4
44365715	8041/3	
1857492767	8040/0	
872111433	8043/3	
896491636	8035/3	
1743890616	8045/3	
912217173	Solitary fibrous tumour, malignant	XH1HP3
2024536946	8040/1	
1937607646	Periosteal fibrosarcoma	XH3406
942040483	Solitary fibrous tumour/Haemangiopericytoma, grade 3	XH1DA3
288064626	8034/3	
1470029742	Periosteal sarcoma, NOS	XH56W2
503227481	8046/3	
1011320031	Fibrosarcoma, NOS	XH4EP1
1980226392	Dermatofibrosarcoma protuberans, fibrosarcomatous	XH9V92
1094503907	Malignant fibrous histiocytoma	XH0947
461616028	Myofibroblastic sarcoma	XH2668
1931778850	Myxofibrosarcoma	XH8WH0
1747135014	8044/3	
2027824386	Infantile fibrosarcoma	XH7BC6
1484842830	Fibromyxosarcoma	XH6LT0
1153678214	Acidophil adenoma	XH9574
1355772734	Adenomatous polyposis coli	XH1CV4
1135377185	Adrenal cortical adenoma, glomerulosa cell	XH60N5
1581793058	Basophil adenoma	XH3AH8
221055606	Adrenal cortical adenoma, pigmented	XH2FJ6
36909718	Adrenal cortical adenoma, mixed cell	XH2VZ8
1133296291	Basal cell adenoma	XH60D1
1967154716	Alveolar adenoma	XH9356
529874551	Chief cell adenoma	XH6WK1
105618876	Bile duct adenoma	XH6KR6
1640127544	Clear cell adenofibroma	XH9JJ4
1180528077	Canalicular adenoma	XH1TD7
54994920	Biliary intraepithelial neoplasia, low grade	XH7BS0
13594045	Biliary papillomatosis	XH5YG5
632638771	Cylindroma of skin	XH6J91
1869370058	Bile duct cystadenoma	XH0778
1780102614	Flat adenoma	XH83X4
1187137553	Oesophageal glandular dysplasia (intraepithelial neoplasia), low grade	XH3K13
183875485	Embryonal adenoma	XH6685
1424808612	Glandular papilloma	XH3BK2
888565061	Eccrine dermal cylindroma	XH5GN1
575484248	Monomorphic adenoma	XH2CQ8
626046371	Liver cell adenoma	XH68V1
1147407348	Hurthle cell adenoma	XH6PG8
2088502519	Glandular intraepithelial neoplasia, low grade	XH6AF9
865154292	Pancreatobiliary neoplasm, non-invasive	XH0BF2
1954456210	Follicular adenoma	XH0LM0
1775808113	Juxtaglomerular tumour	XH6M13
772157139	Mixed acidophil-basophil adenoma	XH5LD9
903998247	Metanephric adenoma	XH0JC7
2122184546	Oxyphilic adenoma	XH9Z86
1872324452	Follicular adenoma, oxyphilic cell	XH5SM2
1583447504	Papillotubular adenoma	XH6EJ4
2140113298	Mixed adenomatous and hyperplastic polyp	XH0WV8
986078231	Lactating adenoma	XH0W31
1538304674	Papillomatosis, glandular	XH1BH4
887529593	Hurthle cell tumour	XH5X53
1315397128	Lipoadenoma	XH8P28
193036305	Adenomatous polyp, NOS	XH8MU5
1485243563	Macrofollicular adenoma	XH19E3
764306566	Pancreatic microadenoma	XH6GG6
1149847686	Tubular adenoma, NOS	XH7SY6
1779103980	Lactotroph adenoma	XH1QS0
1402138551	Cylindroma of breast	XH28X1
828144921	Water-clear cell adenoma	XH8UC1
798972463	Serrated adenoma	XH5903
1048300073	Microcystic adenoma	XH3DH3
69238367	Trabecular adenoma	XH9G87
399888626	Sessile serrated adenoma	XH2F06
1108670163	Atypical adenomatous hyperplasia	XH5QL3
21721376	Villous adenoma, NOS	XH90D6
178951970	Papillary adenoma, NOS	XH09B0
1596227184	Mixed cell adenoma	XH1XU4
1963077374	Multiple adenomatous polyps	XH6CZ4
336754470	Tubulovillous adenoma, NOS	XH10B0
982833611	Villous papilloma	XH0731
1913552197	Spindle cell oncocytoma	XH26P7
2014988710	Endometrioid adenoma, NOS	XH6ZD0
1429726910	Turban tumour	XH8T50
1224656480	Pituitary adenoma, NOS	XH94U0
1833127836	Adrenal cortical adenoma, NOS	XH52F6
1447729479	Sessile serrated polyp	XH63V9
1135881999	Traditional sessile serrated adenoma	XH9PD9
293316593	Adenoma, NOS	XH3DV3
416529470	Adrenal cortical adenoma, clear cell	XH1YP0
74644355	Chromophobe adenoma	XH7475
343201867	Clear cell adenoma	XH8R87
392836272	Adrenal cortical adenoma, compact cell	XH2CT2
1024578755	Endometrioid adenofibroma, NOS	XH1CX5
701605383	Microfollicular adenoma, NOS	XH2H83
1207527623	Adenoma, intestinal type	XH7DU3
2041282683	Plurihormonal adenoma	XH1JL3
510127355	Oncocytic papillary cystadenoma	XH8NK5
52270936	Pancreatic neuroendocrine microadenoma	XH1Q16
232191272	Pituitary adenoma, ectopic	XH5RH2
891053419	Seromucinous borderline tumour	XH0RB9
593362600	Null cell adenoma	XH8Y40
1823526563	Somatotroph adenoma	XH4HE3
996722610	Papillary cystadenoma, borderline malignancy	XH1P30
815817570	Mucinous cystic tumour of borderline malignancy	XH2FF0
1097321299	Serous borderline tumour, NOS	XH3ZK9
119302180	8500/2	
1934122905	8500/3	
908642546	8501/3	
781611514	Solid pseudopapillary tumor of ovary	XH3FD4
2032140389	8502/3	
1566893159	8503/0	
113021708	8503/2	
1629929174	Low grade appendiceal mucinous neoplasm	XH7BB4
1010865934	8501/2	
497967956	8503/3	
1200924657	8507/3	
2029730937	8507/2	
1738633139	8504/0	
1489957947	8504/2	
17769709	8510/3	
220639748	8505/0	
974230309	8520/3	
1309142138	8509/3	
49557658	8506/0	
2136491684	8512/3	
1983963448	8524/3	
2130230668	8521/3	
1459537257	8504/3	
158032664	Thyrotroph adenoma	XH0MY4
54621194	Gonadotroph adenoma	XH50K4
1891925298	Corticotroph adenoma	XH1C58
1663798543	Bronchiolar adenoma / Ciliated muconodular papillary tumour	XH7743
508917543	8520/2	
1365098420	8519/2	
1272331032	8513/3	
1996553227	8509/2	
837842201	8522/2	
615084833	8522/3	
1804138844	8514/3	
1730839470	8541/3	
849989535	8525/3	
1131308972	8542/3	
2107705098	8530/3	
1761083700	8540/3	
2020659300	8523/3	
608573942	Giant cell tumour of bone, NOS	XH4TC2
2011175448	8543/3	
2000448860	8933/3	
38573976	8508/3	
1396359608	8930/3	
1863761869	Tenosynovial giant cell tumour, diffuse	XH52J9
473041197	8930/0	
57170663	8934/3	
763252649	Malignant tenosynovial giant cell tumour	XH5AQ9
1581847831	Giant cell tumour of soft parts, NOS	XH81M1
1174982030	8935/1	
1619032601	8936/3	
1989973620	8936/1	
1281397362	8935/0	
759488793	8936/0	
150996251	8935/3	
735108130	8941/3	
445609720	8940/0	
635497842	8940/3	
1879616335	8950/3	
2145003987	8951/3	
519985850	8959/3	
97854770	8959/0	
985317052	8959/1	
607900012	8963/3	
375019217	8932/0	
1674593267	8508/2	
28623950	8967/0	
568985090	8966/0	
1798511097	8964/3	
711993102	8960/1	
139232713	8982/0	
996246182	8970/3	
1318407733	8975/1	
170845506	8960/3	
1953057331	8971/3	
1377651556	8983/0	
1195658590	8982/3	
2039164412	8990/0	
1292193872	8990/1	
1540114445	8974/1	
1498586692	8931/3	
140887847	8991/3	
618465440	Sialoblastoma	XH0G00
1919601606	8990/3	
787947394	Cystic partially differentiated nephroblastoma	XH1JB4
176735998	Papillary carcinoma of the breast	XH8KR8
1584772111	Mesoblastic nephroma	XH10F1
674956651	8992/0	
159554651	Mesenchymoma, NOS	XH2AD1
2000869608	Primitive non-neural granular cell tumor	XH5LL8
368868341	Intraductal papillary neoplasm with associated invasive carcinoma	XH90W1
607294584	Secretory carcinoma	XH44J4
1345170993	8972/3	
1285925728	8981/3	
465630652	Adenocarcinoma of mammary gland type	XH9FX2
1705893327	Intraductal papillary adenocarcinoma with invasion	XH8MA7
713652608	Metanephric stromal tumour	XH4N88
1690612309	Stromal tumour, NOS	XH6R49
1702998507	Stromal tumour of uncertain malignant potential	XH8747
1605887153	Duct adenocarcinoma, NOS	XH7KH3
1117100596	8980/3	
1573898746	8983/3	
233735479	Medullary-like carcinoma	XH9B99
1919081316	Encapsulated papillary carcinoma with invasion	XH0GT6
1826241376	Invasive micropapillary carcinoma of breast	XH9C56
61174615	Solid papillary carcinoma with invasion	XH1XB5
1065619898	Comedocarcinoma, NOS	XH1N58
348422298	8973/3	
1784735898	Calcifying nested stromal-epithelial tumor	XH8X78
603697435	Medullary carcinoma, NOS	XH2YP5
575375113	Lobular carcinoma, NOS	XH2XR3
1886053461	Paget disease, mammary	XH3E21
200036726	Paget disease and infiltrating duct carcinoma of breast	XH47A6
1888427205	Infiltrating duct and lobular carcinoma	XH8RN5
1896345779	Tubulolobular carcinoma	XH3RK9
2061976377	Infiltrating duct and tubular carcinoma	XH1ND7
2144562375	Polymorphous adenocarcinoma	XH5SD5
1164779553	Inflammatory carcinoma	XH9G73
1805935439	Infiltrating duct and cribriform carcinoma	XH2ST9
176164900	Medullary adenocarcinoma	XH9620
2134283351	Atypical medullary carcinoma	XH6KZ1
1325760477	Medullary carcinoma with lymphoid stroma	XH55H7
2072707689	Intraductal and lobular carcinoma	XH9Z29
819700820	Infiltrating duct mixed with other types of carcinoma	XH8CS0
1079578591	Infiltrating lobular carcinoma and ductal carcinoma in situ	XH9551
984873904	Duct carcinoma, desmoplastic type	XH6PY4
1201581956	Basal-like carcinoma of breast	XH32K6
604707756	Paget disease and intraductal carcinoma of breast	XH0C76
1140805368	Carcinoma of male breast	XH5KW8
1863972209	Infiltrating duct and mucinous carcinoma	XH3969
420032549	Adenocarcinoma of anogenital mammary-like glands	XH4ZU9
1819479594	Endocrine mucin-producing sweat gland carcinoma	XH4EK4
132074533	Hypernephroid tumour	XH54H3
685271137	Lobular carcinoma, pleomorphic	XH9HB7
793595368	Infiltrating ductular carcinoma	XH0408
1166596273	Infiltrating duct and lobular carcinoma in situ	XH6MH3
257017674	Infiltrating lobular mixed with other types of carcinoma	XH3CB4
1623117908	Pulmonary adenomatosis	XH8468
645387924	Endometrioid adenofibroma, borderline malignancy	XH9DS4
399344862	Endometrioid adenoma, borderline malignancy	XH5DQ2
1743210920	Non-invasive follicular thyroid neoplasm with papillary-like nuclear features (NIFTP)	XH6SY0
1866797096	Carcinoid tumour of uncertain malignant potential	
1063398594	Infiltrating duct and colloid carcinoma	XH9GX4
1835724484	Well differentiated tumor of uncertain malignant potential	XH9PN4
1657961005	Follicular tumor of uncertain malignant potential	XH27W5
1490893463	Enterochromaffin-like cell carcinoid, NOS	
1422235726	Clear cell adenofibroma of borderline malignancy	XH0S86
2135143946	Juvenile carcinoma of breast	XH1146
1520905410	Apudoma	XH6770
1755061706	Hyalinizing trabecular tumour	XH1Y66
181489680	Clear cell papillary renal cell carcinoma	XH9T60
1473506747	Fibrous meningioma	XH5ZC7
1667076111	Lymphoplasmacyte-rich meningioma	XH0R11
1635783898	Atypical follicular adenoma	XH3T38
789513478	Paget disease, extramammary	XH70F8
528393836	Cystic hypersecretory carcinoma	XH8TH6
308157266	Multiple endocrine adenomas	XH76W6
1257585799	Multilocular cystic renal neoplasm of low malignant potential	XH7PR9
1397105429	Atypical adenoma	XH6VL9
412704135	Meningioma, NOS	XH11P5
1835901277	Psammomatous meningioma	XH4ZM7
1088426520	Tubular carcinoid	XH4JG0
43785206	Metaplastic meningioma	XH7N06
1566460631	Secretory meningioma	XH6Z51
1110268915	Meningothelial meningioma	XH40T5
207659153	Haemangioblastic meningioma	XH3L73
769450330	Microcystic meningioma	XH1F70
723147197	Intraductal papillary neoplasm with low grade intraepithelial neoplasia	XH5ZH7
51749428	Angiomatous meningioma	XH6L68
1346235773	Clear cell borderline tumour	XH6CZ3
1116400515	Transitional meningioma	XH4EX5
281564171	Intracystic papillary neoplasm with low grade intraepithelial neoplasia	XH6RX1
87482947	Intraductal tubular-papillary neoplasm, low grade	XH7QS7
288706574	Intraductal papilloma	XH4LZ4
74208820	Intracystic papillary adenoma	XH9F80
1430405383	Adenoma of nipple	XH7GN3
879097732	Intraductal papillary neoplasm, NOS	XH6HK2
679104027	Intraductal papilloma with atypical ductal hyperplasia	XH60S7
232297382	Aggressive papillary tumour	XH4XL2
915142093	Intraductal papillomatosis, NOS	XH4JD3
1069785937	9250/1	
1028730511	Tenosynovial giant cell tumour, NOS	XH0HZ1
1231950652	Giant cell tumour of bone, malignant	XH0492
1406157789	9251/1	
1629916831	Tenosynovial giant cell tumour, localised	XH6911
682596551	Malignant giant cell tumour of soft parts	XH84X1
702500670	9250/3	
914693368	9252/3	
1653598471	9252/0	
1635467775	Digital papillary adenocarcinoma	XH6FB5
1824512085	9251/3	
1481359061	Malignant eccrine spiradenoma	XH58E1
668413372	Microcystic adnexal carcinoma	XH17P2
1568641323	Sweat gland adenocarcinoma	XH5LY3
962043498	9252/1	
664102234	Adnexal adenocarcinoma, NOS	XH89V4
460606752	Sebaceous carcinoma	XH4VR2
1475491399	Hidradenocarcinoma	XH7NK9
1916758917	Apocrine adenocarcinoma	XH9L77
29281339	Malignant neoplasm arising from pre-existing cylindroma	XH2ZK9
2069117002	Malignant neoplasm arising from pre-existing spiradenoma	XH9C82
1917545580	8140/0	
983596019	Sialadenoma papilliferum	XH65F9
1540720685	Syringocystadenocarcinoma papilliferum	XH0BE5
925629187	8140/2	
1907480649	Ceruminous adenocarcinoma	XH6Z69
796364629	Malignant neoplasm arising from pre-existing spiradenocylindroma	XH9NW9
566886904	Eccrine adenocarcinoma	XH8NE4
822122574	Porocarcinoma, NOS	XH7VK4
1027843327	8140/1	
2015572888	8140/3	
1550309270	8140/6	
514079270	8144/3	
2114580621	8142/3	
822163482	8141/3	
1000725916	8147/0	
63672892	8150/0	
1341254183	8146/0	
1370288819	8145/3	
1756298307	8152/1	
1383840427	8151/3	
665203928	8152/3	
1515000975	8143/3	
1657185215	8153/3	
1957500175	8147/3	
663713338	8149/0	
768502572	8153/1	
2126858995	8148/0	
969057168	8155/1	
835551848	8148/2	
495339410	8155/3	
1500473659	8156/1	
1553464507	8160/0	
54437782	8158/1	
60856372	8154/3	
375890352	8156/3	
621912177	8172/3	
329200688	8160/3	
295689669	8171/3	
932813004	8162/3	
136999942	8150/3	
353044757	8163/2	
1949268608	8170/3	
526604009	8163/3	
1510195586	8163/0	
1459594055	8161/3	
1349230206	8170/0	
435645396	8161/0	
1076884820	8175/3	
1618032408	8174/3	
1274518714	8190/3	
444480505	8173/3	
1684738390	8180/3	
83842095	8190/0	
1797762154	8200/3	
1100989254	8191/0	
1149414998	8202/0	
244779987	8200/0	
1407929659	8210/2	
2079143392	8201/3	
1331906668	8201/2	
1734684815	8210/3	
2103461557	8212/0	
1477094151	8211/0	
517169403	8210/0	
1995090567	8214/3	
1049469623	8204/0	
1203044445	8213/0	
570796008	8211/3	
146655432	8213/3	
1113904947	8215/3	
1119569771	8220/3	
1740284119	8241/3	
1279003509	8243/3	
1555356195	8245/3	
369545176	8248/1	
1399216319	8246/3	
694768734	8247/3	
229871614	8221/0	
1830700373	8230/2	
157064222	8245/1	
909313940	8244/3	
682780740	8240/3	
217484354	8242/1	
1452146691	8230/3	
1462696749	8242/3	
584726464	8231/3	
1842544427	8240/1	
1647973759	8220/0	
704080892	8221/3	
719324277	8253/3	
843197398	8249/3	
114054754	8250/0	
545807241	8254/3	
249997463	8255/3	
905453407	8251/3	
1853025776	8256/3	
722631303	8260/0	
1870697244	8255/1	
561653115	8257/3	
1709755616	8253/2	
297597789	8252/3	
774264185	8260/3	
92912693	8250/2	
162588642	8270/0	
647140398	8250/1	
1249997986	8250/3	
886445807	8251/0	
1572475409	8271/0	
1948029404	8261/3	
356049585	8263/2	
991189327	8261/2	
1382584461	8270/3	
135273678	8280/3	
955206972	8265/3	
725493482	8313/0	
808244914	8313/1	
1046946004	8312/3	
1329622770	8261/0	
2121584168	8262/3	
1121993179	8264/0	
830211763	8263/0	
1323341278	8263/3	
1017012602	8280/0	
416974200	8272/3	
1100003763	8281/3	
1696688157	8314/3	
892451746	8316/1	
2050585399	8316/3	
1097174047	8315/3	
666181362	8272/0	
1892619113	8290/3	
1884368075	8317/3	
1062855774	8318/3	
676257410	8281/0	
898025198	8311/1	
297935596	8310/3	
1679797393	8300/3	
244871462	8290/0	
1165994577	8313/3	
1581244373	8319/3	
1726640342	8321/0	
866485913	8320/3	
1903159367	8311/3	
1590356601	8310/0	
1145138909	8300/0	
2041586460	8324/0	
62861309	8323/3	
1444225316	8330/1	
1654348952	8330/0	
2110898784	8334/0	
1189066902	8325/0	
1305176838	8340/3	
1482610498	8331/3	
1103871747	8341/3	
1984684912	8330/3	
1569652780	8333/3	
1191478408	8335/3	
1761705368	8333/0	
370351209	8337/3	
1002746852	8342/3	
78325866	8343/3	
552586344	8344/3	
341946844	8345/3	
391520215	8332/3	
1105395181	8350/3	
728047706	8370/0	
208514401	8323/0	
250230136	8347/3	
1471535628	8322/3	
1110122055	8370/3	
694629072	8372/0	
876573584	8346/3	
1068867490	8360/1	
220452562	8371/0	
188473878	8361/0	
173592549	8339/3	
909992218	8380/1	
937415380	8375/0	
1226125015	8144/0	
473068410	8383/3	
1745042963	8260/1	
1715306393	8384/3	
593357040	8382/3	
220446854	8335/1	
914978541	8158/3	
940396618	8380/0	
1838029945	8373/0	
579261678	8374/0	
1926516659	8380/2	
679837982	8381/0	
865562950	8381/1	
1647483968	8323/1	
1428071504	Adenocarcinoid tumour	XH5LA4
1645329062	8336/1	
2039682002	8349/1	
1501948768	8322/0	
1908703216	Acidophil carcinoma	XH2QZ6
1160889718	Adenocarcinoma in adenomatous polyposis coli	XH2ZH8
900837741	Adenocarcinoma, NOS	XH74S1
1352956210	Adenocarcinoma in adenomatous polyp	XH7QZ0
399742276	8381/3	
1037862696	8380/3	
2033492900	8348/1	
1322290998	8273/3	
301435641	Adenocarcinoma of anal glands	XH5RE1
814170373	Adenocarcinoma in multiple adenomatous polyps	XH9YR3
1850906180	Adenocarcinoma with mixed subtypes	XH2ZQ0
1788135242	Bronchial adenoma, carcinoid	XH2ZA2
2127202862	Adenoid cystic carcinoma	XH4302
634292737	Basophil carcinoma	XH9LV7
806977191	Adenocarcinoma in tubulovillous adenoma	XH7QB1
1825325069	Adenocarcinoma, intestinal type	XH0349
818219493	Alveolar adenocarcinoma	XH07X3
2056447106	Bile duct cystadenocarcinoma	XH3BU6
1042894837	Adenocarcinoma of lung, mixed mucinous and non-mucinous	XH5TR7
1450314987	Basal cell adenocarcinoma	XH9SA7
522339131	Neuroendocrine tumour, grade 2	XH51K1
27471085	Adenocarcinoma in villous adenoma	XH6DA5
2063199886	Adenocarcinoma of lung, mucinous	XH7GY6
717258719	Carcinoma simplex	XH6LF9
175850755	Bronchiolo-alveolar carcinoma, non-mucinous	XH2035
1166456890	Cyst-associated renal cell carcinoma	XH4KK0
792931693	Clear cell adenocarcinofibroma	XH2Q13
1600108866	Combined hepatocellular carcinoma and cholangiocarcinoma	XH7QJ6
1506509945	Carcinoma, diffuse type	XH0XL5
1437194524	Collecting duct carcinoma	XH4SQ4
1374795700	Clear cell adenocarcinoma, mesonephroid	XH6YS0
1466208503	Enteroglucagonoma, malignant	
785028269	Follicular carcinoma, oxyphilic cell	XH90N9
604338977	Follicular adenocarcinoma, well differentiated	XH8FK7
733803443	Follicular adenocarcinoma, moderately differentiated	XH7TE3
515585991	Follicular adenocarcinoma, trabecular	XH0VD1
1837154527	Follicular carcinoma, minimally invasive	XH3DN7
2137682178	Enterochromaffin-like cell tumour	XH0LH8
1345996436	Fetal adenocarcinoma	XH5P16
1378509381	Glucagonoma, malignant	
2110597275	Cholangiocarcinoma	XH7M15
519667495	Glycogen-rich carcinoma	XH3XT5
294407627	Chromophobe carcinoma	XH7SS7
1679002454	Granular cell carcinoma	XH2EH4
319986562	Gastrinoma, malignant	
1310497078	Hepatocellular carcinoma, clear cell type	XH4T58
1171537382	Goblet cell carcinoid	XH4262
631603215	Hurthle cell adenocarcinoma	XH6YH5
427476094	Linitis plastica	XH8WM4
899296277	Hepatocellular carcinoma, spindle cell variant	XH3T17
816710635	Hepatocellular carcinoma, fibrolamellar	XH9Q35
1853609130	Lipid-rich carcinoma	XH6TK0
463887063	Hurthle cell carcinoma	XH8MQ3
1252069130	Hepatocellular carcinoma, pleomorphic type	XH0G90
1797095048	Merkel cell carcinoma	XH81N8
1006147739	Mixed acidophil-basophil carcinoma	XH7019
10348641	Hepatocellular carcinoma, scirrhous	XH5761
1821247725	Mixed ductal-endocrine carcinoma	XH7CY5
1536813136	Mixed cell adenocarcinoma	XH2AM6
1302088307	Mixed medullary-follicular carcinoma	XH7DG7
1177006209	Mixed acinar-endocrine-ductal carcinoma	XH74Y9
135865740	Mixed medullary-papillary carcinoma	XH3340
116141514	Mixed endocrine and exocrine adenocarcinoma	XH6UP4
1406731977	Mixed pancreatic endocrine and exocrine tumour, malignant	XH9LZ7
699193190	Insulinoma, malignant	
1344965550	Mixed adenoneuroendocrine carcinoma	XH6H10
2037431973	Mixed acinar-endocrine carcinoma	XH8EZ3
1498718629	Pancreatobiliary-type carcinoma	XH6XY9
1280307069	Pancreatic neuroendocrine tumor, nonfunctioning	XH3709
77005587	Papillary renal cell carcinoma	XH1D07
1572023125	Papillary carcinoma, columnar cell	XH85E5
1928581627	Papillary microcarcinoma	XH2AW7
1072853993	Trabecular adenocarcinoma	XH7EX3
127970586	Papillary carcinoma, diffuse sclerosing	XH0426
1797583196	Oxyphilic adenocarcinoma	XH09D6
1785806810	Parietal cell carcinoma	XH1JZ0
1857515220	Papillotubular adenocarcinoma	XH4Q20
683710004	Scirrhous adenocarcinoma	XH4FS4
501715908	Nonencapsulated sclerosing carcinoma	XH1108
40991352	Papillary carcinoma, oncocytic variant	XH5YT2
455649353	Renal cell carcinoma, chromophobe type	XH6153
121984394	Papillary carcinoma, follicular variant	XH29M4
845303934	Islet cell adenocarcinoma	XH3614
1560259463	Superficial spreading adenocarcinoma	XH0JE3
533183403	Solid carcinoma with mucin formation	XH34G3
1494138219	Papillary carcinoma, encapsulated, of thyroid	XH0Q59
1288223869	Bronchial adenoma, cylindroid	XH81Q9
774859837	Renal cell carcinoma, sarcomatoid	XH9DH7
292140379	Papillary carcinoma of thyroid	XH1ND9
789686449	Typical carcinoid	XH1Z69
2058975738	Carcinoma of Skene, Cowper and Littre Glands	XH22Z8
860641742	Somatostatinoma, malignant	
2003983583	Basal cell carcinoma of the prostate	XH4ZC3
1876983744	Adenocarcinoma, metastatic, NOS	XH8UE4
688613140	VIPoma, malignant	
1595797924	Tubular adenocarcinoma	XH4TA4
614648657	Water-clear cell adenocarcinoma	XH0A57
1609609938	Neuroendocrine tumor, grade 1	XH9LV8
695737288	Hepatocellular carcinoma, NOS	XH4W48
1524427760	Villous adenocarcinoma	XH0X20
622479011	Enterochromaffin cell carcinoid	XH7NM1
1509102037	Neuroendocrine carcinoma, well-differentiated	XH55D7
1315634021	Villoglandular carcinoma	XH95U1
77244018	Minimally invasive adenocarcinoma, Mucinous	XH2098
529028650	Minimally invasive adenocarcinoma, Non-mucinous	XH3QM0
1313061259	Papillary adenocarcinoma, NOS	XH6LV9
1290067986	Pituitary carcinoma, NOS	XH7KL6
228479287	Micropapillary adenocarcinoma	XH4MW7
1275963293	Neuroendocrine carcinoma, moderately differentiated	XH7F73
1817404881	Cribriform comedo-type carcinoma	XH4YG1
957361283	Micropapillary carcinoma, NOS	XH6QG3
867718382	Lepidic adenocarcinoma	XH24W2
103891192	Serrated adenocarcinoma	XH74B2
1321751960	Neuroendocrine tumour, NOS	XH8DS0
311089140	Neuroendocrine carcinoma, NOS	XH0U20
2017903049	Thymic carcinoma with adenoid cystic carcinoma-like features	XH92Y9
888019865	Solid carcinoma, NOS	XH8B45
477527598	Neuroendocrine carcinoma, low grade	XH8LX8
1477968773	Cribriform carcinoma, NOS	XH1YZ3
1973069583	Acquired cystic disease associated renal cell carcinoma	XH0RU3
1222083762	Clear cell adenocarcinoma, NOS	XH6L02
43287272	Adrenal cortical carcinoma	XH4KH2
310790685	Hereditary leiomyomatosis and renal cell carcinoma (HLRCC) syndrome-associated renal cell carcinoma	XH5085
1231532708	Renal cell carcinoma, unclassified	XH3Z08
1783498331	Hybrid oncocytic chromophobe tumour	XH1VB1
1572277596	Renal cell carcinoma, NOS	XH05V6
133334204	Perihilar cholangiocarcinoma	XH43E4
2132213859	Tubulocystic renal cell carcinoma	XH7K79
1730422109	Adenocarcinoma, endocervical type	XH0GS9
580995748	Endometrioid adenocarcinoma, ciliated cell variant	XH9508
1363568258	Pituitary blastoma	XH5QV8
1688492644	Villoglandular variant of endometrioid adenocarcinoma	XH3CU4
1516419502	Endolymphatic sac tumor	XH85C2
232894476	Endometrioid adenofibroma, malignant	XH6KR7
2097680777	Endometrioid cystadenocarcinoma	XH09B7
954627198	Endometrioid adenocarcinoma, secretory variant	XH0718
2046360172	Endometrioid adenocarcinoma, NOS	XH0SD2
1827186562	MiT Family translocation carcinomas	XH1442
1704819468	Neuroendocrine tumour, grade 3	XH5QW8
1832421550	Follicular carcinoma, NOS	XH3Z50
1065076971	Acinar adenocarcinoma of prostate	XH4PB1
1870881360	Follicular carcinoma, encapsulated, angioinvasive	XH0Y80
920773245	Nesidioblastoma	XH1NL5
601911061	Succinate dehydrogenase deficient renal cell carcinoma	XH8EN1
146744831	Clear cell renal cell carcinoma, NOS	XH46F1
958174112	Glucagon-like peptide-producing tumour	XH7152
691356457	Islet cell carcinoma	XH5XB7
435981568	Glucagonoma	XH4NQ8
1432496894	Mixed neuroendocrine non-neuroendocrine neoplasm (MiNEN)	XH8E54
479541037	Islet cell tumor, NOS	XH2ST7
1290839901	Islet cell adenoma	XH4BY1
207719078	Islet cell adenomatosis	XH8SF8
753018328	Pancreatic peptide and pancreatic peptide-like peptide within terminal tyrosine amide producing tumour	XH9ZS8
2132213680	Parathyroid carcinoma	XH7JQ0
1739752429	L-cell tumour	XH7LW9
587237638	Gastrinoma	XH93H8
688119030	Somatostatinoma	XH5VH0
1020085490	Enteroglucagonoma	XH2PF0
861390858	Insulinoma, NOS	XH4SH8
1716531235	Alveolar soft part sarcoma	XH8V95
1012587212	Endocrine tumour, functioning, NOS	XH41P2
1712002145	Vipoma	XH72E5
238396704	9580/0	
810541251	Medullary thyroid carcinoma	XH60V1
1756688161	Medullary carcinoma with amyloid stroma	XH2MW1
61005688	ACTH-producing tumour	XH7AG8
1538713873	9582/0	
878041544	Adenosarcoma	XH5544
314303426	Poorly differentiated thyroid carcinoma	XH8VU6
1811710693	Endometrial stromal sarcoma, high grade	XH2CV3
2069696861	Gastrointestinal stromal tumour	XH9HQ1
1802662011	Malignant cystic nephroma	XH9M31
1241693063	Hepatoblastoma	XH2WE3
2075716045	Clear cell sarcoma of kidney	XH0765
1649022573	Granular cell tumour, malignant	XH90D3
1381936294	Pituitary neuroendocrine tumour	XH4NH4
1310236105	Pancreatoblastoma	XH27L5
1050293830	Pulmonary blastoma	XH5VH1
1082152535	Endometrial stromal sarcoma, NOS	XH1TK5
1159496549	Pleuropulmonary blastoma	XH2FY9
1691089129	Mullerian mixed tumour	XH7ZJ9
591475783	Nephroblastoma, NOS	XH5QN3
291206346	Mixed tumour, malignant, NOS	XH0V86
954021505	Adenomyoepithelioma with carcinoma	XH7TL5
803571555	Hepatoblastoma, mixed epithelial-mesenchymal	XH33R5
1024254447	Phosphaturic mesenchymal tumour, malignant	XH3B27
974860587	Hepatoblastoma, epithelioid	XH0H07
35175765	Carcinosarcoma, NOS	XH2W45
1850105733	Rhabdoid tumor, NOS	XH3RF3
1629106055	Malignant chondroid syringoma	XH64D5
1415553811	Carcinosarcoma, embryonal	XH2RK1
818735541	Gastroblastoma	XH4VQ1
820531192	Gastrointestinal pacemaker cell tumour	XH0712
454370152	Gastrointestinal autonomic nerve tumour	XH5CT2
716433287	9170/0	
1909503537	Carcinofibroma	XH1YV7
348004740	9581/3	
1899318945	Mesodermal mixed tumour	XH0Y65
778790764	9580/3	
1103451625	Stromal sarcoma, NOS	XH49Y5
979757212	Carcinoma ex pleomorphic adenoma	XH42V2
779742494	Endometrial stromal sarcoma, low grade	XH1S94
1371012015	Mesenchymoma, malignant	XH9N95
1420217640	9172/0	
102571163	Strumal carcinoid	XH2XW3
989583162	Embryonal sarcoma	XH42Q2
552794773	9173/0	
582746121	Gonadoblastoma	XH0K61
629720606	Myoepithelial carcinoma	XH43E6
714777961	9175/0	
1802811819	Immature teratoma of the thymus	XH2KP9
332184543	Immature teratoma of thyroid	XH5PC3
1017912001	Germ cell tumour, regressed	XH4NU1
1737364156	Lymphangiomyomatosis	XH10K6
383307665	Teratoma, NOS	XH83G5
793849214	Struma ovarii, NOS	XH22M4
872358015	Teratoma, benign	XH3GV5
1265120007	Dermoid cyst, NOS	XH9F67
1893869866	9171/0	
1735683502	Immature teratoma of the lung	XH5MG2
1295213329	Papillary meningioma	XH2NY9
1914835297	Intimal sarcoma	XH36H7
1014962038	Epithelioid haemangioendothelioma, NOS	XH9GF8
650980425	Kaposi sarcoma	XH36A5
689614936	Meningeal sarcomatosis	XH5976
929821871	Haemangioendothelioma, malignant	XH4E71
929809638	Intravascular bronchial alveolar tumour	XH3C78
248222422	9120/0	
1354558310	9170/3	
114403045	Kupffer cell sarcoma	XH6FJ5
1178041789	Rhabdoid meningioma	XH6QS9
1704095230	9174/1	
73464724	Teratoma, prepubertal type	XH52Q4
714045144	9120/3	
1878667778	9174/0	
1130915844	Meningioma, malignant	XH0324
1936138904	Hemangiosarcoma	XH6264
1046464816	9122/0	
503384932	9121/0	
123263325	9123/0	
1213206986	9124/3	
933726377	9133/3	
1934534146	9132/0	
2024751164	9135/1	
1844856326	9136/1	
825222465	9137/0	
42536499	9130/0	
30454965	9160/0	
2079783610	9140/3	
584567935	9130/1	
906457991	9125/0	
1460290052	9131/0	
889074223	9141/0	
564605975	9142/0	
1535212056	9161/1	
134192924	Composite haemangioendothelioma	XH8D24
402819735	9130/3	
906475007	Papillary intralymphatic angioendothelioma	XH4SY7
1059050515	9137/3	
2078259284	9161/0	
1561297514	9126/0	
1813263284	Kaposiform haemangioendothelioma	XH6PA4
1524166413	Intratubular malignant germ cells	XH8AD3
321855716	Pseudomyogenic (epithelioid sarcoma-like) haemangioendothelioma	XH26F6
2106489349	Medulloepithelioma, benign	XH28W9
788858801	9138/1	
171004553	9150/1	
575417126	Gangliocytoma	XH6KA6
1300300000	Spindle cell haemangioendothelioma	XH2PS0
1313053561	Gemistocytic astrocytoma	XH5Y81
2041105690	Haemangioblastoma	XH6810
754435618	Haemangioendothelioma, NOS	XH2L98
664886608	Retiform haemangioendothelioma	XH64U8
940250620	Dysplastic gangliocytoma of cerebellum (Lhermitte-Duclos)	XH6K00
2011571705	Astroblastoma	XH1DC5
1741243615	Ganglioneuromatosis	XH6LR5
513798842	Ependymoma, anaplastic	XH6922
1180465075	Fibrillary astrocytoma	XH6C35
38838668	Gliosarcoma	XH9RC8
2063996909	Oligoastrocytoma, NOS	XH6F49
193248354	Gliomatosis cerebri	XH6ZH4
1216986737	Teratoid medulloepithelioma, benign	XH5NR7
324127006	Pacinian tumour	XH8NQ6
1962792863	Astrocytoma, low grade	XH1S63
1593883407	Astrocytoma, anaplastic	XH96C7
1419974099	Cellular ependymoma	XH54D9
124030582	Pleomorphic xanthoastrocytoma	XH99U2
1898960802	Diffuse intrinsic pontine glioma, H3 K27M-mutant	XH9YU2
81316964	Tanycytic ependymoma	XH4BJ4
1312836652	Diffuse midline glioma, H3 K27M-mutant	XH7692
829995112	Diffuse astrocytoma	XH8W32
1107564829	Ganglioneuroma	XH03L9
1048620871	Ependymoma, NOS	XH1511
1627611607	Diffuse astrocytoma, low grade	XH6UY7
1052848374	Protoplasmic astrocytoma	XH6UV4
1096655771	Clear cell ependymoma	XH6E51
1253852583	Glioma, malignant	XH4RQ3
72739247	Ependymoma, RELA fusion-positive	XH2AY7
731395788	Papillary ependymoma	XH9J28
1687223897	Choroid plexus carcinoma	XH3M77
1757181491	Retinocytoma	XH5AV1
1264394556	Astrocytoma, NOS	XH6PH6
371288018	Anaplastic pleomorphic xanthoastrocytoma	XH8BK8
231121448	Cystic astrocytoma	XH36Y8
1217361825	Polar spongioblastoma	XH83Y5
696403494	Diffuse astrocytoma, IDH-mutant	XH2HK4
1739022363	Glioblastoma, IDH mutant	XH4FN3
1235392779	Oligodendroglioma, NOS	XH7W59
867014124	Glioblastoma, secondary, NOS	XH17J4
1198831571	Glioblastoma, IDH-wild type	XH5571
1993147011	Oligodendroglioma, IDH-mutant and 1p/19q co deleted	XH7K31
1384769153	Oligodendroglioma, anaplastic, IDH mutant and 1p/19q co deleted	XH9QF3
2025477627	Melanotic medulloblastoma	XH4B47
955182444	Oligodendroglioma, anaplastic	XH8844
1180260729	Medulloblastoma, NOS	XH8P29
1711774517	Oligodendroblastoma	XH7CX7
1771524425	Diffuse intrinsic pontine glioma	XH61Y5
1459145409	Diffuse midline glioma, NOS	XH3N49
487340946	Astrocytoma, anaplastic, IDH-mutant	XH7HQ6
1391600051	Glioblastoma, primary, NOS	XH0MB1
581900902	Glioblastoma, NOS	XH7F82
1698853218	Medulloblastoma, SHH-activated and TP53-wild type	XH9M38
1147158338	Cerebellar sarcoma, NOS	XH5538
1703856928	Medulloblastoma, WNT-activated, Anaplastic type	XH2FW8
16820265	Embryonal tumours with multilayered rosettes with C19MC alteration	XH51C5
1103769374	Medulloblastoma, SHH-activated and TP53-mutant	XH1SH4
552492151	Medulloblastoma, WNT-activated, classic	XH3EX1
464692063	Central primitive neuroectodermal tumour	XH89C3
913133221	Classic medulloblastoma	XH0RY1
486302565	Desmoplastic nodular medulloblastoma	XH7PN5
2064622792	Embryonal tumour with multilayered rosettes, NOS	XH0KZ2
1789861765	Epithelioid glioblastoma	XH2BA5
1997466498	Diffuse low-grade glioma, MAPK pathway-altered	XH17F8
620783456	Medulloblastoma, WNT-activated, NOS	XH0ZP6
543113874	Medulloblastoma, group 4	XH25R4
1336866873	Medulloblastoma, group 3	XH5XD3
1598890849	Diffuse astrocytoma, IDH-wildtype	XH2C49
221360525	Giant cell glioblastoma	XH8UC5
1881658944	Papillary tumour of the pineal region	XH3904
1438680077	Astrocytoma, anaplastic, IDH-wildtype	XH39Z7
1162549306	Medulloblastoma with extensive nodularity	XH6JN6
713425803	Medulloblastoma, WNT-activated, Large cell type	XH5163
354755197	Medulloblastoma, SHH activated, NOS	XH85M7
310362286	Supratentorial PNET	XH7Y86
13531075	Anaplastic medulloblastoma	XH0H95
1476046677	Large cell medulloblastoma	XH5PR7
437409905	Medulloblastoma, non-WNT/non-SHH	XH87Q5
1512958696	CNS embryonal tumour, NOS	XH8SH6
817547820	Dysgerminoma	XH24E0
41211277	Infant-type hemispheric glioma	XH4ZM8
1027553794	Medullomyoblastoma	XH8R14
150565601	Diffuse paediatric-type high-grade glioma, H3-wildtype and IDH-wildtype	XH4Q01
424726772	Pilocytic astrocytoma	XH12D2
807238234	Germ cell tumour, nonseminomatous	XH0A34
699932325	Hepatoid yolk sac tumour	XH7SG5
590723529	Immature teratoma, malignant	XH0N49
747385179	Malignant teratoma, undifferentiated	XH2PP9
1898283933	Germinoma	XH1E13
315967029	Diffuse hemispheric glioma, H3 G34-mutant	XH2SS9
1497019688	Polyembryoma	XH9Z28
625245284	Seminoma, anaplastic	XH6YQ4
1589823811	Spermatocytic seminoma	XH80D1
372407741	Teratocarcinoma	XH56W1
234074139	Embryonal carcinoma, NOS	XH8MB9
2013052154	Seminoma, NOS	XH9FM4
1277295600	Mixed germ cell tumour	XH2PS1
1645035534	Malignant teratoma, intermediate	XH43T4
1084215767	Yolk sac tumour	XH09W7
849095571	Yolk sac tumour, post pubertal type	XH15X1
1639667239	Germ cell tumour with associated haematological malignancy	XH9QP9
1507806648	Teratoma with malignant transformation	XH33E8
1090546939	Teratoma, malignant, NOS	XH7YZ9
427552329	Meningiomatosis, NOS	
20518834	Adenomyoma	XH4ZH4
1449575722	Mixed teratoma and seminoma	XH5U02
146148584	Chordoid meningioma	XH2LS4
1021576736	Atypical meningioma	XH1PF6
2005741559	Clear cell meningioma	XH71V9
1239367058	Teratocarcinosarcoma	XH1P78
883958104	Benign cystic nephroma	XH6YS4
2114073773	Endometrial stromal nodule	XH8C13
333687507	Struma ovarii, malignant	XH5PU7
295207948	Chondroid syringoma	XH70N8
293436572	Ossifying renal tumour	XH3SR2
1680736377	Stromal tumour, benign	XH2E97
1553985480	Paediatric cystic nephroma	XH7TJ0
1856218901	Pleomorphic adenoma	XH2KC1
1250100133	Mixed epithelial and stromal tumour	XH0533
1499583833	Adult cystic nephroma	XH1SP3
491922339	Pulmonary hamartoma	XH3UD9
1512954529	Gastrointestinal stromal tumour, benign	
915849441	Adenomyoepithelioma, NOS	XH5QU1
1874076023	Mesenchymoma, benign	XH7AA3
2010512916	Phosphaturic mesenchymal tumour, benign	XH9T96
382206637	Adenomyoepithelioma, benign	XH2V57
2068378283	Ganglioglioma, NOS	XH5FJ3
253781008	Myoepithelioma	XH3CQ8
2039766091	Central neurocytoma	XH0C11
1153202251	Atypical polypoid adenomyoma	XH7ZB1
286188231	9490/0	
612022510	Renomedullary interstitial cell tumour	XH3470
350172585	9492/0	
1540881726	9491/0	
1594631904	Papillary glioneuronal tumour	XH3XU4
1501897296	Ectomesenchymal chondromyxoid tumour	XH1WZ6
524211093	9490/3	
950838670	Cerebellar liponeurocytoma	XH2GB0
1257410728	Rosette-forming glioneuronal tumour	XH2JU8
25572241	9493/0	
721606155	​Mesenchymal hamartoma	XH2P15
2010081047	Retinoblastoma, spontaneously regressed	XH2F27
445204761	Extraventricular neurocytoma	XH2HS1
705713423	9501/0	
2074115488	9503/3	
1543421908	9502/3	
569488179	9502/0	
711692861	9505/3	
562721793	9504/3	
352586165	9505/1	
513681595	9501/3	
240431373	9500/3	
1260710744	9512/3	
709021907	9511/3	
1348771548	9506/1	
650031638	9513/3	
1882872976	9507/0	
1699354696	9510/3	
539660079	9509/1	
1864517564	9510/0	
1397390983	9523/3	
752283114	9521/3	
1675502973	9520/3	
143788524	9522/3	
1661933011	Biliary intraepithelial neoplasia, high grade	XH5U91
1935321529	Prostatic intraepithelial neoplasia, grade III	XH5C49
1898022752	Adenocarcinoma in situ in villous adenoma	XH8TV2
1443418535	Oesophageal glandular dysplasia (intraepithelial neoplasia), high grade	XH36M5
1174241032	Cribriform carcinoma in situ	XH7Y32
1697615950	Adenocarcinoma in situ, NOS	XH2L30
644842172	Papillary neoplasm, pancreatobiliary-type, with high grade intraepithelial neoplasia	XH26M2
792259167	Adenocarcinoma in situ in adenomatous polyp	XH4J07
1752290867	Glandular intraepithelial neoplasia, high grade	XH28N7
1989839719	Adenocarcinoma in situ of lung, non-mucinous	XH1FR9
1801894330	Adenocarcinoma in situ in tubulovillous adenoma	XH3770
1018288653	9530/0	
2009647928	Endometrioid intraepithelial neoplasia	XH4Z68
316614931	9530/3	
327143997	9538/1	
1919037062	9539/1	
1128105056	9534/0	
1720393390	9531/0	
1826832722	9535/0	
696505915	9532/0	
1903052817	Atypical choroid plexus papilloma	XH3Y57
1839274787	Desmoplastic infantile ganglioglioma	XH6TQ7
1941508760	9530/1	
628750157	Ductal carcinoma in situ, solid type	XH0557
1396506201	Flat intraepithelial glandular neoplasia, high grade	XH5161
1417590930	9508/3	
1773566593	9514/1	
783030578	Mixed subependymoma-ependymoma	XH6738
902114904	Desmoplastic infantile astrocytoma	XH7M44
602638791	9533/0	
1218946384	9537/0	
276010586	Adenocarcinoma in situ of lung, mucinous	XH6BU6
1847417141	Myxopapillary ependymoma	XH15U1
742427429	Capillary haemangioma	XH3U29
2104197781	Chordoid glioma of third ventricle	XH4101
1288818911	Chordoid glioma	XH9HV1
1180755682	Cavernous haemangioma	XH1GU2
887826408	Subependymal giant cell astrocytoma	XH1L48
1580118719	Subependymoma	XH8FZ9
1292743948	9539/3	
1354083954	Pituicytoma	XH59V4
479631423	Haemangioendothelioma, benign	XH0LN3
1571709434	Epithelioid haemangioma	XH10T4
134504304	Haemangioma, NOS	XH5AW4
542904305	Angiocentric glioma	XH41C5
141369957	9538/3	
413519062	Angiofibroma, NOS	XH1JJ2
488579583	Venous haemangioma	XH4NS3
869687953	Racemose haemangioma	XH2HR3
658806153	Intramuscular haemangioma	XH0553
1026218484	Myointimoma	XH37N4
748282598	Gliofibroma	XH0B58
1760292206	Cellular angiofibroma	XH4E06
1286334137	Angiokeratoma	XH4KP7
405626339	Cutaneous epithelioid angiomatoid nodule	XH8SM9
382850767	Atypical vascular lesion	XH8KN7
1817606994	Acquired tufted haemangioma	XH2EX4
544224605	Sinusoidal hemangioma	XH88L5
247035443	Microvenular hemangioma	XH9UU3
1420488830	Glomeruloid hemangioma	XH9NB0
1579636498	Spindle cell hemangioma	XH6RP8
1441788866	Congenital hemangioma, NOS	XH27G6
1509298006	Verrucous keratotic haemangioma	XH23S6
865348209	Giant cell angiofibroma	XH73S9
1225587871	Cherry hemangioma	XH9Q71
557135587	Congenital hemangioma, non-involuting	XH5427
488878256	Dysembryoplastic neuroepithelial tumour	XH0H76
532160165	Lobular capillary haemangioma	XH4LY5
966054033	Hobnail hemangioma	XH8PD3
186702659	Choroid plexus papilloma, NOS	XH0RF9
2140874384	Congenital hemangioma, rapidly involuting	XH6RC4
1720766924	9060/3	
2043314690	9064/3	
1296820548	Sellar ependymoma	XH1Q28
2082166128	9062/3	
2056218709	9070/3	
91812148	9083/3	
244913930	9081/3	
1476686246	Lymphangiosarcoma	XH10U6
467923410	Infiltrating angiolipoma	XH7TB0
796386136	9085/3	
613811562	9090/0	
506603200	Intramuscular lipoma	XH3TE0
259761352	9080/1	
1803854541	Fibrolipoma	XH2SJ1
187893590	9084/3	
1296367542	9064/2	
1248868769	9082/3	
1583783465	Infiltrating lipoma	XH5GN5
2127023047	9091/1	
877065198	Fibromyxolipoma	XH0PH8
1187910536	9061/3	
1428843115	9073/1	
270661390	9084/0	
856923643	9063/3	
11085402	9080/3	
438477566	9080/0	
898080962	9071/3	
1502888014	9065/3	
298009796	9072/3	
815250037	Angiolipoma, NOS	XH3C77
236799898	Spindle cell lipoma	XH4E98
559791414	Angiomyolipoma	XH4VB4
385545588	Lipoma, NOS	XH1PL8
292443838	Chondroid lipoma	XH7WX8
2086516805	8850/1	
982727214	Hibernoma	XH1054
298311945	8850/3	
1642921265	Myelolipoma	XH17C5
1478057031	8850/0	
1257531697	Pleomorphic lipoma	XH30M7
1532146135	Lipoblastomatosis	XH8L55
15079711	Thymolipoma	XH4G31
1590634910	8851/0	
464502517	8851/3	
1420260962	8851/1	
313136845	Squamous cell papilloma, inverted	XH7YQ5
914125517	Capillary lymphangioma	XH6LF7
245215939	8852/3	
622532961	8860/0	
386709809	Lymphangiomyoma	XH2DS9
2132925892	8862/0	
2060027262	8852/0	
2070511186	8857/0	
1100315224	8854/0	
130424967	Cavernous lymphangioma	XH2EU7
503688873	8881/0	
167459388	Lichen planus-like keratosis	XH63L8
1303207091	Squamous intraepithelial neoplasia, low grade	XH4611
977357483	8880/0	
1111707520	Cystic lymphangioma	XH8G00
137098914	Anal intraepithelial neoplasia, low grade	XH9S34
149760023	Squamous papillomatosis	XH50N3
1117514043	Benign keratosis, NOS	XH0S03
144282989	Papilloma, NOS	XH17Q9
1324193838	Lymphangioma, NOS	XH9MR8
443843305	8858/3	
249060472	Squamous cell papilloma, NOS	XH50T2
1355163048	PUVA keratosis	XH8MN8
944522143	Haemolymphangioma	XH62A3
171852927	Warty dyskeratoma	XH65S7
2026386410	Verrucous papilloma	XH2Y10
980680397	Oesophageal squamous intraepithelial neoplasia (dysplasia), low grade	XH3Y37
1892986896	Actinic keratosis	XH36H6
469343972	9086/3	
83225919	8855/3	
86954275	8870/0	
548473149	8856/0	
1587087755	9090/3	
1894997854	8861/0	
979944309	Seborrhoeic keratosis	XH0949
2070324118	9380/3	
2135563518	Solar lentigo	XH7B58
2068832632	9390/1	
1043297809	9385/3	
879651587	9381/3	
178326437	9384/1	
506927823	Cervical intraepithelial neoplasia, low grade	XH1W63
786821031	9383/1	
21032345	9390/0	
557280571	9382/3	
1827417585	Clear cell acanthoma	XH13L5
1165679362	Large cell acanthoma	XH7AQ2
2052659044	Arsenical keratosis	XH5NG4
1618710026	8857/3	
1274881452	8854/3	
1527849780	9390/3	
724248627	8860/1	
20654763	9391/3	
901076767	9392/3	
1335040272	9401/3	
1225204779	9420/3	
1804973556	9412/1	
183733881	9411/3	
673404736	9424/3	
208122690	9423/3	
961099226	9432/1	
1822520295	9441/3	
1131379671	9421/1	
1945837613	9425/3	
1959781946	9396/3	
1174095596	9410/3	
103198288	9431/1	
1331044354	9476/3	
1027858090	9472/3	
852694230	9444/1	
182111383	9393/3	
1351287356	9395/3	
2083103409	9430/3	
2006630737	9470/3	
1893056632	9394/1	
101706942	9413/0	
197070507	9477/3	
930677898	9440/3	
230461280	9442/3	
1245644516	Lipofibromatosis	XH4QB6
382901168	Granular cell tumour of the sellar region	XH2XW8
38227756	9451/3	
1152894528	9478/3	
164471582	9471/3	
1796391936	9475/3	
605686933	9474/3	
1204178480	9391/1	
501365817	Ganglioneuroblastoma, intermixed	XH0RB7
406773184	Atypical teratoid/rhabdoid tumour	XH7ZQ4
949094852	9460/3	
1382625499	Spongioneuroblastoma	XH49K9
1201112723	Ganglioglioma, anaplastic	XH2GG3
931014416	Retinoblastoma, undifferentiated	XH7KP6
2144136007	Retinoblastoma, NOS	XH8WC7
122539164	Olfactory neurogenic tumour	XH09A4
1916269207	Ganglioneuroblastoma	XH77W7
771870004	Atypical lipomatous tumour	XH0RW4
1373574843	Dedifferentiated liposarcoma	XH1C03
634305613	Angiomyolipoma, Epithelioid	XH0QR3
2008253375	9442/1	
1908644887	Inflammatory liposarcoma	XH7PE7
807312706	Fibroblastic liposarcoma	XH6R46
1877382372	CNS embryonal tumor with rhabdoid features	XH3AV2
1299262449	Olfactory neuroepithelioma	XH2Y49
868462896	Retinoblastoma, differentiated	XH6JM6
883278510	Neuroblastoma, NOS	XH85Z0
21495372	Neuroepithelioma, NOS	XH9FP2
488447206	9473/3	
1493574777	Retinoblastoma, diffuse	XH1YZ7
961418820	Olfactory neurocytoma	XH7QE0
1538738503	Mixed liposarcoma	XH8VG3
2121929861	Liposarcoma, well differentiated	XH7Y61
401366818	Teratoid medulloepithelioma	XH0AM8
379056340	9445/3	
1919184181	Squamous cell carcinoma, clear cell type	XH9DC1
613182040	Myxoid liposarcoma	XH3EL0
1313472271	Pleomorphic liposarcoma	XH25R1
248916045	Liposarcoma, NOS	XH2J05
10211717	9400/3	
572099936	9450/3	
335205580	CNS ganglioneuroblastoma	XH70S0
1322813969	Granular cell tumour, NOS	XH09A9
1374601222	9480/3	
1181505860	Squamous cell carcinoma, spindle cell	XH6D80
218610836	Pseudovascular squamous cell carcinoma	XH0Z16
180517430	Verrucous carcinoma, NOS	XH5PM0
121049560	Lymphoepithelial carcinoma	XH1E40
842061218	Bowen disease	XH2NM8
334871684	Squamous cell carcinoma, metastatic, NOS	XH84Q4
866877128	Differentiated VIN	XH9CL8
1738201981	Basaloid squamous cell carcinoma	XH3GS1
1572957963	Squamous cell carcinoma, microinvasive	XH90Y3
316816104	Differentiated PeIN	XH6824
1232232864	Papillary carcinoma in situ	XH4JA4
1681730143	Sclerosing liposarcoma	XH8D43
53002801	Olfactory neuroblastoma	XH50L1
2074937915	Medulloepithelioma, NOS	XH2WK5
1545112705	Squamous cell carcinoma, NOS	XH0945
665703097	Papillary squamous cell carcinoma	XH6S97
1648716952	Granulosa cell tumour, juvenile	XH2KH2
678947704	Queyrat erythroplasia	XH2H04
486119116	Squamous cell carcinoma in situ with questionable stromal invasion	XH1U36
599258359	Papillary squamous cell carcinoma, non-invasive	XH8YK9
801349004	Papillary carcinoma, NOS	XH0UU4
1065393097	Squamous cell carcinoma, HPV negative	XH2137
1072073638	Keratoacanthoma	XH9XR8
1082079172	Vulvar intraepithelial neoplasia, grade III	XH5FT2
1455780263	Squamous cell carcinoma with horn formation	XH2JN3
82154167	Differentiated intraepithelial neoplasia	XH6RW7
106246157	Sertoli-Leydig cell tumour of intermediate differentiation	XH0UP7
1301747337	Squamous cell carcinoma in situ, NOS	XH7WM7
402491490	Squamous cell carcinoma, adenoid	XH7LH0
768467940	Warty-basaloid carcinoma	XH6FU0
878218147	Squamous cell carcinoma, HPV positive	XH0EJ7
1543831202	Large cell calcifying Sertoli cell tumour	XH9E02
1007584379	Sex cord-gonadal stromal tumour, mixed forms	XH19F9
432265657	Granulosa cell-theca cell tumour	XH37K7
1720681097	Warty carcinoma	XH7UR7
1230895256	Sertoli-Leydig cell tumour, intermediate differentiation, with heterologous elements	XH8U56
1684085490	Papillary-basaloid carcinoma	XH24M0
1575678579	Squamous cell carcinoma, keratinizing, NOS	XH4CR9
572503172	Schmincke tumour	XH4GV2
1038806115	Squamous cell carcinoma, small cell, nonkeratinizing	XH2435
2041452145	Squamous cell carcinoma, large cell, nonkeratinizing, NOS	XH6705
703607347	Sex cord-gonadal stromal tumour, incompletely differentiated	XH5PC7
1554206416	Sertoli-Leydig cell tumour, retiform	XH6XB6
1503093038	Sex cord tumour with annular tubules	XH5BV8
215521121	Sertoli-Leydig cell tumour, retiform, with heterologous elements	XH3PN1
642366113	Stromal tumour with minor sex cord elements	XH8033
983274868	Uterine tumour resembling ovarian sex cord tumour	XH8CW8
2147156507	Sex cord-stromal tumour, unclassified	XH0667
243285386	8050/0	
22200084	8050/2	
2069738485	8051/0	
347699275	Anal intraepithelial neoplasia, grade III	XH7SX5
759415942	Squamous intraepithelial neoplasia, high grade	XH3EA2
945220309	Sertoli-Leydig cell tumour, NOS	XH6FQ9
366295323	Vaginal intraepithelial neoplasia, grade III	XH6F63
1892127483	8053/0	
218017658	Oesophageal squamous intraepithelial neoplasia (dysplasia), high grade	XH9ND8
1478416624	Gynandroblastoma	XH0Q64
1431849701	8050/3	
10571644	Sertoli cell tumour, NOS	XH4H24
1570547312	Androblastoma, NOS	XH0GT2
471016165	Adult granulosa cell tumour of testis	XH5BN5
180919836	8052/3	
1479381474	8054/3	
513620368	Mixed germ cell-sex cord-stromal tumour, NOS	XH0U48
170715152	Intratubular large cell hyalinizing Sertoli cell neoplasia	XH7RD2
1144137853	8051/3	
299527748	8052/2	
1328353537	Sex cord-gonadal stromal tumour, NOS	XH9G57
1800065947	Leydig cell tumour of the testis, NOS	XH51L7
1845348408	Mixed germ cell-sex cord-stromal tumour, unclassified	XH27A8
1041524340	8078/3	
1241651503	8052/0	
1172903009	8071/3	
1810689393	8070/2	
658781985	8077/0	
2134659721	8070/6	
1571734352	8071/2	
1917129825	8080/2	
1546381183	8083/3	
2071261467	8084/3	
1336412531	8060/0	
1028513014	8081/2	
1103580478	8072/0	
880556432	8082/3	
1209421399	8054/0	
1958133435	8073/3	
1077461775	8074/3	
1617297731	8075/3	
1600295109	8070/3	
182574326	8072/3	
209052111	8076/2	
768571217	8591/1	
1545706894	8594/1	
2088722370	8600/0	
1521852599	8590/0	
1132276060	8076/3	
745507967	8601/0	
1480309700	8600/3	
423693029	8592/1	
640586093	8593/1	
1897705191	8077/2	
638047107	8620/1	
1762597654	8610/0	
2062246651	8590/1	
820321693	8086/3	
1197598730	8620/3	
670412145	8621/1	
1682462748	8070/0	
2085015570	8631/1	
1476539408	8631/0	
1574167422	8630/3	
1862198289	8634/1	
1440764889	8643/1	
1144957719	8671/0	
689293987	Androblastoma, benign	XH7H87
885268660	8640/3	
1906620379	8642/1	
1624167747	8634/3	
1090491293	Microcystic stromal tumour	XH35B3
1639038517	8650/3	
783906466	8660/0	
1713122822	Luteoma, NOS	XH40J2
1684040027	8670/3	
522118182	Leydig cell tumour of the ovary, NOS	XH5XQ2
643889231	Adrenal rest tumour	XH9RV1
962315773	Mesonephroma, benign	XH5AH3
492244329	Masculinovoblastoma	XH1PE9
1500755340	Thecoma, NOS	XH34A0
63352707	Sertoli cell tumour with lipid storage	XH0BG7
799643974	Sex cord-stromal tumour, benign	XH3C14
1944302720	Sertoli-Leydig cell tumour, poorly differentiated	XH29E0
330008133	Sertoli-Leydig cell tumour, well differentiated	XH7E53
327411865	Granulosa cell tumour of the testis, juvenile	XH2U25
1983013650	Thecoma, luteinized	XH0Z30
1404925492	Sertoli-Leydig cell tumour, poorly differentiated, with heterologous elements	XH3BT2
1011736745	Adult granulosa cell tumor of ovary	XH0GA5
561859837	Adenoma of rete ovarii	XH3SX7
1385398148	Androblastoma, malignant	XH44E8
240969828	Fibrous mesothelioma, malignant	XH54S8
1765896758	Granulosa cell tumour, sarcomatoid	XH97Z8
142670287	Granulosa cell carcinoma	XH1QG7
1057178298	Mesothelioma, biphasic, malignant	XH1DX8
89716430	Mesothelioma, malignant	XH0XV0
1367549464	8085/3	
991339054	8640/1	
1667712234	8602/0	
1761437158	8622/0	
1368489881	8633/1	
664708991	8631/3	
765325965	8623/1	
731804538	8632/1	
1634610797	8650/0	
866012679	Steroid cell tumour, malignant	XH4L39
372775371	Sertoli cell carcinoma	XH7051
1459675148	Leydig cell tumour, malignant	XH9G68
1414491695	Epithelioid mesothelioma, malignant	XH0VP5
19107505	Wolffian tumour	XH2WJ5
941849376	Low grade fibromyxoid sarcoma	XH4V76
410892652	Sclerosing epithelioid fibrosarcoma	XH4BT2
912821570	Ossifying fibromyxoid tumour, malignant	XH3TB0
412431961	9050/0	
35566333	9051/0	
952890389	9050/3	
1293318762	9051/3	
1767022188	9052/0	
2011856496	9053/3	
976710984	Epithelioid mesothelioma, benign	XH0KC4
1828228664	9054/0	
1655928918	9052/3	
1657323364	9055/0	
1687780661	Mesothelioma, benign	XH1SS1
767275203	9052/1	
168068812	Peritoneal inclusion cysts	XH8U12
482030856	Well differentiated papillary mesothelioma of the pleura	XH85T6
202045795	8840/0	
37406769	8840/3	
801757968	Well differentiated papillary mesothelioma	XH67N8
2011322575	9110/0	
602451264	9110/3	
811545276	Fibrous mesothelioma, benign	XH2VV6
742010786	9110/1	
1218852175	Adenocarcinoma of rete ovarii	XH71B5
422822623	Adenomatoid tumour, NOS	XH6BY3
749040565	Mesonephroma, malignant	XH5WG5
1211218378	Sclerosing stromal tumour	XH6NZ8
1436980645	Signet-ring stromal tumour	XH69N5
1321938003	8641/0	
165222031	8630/0	
1653946906	8622/1	
2079847238	8084/0	
1375822308	8630/1	
2036352469	Pulmonary myxoid sarcoma with EWSR1-CREB1 translocation	XH51Y9
1093725217	8650/1	
1357780207	8670/0	
374543301	Lipid cell tumour of ovary	XH9XY1
1674368346	Thecoma, malignant	XH1JS6
1196978574	Deep angiomyxoma	XH4V74
778749756	Myxosarcoma	XH5WF6
59041635	Granulosa cell tumour, adult type	XH7DV5
682216229	Superficial angiomyxoma	XH58A9
56696819	Sertoli-Leydig cell tumour, sarcomatoid	XH4KB9
1234256614	Hilus cell tumour	XH9LH4
1592290487	Ossifying fibromyxoid tumour	XH1DA7
212666004	Myxoma, NOS	XH6Q84
1810868419	Angiomyxoma	XH9HK9
298025660	Parachordoma	XH0S20
399418297	9370/3	
1047011442	9350/1	
657584717	9352/1	
2003003666	9365/3	
46065519	9363/0	
585114915	9362/3	
946577799	9364/3	
1395100944	9370/0	
312661083	8430/1	
289853009	9373/0	
1302293780	9372/3	
1910553231	Mixed pineal tumour	XH2S71
855381527	8430/3	
249272720	Transitional pineal tumour	XH3D20
165359117	8842/0	
174460848	Pineal parenchymal tumour of intermediate differentiation	XH1S48
455421912	Melanotic neuroectodermal tumour	XH6C72
1489398574	9371/3	
587798737	Benign notochordal cell tumour	XH7MT7
1748581080	9360/1	
1188292248	8841/0	
1679690951	Pineoblastoma	XH1ZH1
506913342	9351/1	
376330391	9361/1	
478292021	8842/3	
1775241004	Neuroectodermal tumour, NOS	XH7K24
458106328	Ewing sarcoma	XH8KJ8
1455398050	Chordoma, NOS	XH9GH0
1742747256	Peripheral primitive neuroectodermal tumour	XH6P76
351776070	Askin tumour	XH0FH0
720664478	Chondroid chordoma	XH17D8
1631660343	Dedifferentiated chordoma	XH7303
629228914	Pineocytoma	XH1K94
339416892	Craniopharyngioma	XH1AZ2
1874698779	Craniopharyngioma, adamantinomatous	XH15X9
2130608749	Pinealoma	XH8QA9
287052516	Mucoepidermoid carcinoma	XH1J36
191920280	Aneurysmal bone cyst	XH23E0
1467040586	Ossifying fibroma	XH6M86
243018210	Craniopharyngioma, papillary	XH2BF0
2007342157	Myeloproliferative neoplasm, NOS	XH5HH7
1194444727	Chronic neutrophilic leukaemia	XH5NQ7
1221199813	Polycythaemia vera	XH0453
1735329275	Essential thrombocythemia	XH4ZM5
1407285327	Primary myelofibrosis	XH7GG7
295622634	Myeloid or lymphoid neoplasm with PCM1-JAK2	XH2WB4
737624566	9044/3	
263431672	9043/3	
1452647270	9045/3	
265638306	Synovial sarcoma, spindle cell	XH9346
1806656652	9963/3	
1440901979	9041/3	
184725031	9950/3	
994012326	Clear cell sarcoma, NOS	XH77N6
1331958181	Clear cell sarcoma, of tendons and aponeuroses	
1520084973	Malignant melanoma of soft parts	XH5854
182550108	Synovial sarcoma, biphasic	XH1J28
986879448	Synovial sarcoma, epithelioid cell	XH06L8
1787687123	9040/3	
1577291111	9040/0	
1433748854	Myeloid neoplasms with PDGFRB rearrangement	XH6QD4
1643854018	Myeloid and lymphoid neoplasms with FGFR1 abnormalities	XH1WR8
134364357	Biphenotypic sinonasal sarcoma	XH3797
1458849173	Mucoepidermoid tumour	XH80V3
1680535472	Chronic eosinophilic leukaemia	XH51D2
459386602	Synovial sarcoma, NOS	XH9B22
723658555	Myeloid and lymphoid neoplasms with PDGFRA rearrangement	XH07H5
614968345	9962/3	
1615758002	9961/3	
1141532340	9960/3	
804087740	9042/3	
2132070780	9966/3	
2130076342	9964/3	
1246772827	Synovioma, benign	XH2AW8
454258822	9968/3	
1470197661	9262/0	
581347651	Acral melanoma	XH9L11
148012051	Amelanotic melanoma	XH3TK1
1898242088	9965/3	
1284116503	9260/0	
1944423327	9261/3	
1006501843	9967/3	
847890533	Malignant melanoma, regressing	XH6XP3
1754943016	Desmoplastic melanoma, amelanotic	XH1P36
757014993	Mucosal lentiginous melanoma	XH5QP3
489474651	Malignant melanoma in junctional naevus	XH23B1
2011782924	Lentigo maligna melanoma	XH9NL4
928521995	Desmoplastic melanoma, NOS	XH1Z15
1487512996	Malignant melanoma in precancerous melanosis	XH7L76
499725003	Balloon cell melanoma	XH8TE3
208661037	Superficial spreading melanoma	XH08X7
1013288565	Nodular melanoma	XH4QG5
1927114994	Neurotropic melanoma, malignant	XH5F94
767070625	Malignant melanoma arising in giant congenital naevus	XH5L25
771414337	Meningeal melanomatosis	XH1BP7
625791806	Malignant melanoma, NOS	XH4846
660487363	Spindle cell melanoma, type A	XH5KW3
399707035	Neoplasm, malignant, uncertain whether primary or metastatic	
1498779031	Spindle cell melanoma, NOS	XH25M1
1192627962	Mixed epithelioid and spindle cell melanoma	XH8HA2
862116405	Malignant tumour, giant cell type	
658985057	Neoplasm, uncertain whether benign or malignant	
160923565	Epithelioid cell melanoma	XH0QL5
756638821	8727/0	
1462379321	Melanoma, meningeal	XH3DN1
660109687	8723/0	
750934137	8720/2	
1647898144	8722/0	
1408671566	Malignant tumour, small cell type	
1998972274	Blue naevus, malignant	XH1G74
2032803400	8721/3	
1869917341	Low cumulative sun damage melanoma	XH7JW1
849382027	Spindle cell melanoma, type B	XH5YE7
330154993	8720/0	
955841339	Tumour cells, benign	
52206965	8723/3	
932372673	8725/0	
1362930591	8741/3	
2047141963	Malignant Spitz tumour	XH8DS3
586311979	8720/3	
1578959401	Nevoid melanoma	XH8681
506749706	8741/2	
1524452771	8740/3	
83734352	8744/3	
1596315683	8743/3	
1270296379	8742/3	
831611190	8730/3	
474402495	8728/1	
573243628	8746/3	
1030837026	8761/3	
1645325554	8728/0	
315904286	8770/3	
399254157	8726/0	
491035490	8750/0	
684241675	8728/3	
1478757387	8745/3	
144077127	8730/0	
643443882	8770/0	
480225152	8771/3	
326412850	8760/0	
847942482	8771/0	
406315775	8722/3	
35571880	8762/1	
848340167	Tumour cells, malignant	
1402433515	8772/0	
1147514279	8742/2	
424570898	8773/3	
1288518689	8780/3	
1199464385	8761/1	
2123999649	8740/0	
1219288413	8761/0	
767561126	8772/3	
552769176	8780/1	
686273617	Soft tissue tumour, benign	XH67T7
1753864227	8790/0	
172319038	8744/0	
957395550	8774/3	
606143091	8801/3	
1819674365	8800/0	
63304886	8780/0	
50574435	Neoplasm, malignant	
221881716	8742/0	
983163511	8803/3	
682907861	GLI1-altered epithelioid soft tissue tumor	XH52J1
1332555494	8800/3	
6678129	8800/9	
1623731418	8802/1	
801170511	8802/3	
1102192015	Neoplasm, benign	
1521666353	Pleomorphic hyalinizing angiectatic tumour	XH2193
997937593	8805/3	
2087326370	Malignant tumour, spindle cell type	
2140307216	8806/3	
1207170666	Undifferentiated sarcoma	XH6HY6
1802722377	Sarcoma, NOS	XH4UM7
833440840	Mixed type rhabdomyosarcoma	XH6YL0
869059547	Small cell sarcoma	XH85G7
1948787633	Mixed embryonal rhabdomyosarcoma and alveolar rhabdomyosarcoma	XH08B3
125627414	Leiomyosarcoma, NOS	XH7ED4
1047787840	Epithelioid sarcoma, undifferentiated	XH92Y0
1149040033	Pleomorphic dermal sarcoma	XH7XH3
1861404115	Epithelioid leiomyosarcoma	XH13Z5
2009079266	Desmoplastic small round cell tumour	XH5SN6
247650242	Myxoid leiomyosarcoma	XH3122
1165461867	Myosarcoma	XH8H07
1854596603	Angiomyosarcoma	XH27W3
1212841724	Giant cell sarcoma	XH73J4
894132459	8804/3	
880581414	Pleomorphic rhabdomyosarcoma, adult type	XH4VB5
1572128948	Spindle cell sarcoma	XH7AN8
1801138837	Sarcoma botryoides	XH7V57
27174852	Ectomesenchymoma	XH0S12
1142671419	Alveolar rhabdomyosarcoma	XH7099
1416193661	Embryonal rhabdomyosarcoma, NOS	XH83G1
1928606236	Epithelioid sarcoma	XH4F96
2124776669	Embryonal rhabdomyosarcoma, pleomorphic	XH4749
1809116217	Sarcomatosis, NOS	XH7Y17
1481399604	Balloon cell naevus	XH8RN4
574837203	Diffuse melanocytosis	XH6DN3
1373994611	Spindle cell rhabdomyosarcoma	XH7NM2
954308505	Dermal naevus	XH2MQ5
1203493632	Adamantinoma of long bones	XH8F52
1213903814	Hairy naevus	XH8ZB4
1912206559	Pleomorphic rhabdomyosarcoma, NOS	XH5SX9
137856131	Halo naevus	XH5971
1455769579	Junctional naevus, NOS	XH1M79
1997318044	Neuronevus	XH8CU4
1753200312	Nonpigmented naevus	XH0XH2
1335971448	Conjunctival naevus	XH8FS8
375211266	Blue nevus, NOS	XH7QJ7
729604718	Pigmented naevus, NOS	XH4L78
1199375606	Compound naevus	XH27A6
1835195304	Cellular blue naevus	XH3X84
1564097068	Epithelioid and spindle cell naevus	XH2HG8
1565601828	Pigmented spindle cell naevus of Reed	XH2P88
129237528	Lentiginous melanocytic naevus	XH9QC8
997952341	Deep penetrating naevus	XH81Y1
1390983346	Epithelioid cell naevus	XH79G6
1418342908	Naevus spilus	XH40S8
1396560491	Spindle cell naevus, NOS	XH9QV1
953915794	Meyerson naevus	XH8NP4
1507648172	Acral naevus	XH9DB2
1160571164	Genital naevus	XH5EL4
935192475	Dysplastic naevus	XH9035
691199628	Giant pigmented naevus, NOS	XH2C28
50959400	Simple lentigo	XH88L0
1100054308	Combined naevus	XH0DU8
1795620341	Rhabdomyosarcoma, NOS	XH0GA1
15604794	Spitz naevus, atypical	XH9WF4
939503483	Intermediate and giant congenital naevus	XH1XJ3
1562681815	Melanocytoma, NOS	XH02Z5
432902014	Meningeal melanocytosis	XH8974
1660031444	Magnocellular naevus	XH1BE4
542451430	Pigmented epithelioid melanocytoma	XH4VD0
1122933626	Lentigo maligna	XH9KY6
1134313939	Precancerous melanosis, NOS	XH41F9
415192533	Proliferative dermal lesion in congenital naevus	XH6AH3
1920647300	Congenital melanocytic naevus, NOS	XH5YN0
473991947	Meningeal melanocytoma	XH2RY7
698038333	Melanoma in situ	XH3XX3
2140324669	Ameloblastoma, metastasizing	XH96J9
1689894071	Odontogenic carcinosarcoma	XH4LP1
2076880275	Ameloblastic fibrosarcoma	XH0XD5
1884885172	Ghost cell odontogenic carcinoma	XH2BX2
435171869	Odontogenic tumour, malignant	XH4M89
1416605613	Calcifying odontogenic cyst	XH3R33
1780996154	Clear cell odontogenic carcinoma	XH5DZ4
508774600	Ameloblastic odontosarcoma	XH1MW0
907507907	Ameloblastic fibro-odontoma	XH44W7
642183197	Melanotic schwannoma	XH2637
762031199	Neurofibromatosis, NOS	
1295416724	Ameloblastic fibrodentinoma	XH0964
358045290	Adenomatoid odontogenic tumour	XH2SD0
135569947	Complex odontoma	XH7H47
1557327254	Gigantiform cementoma	XH6W94
501879891	Compound odontoma	XH57B1
350154668	Odontoameloblastoma	XH06N8
1657878350	Cemento-ossifying fibroma	XH52T0
2115730173	Odontogenic fibroma, NOS	XH1MT3
619512864	Dentinogenic ghost cell tumour	XH12N4
850063101	Cementoblastoma, benign	XH4VL1
1999601926	Cementifying fibroma	XH5Y46
82939534	Calcifying epithelial odontogenic tumour	XH4PT4
1059291964	Odontogenic myxoma	XH48L4
1683768359	Squamous odontogenic tumour	XH4PV9
924375465	Sinonasal ameloblastoma	XH39C5
173223388	Odontoma, NOS	XH4QJ8
92385094	Ameloblastoma, NOS	XH1SV4
1388540956	Ameloblastoma, unicystic type	XH5ZZ6
670296261	Odontogenic tumour, benign	XH43L1
589453167	9271/0	
330697877	9270/0	
1771061916	9274/0	
2029658114	9270/3	
1740410944	Ameloblastoma, extraosseous/peripheral type	XH4KQ4
753980915	9272/0	
1459607826	9273/0	
1014498469	9280/0	
1738568648	9275/0	
733049890	Peripheral odontogenic fibroma	XH2M31
1848908763	Ameloblastic fibroma	XH06Y3
520760290	Cementoma, NOS	XH8FX0
1556005888	9270/1	
1349248041	9282/0	
1862565793	9290/0	
2144265751	9300/0	
711256266	9281/0	
1262525347	9290/3	
1411041385	9310/3	
709732904	9310/0	
1699046067	9302/0	
1603282011	9301/0	
1620358621	9311/0	
449395936	9342/3	
242387224	9330/3	
1087010705	9312/0	
455839534	9340/0	
1860125629	9320/0	
567773992	9321/0	
1698848364	9341/3	
1098531203	9330/0	
1477550619	Acoustic neuroma	XH5T39
2038731127	Ancient schwannoma	XH0U07
1875900672	9302/3	
968938645	Neurofibroma, NOS	XH87J5
1393933495	Melanotic neurofibroma	XH2GD5
852768588	Cellular schwannoma	XH8WW8
93548330	9322/0	
151403258	Degenerated schwannoma	XH75P8
597104444	Plexiform neurofibroma	XH2MJ4
842137493	Schwannoma, NOS	XH98Z3
224289821	Nerve sheath tumour, NOS	XH27Y1
439846768	Solitary circumscribed neuroma	XH90Y8
1947061497	Perineurioma, NOS	XH0XF7
215477652	Plexiform schwannoma	XH9XT2
336049700	Hybrid nerve sheath tumour	XH01G0
586897002	Psammomatous schwannoma	XH9MN2
809718306	Neuroma, NOS	XH4UE6
312658656	8890/3	
735164942	9540/1	
1342540529	9561/3	
2045699657	8890/0	
1727229828	Intraneural perineurioma	XH4BQ8
1691972249	9540/0	
1253540231	9540/3	
706987262	9541/0	
458566858	9570/0	
1607927917	9560/3	
1447814263	8891/0	
1866683287	9550/0	
775323761	​Benign ​​Triton tumour	XH9J01
921054942	8890/1	
423832802	8891/3	
68124416	9560/1	
1929983515	Nerve sheath myxoma	XH3L35
1452390348	9571/3	
204608772	Soft tissue perineurioma	XH9QH2
541825794	9560/0	
1697320043	9542/3	
1083005863	9571/0	
358948250	9563/0	
705332752	9562/0	
1333236216	Cellular neurothekeoma	XH1UZ6
1599292387	8897/1	
203041500	8892/0	
1955032477	8901/3	
439604362	8900/0	
90801984	8904/0	
1335482965	8896/0	
63481926	8893/0	
1225897917	8894/3	
2137426849	8903/0	
787426530	8920/3	
624379148	8905/0	
1642587255	8912/3	
102334248	8895/0	
1614600299	8898/1	
322992402	8895/3	
1809661527	8896/3	
1074335785	8902/3	
234395926	8894/0	
648231110	Melanotic MPNST	XH5C30
24355086	8910/3	
612856606	8921/3	
1196147098	Malignant peripheral nerve sheath tumour	XH2XP8
413196830	Melanotic psammomatous MPNST	XH3NT0
980227782	8900/3	
1822416815	MPNST with glandular differentiation	XH8HF5
861769358	MPNST with mesenchymal differentiation	XH7HR8
1112976522	Neurilemoma, malignant	XH88C2
498974533	MPNST with perineurial differentiation	XH3W53
1993924981	Malignant peripheral nerve sheath tumour, epithelioid	XH4V81
867726878	Malignant peripheral nerve sheath tumour with rhabdomyoblastic differentiation	XH2VV8
181496318	9659/3	
81877166	9655/3	
1469916076	9652/3	
1342366583	Odontogenic tumour, NOS	XH1P03
1099026375	9653/3	
999211816	9654/3	
205870279	9651/3	
671199429	9650/3	
465242980	9664/3	
1073737574	9665/3	
1591450637	9662/3	
1359552145	9661/3	
617910510	9663/3	
191992530	9667/3	
1874061913	Hodgkin lymphoma, nodular sclerosis, grade 1	XH62T3
364701368	Hodgkin lymphoma, nodular sclerosis, grade 2	XH8K28
1890573639	Plexiform leiomyoma	XH4EP9
1356624337	Hodgkin lymphoma, nodular sclerosis, cellular phase	XH51K7
1642090647	Myxoid leiomyoma	XH9CC7
1542783399	Epithelioid leiomyoma	XH8S79
182891890	Hodgkin granuloma	XH13B0
185794736	Glycogenic rhabdomyoma	XH2736
1683098725	Hodgkin lymphoma, nodular sclerosis, NOS	XH6SC5
1688680905	Hodgkin lymphoma, mixed cellularity, NOS	XH9NJ5
256601600	Angiomyoma	XH7CL0
890296952	Genital rhabdomyoma	XH5AF2
1641453049	Fetal rhabdomyoma	XH4729
754848708	Leiomyoma, apoplectic	XH8B88
1602781249	Rhabdomyoma, NOS	XH8WG9
1334190619	Hodgkin lymphoma, lymphocyte depletion, reticular	XH4E19
1852364357	Hodgkin lymphoma, NOS	XH94F7
1414302005	Lipoleiomyoma	XH4FS5
2071221171	Myoma	XH1CZ1
615907984	Bizarre leiomyoma	XH9824
645117096	Leiomyoma, hydropic	XH5Z76
1542532499	Hodgkin lymphoma, lymphocyte depletion, diffuse fibrosis	XH7299
686049365	9597/3	
1501834697	Myolipoma	XH6GV7
1956998407	9591/1	
376280284	Malignant lymphoma, lymphocytic, poorly differentiated, diffuse	XH06Q4
559947472	Hodgkin lymphoma, lymphocyte-rich	XH8CB2
2142620049	Hodgkin lymphoma, lymphocyte depletion, NOS	XH7RN9
716732222	Hodgkin sarcoma	XH11Y2
24941694	Hodgkin disease, lymphocyte predominance, NOS	XH7KX4
899507593	Classical Hodgkin lymphoma post-transplant lymphoproliferative disease	XH22K3
898433742	Cellular leiomyoma	XH9662
476722657	9596/3	
899893485	Malignant lymphoma, NOS	XH5FJ5
154650386	Malignant lymphoma, diffuse, NOS	XH8226
1894365587	Hodgkin lymphoma, nodular lymphocyte predominant	XH2FG7
1178537861	Lymphosarcoma, NOS	XH9MU1
56596718	Malignant lymphoma, non-cleaved cell, NOS	XH5WX8
368937633	Malignant lymphoma, non-Hodgkin, NOS	XH50P3
834236067	B cell lymphoma, NOS	XH5RG7
1927187704	9590/3	
758213618	Hairy cell leukaemia variant	XH9E18
766478646	Leiomyoma, NOS	XH4CY6
1280790649	Reticulum cell sarcoma, NOS	XH51A9
1499814991	Malignant lymphoma, lymphocytic, intermediate differentiation, nodular	XH1SK1
1607814945	Adult cellular rhabdomyoma	XH4BG5
432841548	Perineurioma, malignant	XH31C8
1384140476	9591/3	
332644524	Cotyledonoid leiomyoma	XH5G84
1240304921	Malignant lymphoma, small cleaved cell, diffuse	XH2TN1
1945399695	Splenic B-cell lymphoma/leukaemia, unclassifiable	XH75T5
470141736	Malignant lymphoma, small cell, noncleaved, diffuse	XH9PT6
188582256	Composite Hodgkin and non-Hodgkin lymphoma	XH3BP6
1691104199	Splenic diffuse red pulp small B-cell lymphoma	XH99V9
1969941281	B-cell lymphoma, unclassifiable, with features intermediate between diffuse large B-cell lymphoma and classical Hodgkin lymphoma	XH04Y1
1105499797	Primary cutaneous follicle centre lymphoma	XH1FZ7
1639850975	Monoclonal B-cell lymphocytosis, non-CLL type	XH5M35
2116602475	Monoclonal B-cell lymphocytosis, NOS	XH73D5
491676107	Malignant tumour, clear cell type	
2107141202	Tumour cells, uncertain whether benign or malignant	
119731237	Glomangiomatosis	XH7CP7
710308630	Glomus tumor of uncertain malignant potential	XH5D10
1019362821	Glomangiosarcoma	XH05Y1
303101971	Perivascular epithelioid tumour, malignant	XH9WD1
1195674406	Glomus tumour, malignant	XH21E6
863745687	Nonchromaffin paraganglioma	XH8GG7
1147792036	Middle ear paraganglioma	XH9YX6
1305029706	Extra-adrenal paraganglioma	XH1UN6
225995855	Pheochromocytoma, malignant	
932039127	Neoplasm, metastatic	
511339753	Composite paraganglioma	XH3JF3
1009239701	Sympathetic paraganglioma	XH4G21
1413224648	Mixed phenotype acute leukaemia, B/myeloid, NOS	XH1928
70044537	Mixed phenotype acute leukaemia with t(9;22)(q34;q11.2); BCR-ABL1	XH97B7
2030981466	Paraganglioma, NOS	XH0EW6
1042591397	Composite pheochromocytoma	XH9K97
1436345320	Acute leukaemia, NOS	XH1B20
611453237	Acute mixed lineage leukaemia	XH3VV7
456446035	Mixed phenotype acute leukaemia, T/myeloid, NOS	XH4YB5
1111647054	Pheochromocytoma, NOS	XH3854
803743803	Chronic leukaemia, NOS	XH80C3
1628610140	Acute biphenotypic leukaemia	XH37U0
263645815	Subacute leukaemia, NOS	XH6QV5
1585251798	Acute bilineal leukaemia	XH2H98
655145247	Carotid body paraganglioma	XH3FS7
1942681234	Chemodectoma	XH20B4
1787346772	Leukaemia, NOS	XH4S92
190915121	Laryngeal paraganglioma	XH5521
351783813	Vagal paraganglioma	XH1493
2087943684	Aortic body tumour	XH7YU4
1319354695	8692/1	
605917988	8680/0	
1161420873	8681/1	
925095993	Parasympathetic paraganglioma	XH5LK3
1441211610	Aleukemic leukaemia, NOS	XH29P0
543698811	Mixed phenotype acute leukaemia with t(v;11q23); MLL rearranged	XH2S51
99837822	8683/0	
518100774	8682/1	
1635583051	8680/3	
779472096	8680/1	
2072856541	8710/3	
1621506135	8700/0	
1083437077	8691/1	
1325611625	8711/0	
1868429349	8711/1	
442090869	8682/3	
447296696	8693/3	
1253468633	8681/3	
55449769	8712/0	
1279709246	8711/3	
1234634580	8714/0	
2098821864	8713/0	
1607050207	8700/3	
272635654	8691/3	
1774830880	8714/3	
452883717	8690/3	
1577501416	Precursor cell lymphoblastic lymphoma	XH2216
1675990968	Paraganglioma, benign	
1770899532	Gangliocytic paraganglioma	XH2012
115065491	Glomangioma	XH3RX1
1789584245	8692/3	
1915763129	Mature B-cell lymphomas	XH3FE9
1985571102	Glomangiomyoma	XH2702
1210727602	Glomus tumour, NOS	XH47J2
800301807	Lymphoid leukaemias- ICD-O3 view	
2136151544	Chronic myelomonocytic leukaemia, NOS	XH86N4
1715785646	Perivascular epithelioid tumour, benign	XH4CC6
1145938480	Aggressive NK-cell leukaemia	XH9MA0
323964002	B lymphoblastic leukaemia/lymphoma with t(12;21)(p13;q22); TEL-AML1 (ETV6-RUNX1)	XH4KA2
1845936840	Mature T- and NK-cell lymphomas	XH3400
923510880	B lymphoblastic leukaemia/lymphoma with t(v;11q23); MLL rearranged	XH8GG0
120285646	Lymphosarcoma cell leukaemia	XH5BA6
720968487	Chronic myelomonocytic leukaemia, Type II	XH7HJ7
1358305224	Chronic myelomonocytic leukaemia, Type I	XH0FC4
400683132	B-cell chronic lymphocytic leukaemia/small lymphocytic lymphoma	XH15T2
594513360	Subacute lymphoid leukaemia	XH8GQ0
635174163	leukaemias, NOS- ICD-O3 view	
430573082	Adult T-cell leukaemia/lymphoma (HTLV-1 positive)	XH6TE2
1217870607	B lymphoblastic leukaemia/lymphoma with hyperdiploidy	XH24C7
477876596	Prolymphocytic leukaemia, NOS	XH8TD6
373361492	Lymphoid leukaemia, NOS	XH7Q12
687189184	Chronic lymphoproliferative disorder of NK cells	XH5EN4
1528295930	Hairy cell leukaemia	XH5J10
178772331	Juvenile myelomonocytic leukaemia	XH4QZ1
1301904441	Lymphatic leukaemia, NOS	XH1GQ1
410073608	B lymphoblastic leukaemia/lymphoma with t(1;19)(q23;p13.3); E2A-PBX1 (TCF3-PBX1)	XH3GU8
656318862	B lymphoblastic leukaemia/lymphoma with t(5;14)(q31;q32); IL3-IGH	XH4ZL2
1919631113	B lymphoblastic leukaemia/lymphoma, NOS	XH81V3
1112276645	Lymphocytic leukaemia, NOS	XH7PW5
2013487349	B lymphoblastic leukaemia/lymphoma with t(9;22)(q34;q11.2); BCR-ABL1	XH73L9
1561439599	B lymphoblastic leukaemia/lymphoma with hypodiploidy (Hypodiploid ALL)	XH2MD9
1453510287	T-cell large granular lymphocytic leukaemia	XH6687
944042564	Aleukemic lymphoid leukaemia	XH4KS4
1009062712	Prolymphocytic leukaemia, B-cell type	XH95H2
1717411707	T lymphoblastic leukaemia/lymphoma	XH50W7
693458928	Precursor T-cell lymphoblastic leukaemia	XH7T28
1419896809	Early T-cell precursor acute lymphoblastic leukemia	XH8F29
1241029957	Precursor cell lymphoblastic leukaemia, NOS	XH5J37
1622895226	Myeloid leukaemias- ICD-O3 view	
562179438	Metastasizing leiomyoma	XH1EX8
617489082	Intravascular leiomyomatosis	XH60C2
304474672	Leiomyomatosis, peritonealis disseminata	XH8MR2
1273083548	Other leukaemias- ICD-O3 view	
116413904	Prolymphocytic leukaemia, T-cell type	XH0DU4
314577600	Leiomyomatosis, NOS	XH2L80
624933714	Smooth muscle tumour, NOS	XH00B4
300747644	Transient abnormal myelopoiesis	XH67W4
1755739394	B lymphoblastic leukemia/lymphoma with iAMP21	XH0KD4
1594055701	Thymoma, benign	XH4341
2118155341	Smooth muscle tumour of uncertain malignant potential	XH1EN1
57824022	Leiomyosarcoma, cutaneous	XH22N2
850274941	8120/2	
1198760960	8120/0	
1332639187	Ectopic hamartomatous thymoma	XH0707
1979862366	Clear cell tumour, NOS	
31112384	B lymphoblastic leukemia/lymphoma, BCR-ABL1-like	XH1D04
507596500	Microscopic thymoma	XH9QW0
1688976035	Micronodular thymoma with lymphoid stroma	XH56K5
230797813	8120/3	
1678492776	8121/1	
487270467	8122/3	
1550583980	8121/0	
696604151	8121/3	
1029040655	8123/3	
531766290	Thymoma, type AB	XH0JH0
964370273	8131/3	
1619607309	Thymoma, type B3	XH4EW9
1258154589	Thymoma, type A	XH6WN9
766222489	8130/2	
732131894	Thymoma, NOS	XH3734
632021124	Intrathyroid thymic carcinoma	XH33N4
810899148	Spindle epithelial tumour with thymus-like element	XH6ZG8
538743484	Acute erythroid leukemia	XH43N4
50838181	Myeloid leukaemia, NOS	XH7S21
263525352	Thymic carcinoma, NOS	XH6AK2
1276080688	Aleukemic myeloid leukaemia	XH7LG8
748861595	Chronic monocytic leukaemia	XH0E35
1749784114	Aleukemic monocytic leukaemia	XH5DV4
1997653496	Subacute myeloid leukaemia	XH7DF6
2032268460	Subacute monocytic leukaemia	XH1S60
871951185	Acute myeloid leukaemia, NOS	XH8AA5
1772692988	Acute myeloid leukaemia with mutated NPM1	XH74W8
1995666998	Monocytic leukaemia, NOS	XH5JT8
2096112582	Acute myeloid leukemia with biallelic mutation of CEBPA	XH4M02
122624311	Acute basophilic leukaemia	XH7MR1
1235575404	Acute myeloid leukaemia with abnormal marrow eosinophils	XH3PA4
1111786578	Acute myeloid leukaemia without maturation	XH5AH8
1272434649	Atypical chronic myeloid leukaemia, Philadelphia chromosome (Ph1) negative	XH26U9
1651592210	Acute promyelocytic leukaemia, t(15;17)(q22;q11-12)	XH1A50
2099978200	Acute myeloid leukaemia, minimal differentiation	XH90G0
655481723	Acute myeloid leukaemia with inv(3)(q21;q26.2) or t(3.3)(q21;q26.2); RPN1-EVI1	XH2KE3
1562302364	Acute myelomonocytic leukaemia	XH78Y4
1418566675	Acute myeloid leukaemia, t(8;21)(q22;q22)	XH3CX5
1592116207	Myeloid leukaemia associated with Down Syndrome	XH6AQ7
81725262	Acute monocytic leukaemia	XH9NE2
1103073317	Acute monoblastic and monocytic leukaemia	XH1K97
1924912548	Chronic myeloid leukaemia, NOS	XH4XG8
2107700165	Therapy related myeloid neoplasm	XH7045
561598594	Acute myeloid leukaemia (megakaryoblastic) with t(1;22)(p13;q13); RBM15-MKL1	XH16K4
1459564966	Acute myeloid leukaemia with t(6;9)(p23;q34); DEK-NUP214	XH9Y46
461722760	Acute myeloid leukaemia, 11q23 abnormalities	XH1E41
2057381869	Acute megakaryoblastic leukaemia	XH4750
944474289	Acute myeloid leukaemia with maturation	XH1XJ9
128974630	Therapy-related acute myeloid leukaemia, alkylating agent related	XH6Z50
1291421775	Schneiderian papilloma, inverted	XH4PB5
1765070221	Cylindrical cell papilloma	XH7R01
1067929314	Acute myeloid leukemia with mutated RUNX1	XH1EK4
1831346835	Acute panmyelosis with myelofibrosis	XH1075
1533971197	Acute myeloid leukemia with BCR-ABL1	XH6FZ7
961481790	Schneiderian carcinoma	XH35M0
921720320	Myeloid sarcoma	XH3L40
952132780	Therapy-related acute myeloid leukaemia, epipodophyllotoxin-related	XH4EJ0
2087572405	Papillary urothelial neoplasm of low malignant potential	XH5UU5
122476262	Cylindrical cell carcinoma	XH4UA2
1867267894	Sinonasal papilloma, oncocytic	XH8CD4
707569757	Sinonasal papilloma, inverted	XH8FH7
502141104	Transitional carcinoma	XH7TL4
893338611	Transitional cell carcinoma, NOS	XH8EH1
139652614	Papillary urothelial carcinoma	XH0NZ4
1720540447	Urothelial carcinoma, sarcomatoid	XH5P27
600082586	Transitional cell carcinoma, micropapillary	XH08S6
1771267581	Cloacogenic carcinoma	XH3UJ1
739641860	Basaloid carcinoma	XH2V80
551136174	Acute myeloid leukaemia with myelodysplasia-related changes	XH64R4
378877716	Urothelial carcinoma, micropapillary	XH4W76
1589908008	Urothelial papilloma, inverted	XH5A08
641473818	Sinonasal papilloma, exophytic	XH0TP8
2124075108	Transitional papilloma, inverted, NOS	XH3HQ8
250466458	8580/0	
1533975723	8581/3	
783487702	8580/1	
624557796	8582/3	
1156065022	Urothelial papilloma, NOS	XH5M82
342250558	8580/3	
837370140	8584/3	
297239376	8583/3	
1747346853	Immunoproliferative disease, NOS	XH4KF3
1906266505	Alpha heavy chain disease	XH1Y65
62832610	Chondromatosis, NOS	XH5BT0
2136063899	8589/3	
2142200027	Gamma heavy chain disease	XH1EA7
315940220	Atypical cartilaginous tumour	XH0FY0
1697130644	9766/1	
1324403201	Heavy chain disease, NOS	XH7RJ1
317403395	Lymphomatoid granulomatosis, grade 3	XH71D5
1463767103	9182/3	
1957714343	8587/0	
1358216613	8586/3	
811169550	8588/3	
889177824	Waldenstrom macroglobulinemia	XH8GW4
611784632	Mu heavy chain disease	XH2JK2
484764712	Chondroblastoma, NOS	XH4NK2
1857161628	9760/3	
1324141520	9761/3	
760679751	Aggressive osteoblastoma	XH2RD1
541638651	9764/3	
1370134987	Immunoproliferative small intestinal disease	XH3SS7
536638770	8585/3	
764544028	Osteochondromatosis, NOS	XH70W8
348570191	9762/3	
359020897	9769/1	
406296748	9183/3	
1565986755	9181/3	
1630670558	9768/1	
1925939759	9180/0	
1488772200	9761/1	
522658931	9765/1	
1014201514	9184/3	
659244295	9766/3	
1165421280	9767/1	
589901668	9192/3	
2029082639	9193/3	
366346083	9200/1	
559645399	9210/0	
1739262917	9185/3	
1752795481	9186/3	
251560169	9195/3	
308266840	9180/3	
1961987080	9194/3	
309757370	9187/3	
831593313	9200/0	
1997614412	9220/3	
1488203636	9222/1	
1003488883	9211/0	
509547345	9220/1	
1040306461	9220/0	
475857371	9221/3	
177188009	9213/0	
1206811834	9241/0	
149337133	9242/3	
17121435	9210/1	
1960365798	9212/0	
812568400	Refractory anaemia with excess blasts in transformation	XH1D20
1764029339	Myelodysplastic syndrome, NOS	XH7PK9
1237893369	9971/1	
251745498	Myelodysplastic syndrome with excess blasts	XH79X8
1134599941	9970/1	
1469076495	Post transplant lymphoproliferative disorder, NOS	XH2R75
756620848	9191/0	
828254728	Myelodysplastic syndrome with ring sideroblasts and multilineage dysplasia	XH8BA8
950647567	Osteochondroma	XH5Y87
16422058	Therapy-related myelodysplastic syndrome, NOS	XH0L58
1162753778	Osteoma, NOS	XH4818
997351089	Osteoid osteoma, NOS	XH61J9
1511286076	Osteoblastoma, NOS	XH4316
1760727925	Bizarre parosteal osteochondromatous proliferation	XH23J5
670718944	Chondroma, NOS	XH0NS4
1654312073	Osteochondromyxoma	XH6KR3
485755459	8124/3	
716560488	Thymoma, type B1	XH66U8
1409073880	8130/1	
824768146	Sclerosing thymoma	XH6QN6
421911853	8130/3	
1435433849	Thymoma, type B2	XH2G89
1058588610	Metaplastic thymoma	XH3DX0
1056601104	Intrapulmonary thymoma	XH1GA4
1761595271	Polymorphic post transplant lymphoproliferative disorder	XH74K1
221733699	9231/3	
499102229	9243/3	
398256103	9230/1	
2061294245	Myelodysplastic syndrome with single lineage dysplasia	XH2N45
1963874361	Myelodysplastic syndrome with ring sideroblasts and single lineage dysplasia	XH5B21
48619999	9230/3	
50811409	9240/3	
1738945511	9975/3	
765417712	Lymphoproliferative disorder, NOS	XH2LK2
338307922	Myelodysplastic syndrome with multilineage dysplasia	XH5DA2
547641062	Myelodysplastic syndrome with isolated del (5q)	XH3T02
162814261	Juxtacortical chondroma	XH49G1
1386255400	Chondromyxoid fibroma	XH89S0
940444543	Periosteal chondroma	XH3BC3
1643742453	Myelodysplastic/myeloproliferative neoplasm, unclassifiable	XH28M3
1828005109	Subungual exostosis	XH1XL9
1724907221	Myeloproliferative neoplasm, unclassifiable	XH3EJ1
1858404931	Monoclonal gammopathy of undetermined significance	XH1NV1
1250027073	Angiocentric immunoproliferative lesion	XH3U73
1462507036	Lymphomatoid granulomatosis, grade 1	XH4F97
1802441247	T-gamma lymphoproliferative disease	XH0HS7
817325426	Immunoglobulin deposition disease	XH2WA6
536334046	9100/3	
1358890571	9100/1	
2109553626	Lymphomatoid granulomatosis, grade 2	XH7BG6
927819471	IgM monoclonal gammopathy of undetermined significance	XH16T1
1018363638	9103/0	
1001597660	9101/3	
1186853397	9104/1	
120747680	9980/3	
689884514	9985/3	
224012644	9984/3	
904117304	9993/3	
1211809291	9982/3	
1700733773	Angioimmunoblastic lymphadenopathy (AIL)	XH2A53
1519868343	9100/0	
1925626381	9987/3	
1112728055	9983/3	
2043832733	9105/3	
1940625642	Invasive hydatidiform mole	XH46G2
1486564787	9986/3	
2098477201	9989/3	
1389076008	Fibrochondrosarcoma	XH29N8
323281018	Urothelial carcinoma in situ	XH5GH8
35125225	Parosteal osteosarcoma	XH8HG5
1650443730	Central osteosarcoma	XH1Y90
1748474414	Fibroblastic osteosarcoma	XH23T4
766703063	Chondroblastic osteosarcoma	XH3T03
1758618302	Intracortical osteosarcoma	XH9LS2
1491175734	Small cell osteosarcoma	XH4EZ4
1922391140	High grade surface osteosarcoma	XH6TL0
598704790	Papillary urothelial carcinoma, non-invasive	XH12F0
493151949	Osteosarcoma in Paget disease of bone	XH06W9
1672114192	Eosinophilic leukaemia	XH6JX2
941221337	9221/0	
575223205	Enchondroma	XH9SY5
966229891	Choriocarcinoma combined with other germ cell elements	XH3WM1
404048637	Chronic myelogenous leukaemia, BCR/ABL positive	XH2AB7
1011986175	Atypical chronic myeloid leukaemia, BCR/ABL negative	XH21X5
923808669	Periosteal osteosarcoma	XH48A9
2115160536	Osteosarcoma, extraskeletal	XH2CD6
959500275	Placental site trophoblastic tumour	XH1RM5
1954190884	Low grade central osteosarcoma	XH7N84
1471433235	Chondrosarcoma, grade 2	XH6LT5
823787853	Osteosarcoma, NOS	XH1XF3
1483131023	Chondrosarcoma, NOS	XH8J23
144330885	Telangiectatic osteosarcoma	XH5CL5
165630779	Clear cell chondrosarcoma	XH7XB9
702280820	9740/1	
2111860360	Chondroblastoma, malignant	XH6W00
1668402274	Juxtacortical chondrosarcoma	XH5FH4
1015214666	9740/3	
655757397	Dedifferentiated chondrosarcoma	XH6E77
1746852032	Periosteal chondrosarcoma	XH1S32
1138996304	Myxoid chondrosarcoma	XH9344
572669867	Mesenchymal chondrosarcoma	XH8X47
614762722	9741/1	
1853724443	9742/3	
767248114	Chondrosarcoma, grade 3	XH0Y34
1426997669	Langerhans cell histiocytosis, polyostotic	XH2PY9
879262254	Langerhans cell histiocytosis, monostotic	XH0RF4
1388720498	Langerhans cell histiocytosis	XH1J18
1817957388	Diffuse cutaneous mastocytosis	XH2RG8
646106097	Mastocytoma, NOS	XH1J17
1490397632	Cutaneous mastocytosis	XH74F2
1193948628	Solitary mastocytoma of skin	XH2RL8
1275401800	Urticaria pigmentosa	XH8VS0
1500861072	Malignant mastocytosis	XH2992
88692807	9750/3	
2092777683	9756/3	
377330181	Aggressive systemic mastocytosis	XH10N1
622303755	9751/1	
52730941	Systemic mastocytosis with AHNMD	XH1H01
1391424416	Mast cell leukaemia	XH5ER6
1993363632	Mast cell sarcoma	XH6A72
470846072	9751/3	
146718003	Erdheim-Chester disease	XH1VJ3
970496059	Indolent systemic mastocytosis	XH2Y59
1617649073	9102/3	
1513142469	Lymphomatoid granulomatosis	XH4P09
751729083	Trophoblastic tumour, epithelioid	XH8FW3
1408588454	Malignant teratoma, trophoblastic	XH0774
1776568043	9757/3	
113248364	9971/3	
772308497	Choriocarcinoma, NOS	XH8PK7
1714865271	9758/3	
835134963	9750/1	
1745286437	9759/3	
724722009	Burns involving 10-19% of body surface	XJ257
1228566440	Burns involving 40-49% of body surface	XJ3R2
867534920	9755/3	
1318861672	Hydatidiform mole, NOS	XH8CX2
316501599	Intraosseous well differentiated osteosarcoma	XH9119
745644594	Burns involving 50-59% of body surface	XJ19C
987036724	Burns involving 30-39% of body surface	XJ7ZW
1604268454	Burns involving 20-29% of body surface	XJ5GA
369515831	Systemic mastocytosis with associated haematological clonal non-mast cell disorder	XH5191
714389938	9741/3	
376452445	Partial hydatidiform mole	XH5325
589880237	Histiocytic medullary reticulosis	XH7PV7
1300132788	9749/3	
1394098925	9752/1	
1067507454	Acute progressive histiocytosis X	XH4XT4
1896410439	Langerhans cell histiocytosis, multifocal	
1040197074	Langerhans cell histiocytosis, generalised	
1316596941	Burns involving less than 10% of body surface	XJ4PF
2002560751	9753/1	
1090398747	Burns involving 80-89% of body surface	XJ1HD
2069934779	Langerhans cell histiocytosis, unifocal	
1922626366	Eosinophilic granuloma	XH75E6
1925254893	Histiocytic sarcoma	XH4JD4
120963710	Indeterminate dendritic cell tumour	XH3ZM0
1036633720	True histiocytic lymphoma	XH46Q0
1927826435	Follicular dendritic cell tumour	XH6ZR5
149373156	Follicular dendritic cell sarcoma	XH1JT6
2024362257	Interdigitating dendritic cell sarcoma	XH7UM7
1682613589	Full thickness or deep full thickness burn involving 10-19% of body surface	XJ82Z
698840212	Full thickness or deep full thickness burn involving less than 10% of body surface	XJ31W
1098452484	Full thickness or deep full thickness burn involving 60-69% of body surface	XJ8E0
227616764	Fibroblastic reticular cell tumour	XH0124
1559082259	Dendritic cell sarcoma, NOS	XH8Q19
1406764075	Full thickness or deep full thickness burn involving 20-29% of body surface	XJ3XZ
1033322329	Burns involving 70-79% of body surface	XJ7F7
1490875085	Burns involving 60-69% of body surface	XJ4B7
632678287	Burns involving 90% or more of body surface	XJ9JX
932668953	Deep full thickness or complex burn with no loss of limb	XJ71T
1995059070	Full thickness or deep full thickness burn involving 50-59% of body surface	XJ9MY
1812228440	Full thickness or deep full thickness burn involving 30-39% of body surface	XJ1NG
1522983570	Full thickness or deep full thickness burn involving 80-89% of body surface	XJ9UE
1696272353	Full thickness or deep full thickness burn involving 90% or more of body surface	XJ3MB
1020277744	Deep full thickness or complex burn with loss of limb	XJ36Y
124534703	Malignant histiocytosis	XH2WJ3
1247023727	Langerhans cell histiocytosis, disseminated	XH40U7
1846605421	Nonlipid reticuloendotheliosis	XH0YE1
372031635	Deep full thickness or complex burn with loss of digit	XJ6NX
1313748001	Letterer-Siwe disease	XH60Q1
187605834	Histiocytosis X, NOS	XH8VV4
876689600	Hand-Schuller-Christian disease	XH86U0
933337476	Langerhans cell sarcoma	XH8J76
1416232217	Full thickness or deep full thickness burn involving 40-49% of body surface	XJ4CR
1758410389	Full thickness or deep full thickness burn involving 70-79% of body surface	XJ68M
75909427	Fracture extends into joint and a portion of the articular part remains attached to the main part of the bone	XJ5L7
873599689	Fracture extends into joint and the entire articular part is detached from the main part of the bone	XJ92H
1468452550	Travelling to or from paid work	XE7NW
1862165382	Travelling in the course of paid work	XE9Q2
1667452226	Repetitive forceful work	XE2QJ
2096473334	Extended periods of work in a kneeling position	XE88E
1987576730	Extended periods of work in a squatting position	XE714
1666609538	Travelling in the course of unpaid work	XE3RL
1120699819	Physical education class, school sports	XE3HD
1348253932	Unpaid cleaning, cooking or maintenance at own place of residence	XE9ME
1787555365	Boating sports	XE85T
553785829	Team ball sports	XE3GK
410694821	Team bat or stick sports	XE2BF
1408451429	Individual athletic activities	XE3L1
436950409	Travelling to or from educational activity	XE4SM
1155213221	Ice or snow sports	XE9DF
257085541	Team water sports	XE2BG
1513020610	Travelling to or from unpaid work	XE1C6
2097219148	Combative sports	XE3E4
1781097100	Power sports	XE1EU
1888920795	Acrobatic sports	XE4HZ
1148824332	Target or precision sports	XE2NY
2107869925	Individual water sports	XE6W9
416823308	Adventure sports	XE3T3
267410636	Equestrian activities	XE42Q
46494452	Aero (non-motored) sports	XE03W
1710227827	Organised sports and exercise during leisure time	XE5UF
1740554267	Aesthetic activities	XE9SK
189753060	Other school-related recreational activities	XE68C
914944396	Wheeled non-motored sports	XE4DA
564172108	Wheeled motor sports	XE85A
367859252	Multidiscipline sports	XE7BS
1397870540	Racquet sports	XE0KE
879017037	Other specified sports and exercise during leisure time	XE5C9
1361100341	Being taken care of by non health care person	XE2EZ
326424148	Environmental countermeasures, no protective devices used	XE3U8
786745995	Being taken care of by a person, not specified as a health care professional or non health care person	XE643
705461012	Environmental countermeasures, protective padding on competition surface	XE0DA
1750602613	Being taken care of by health care professional	XE245
1025777620	Environmental countermeasures, padded goal posts, or corner markers	XE0W0
221315018	Personal countermeasures, braces, guards or orthoses	XE8Z8
1186531338	Personal countermeasures, jock strap or protective cup	XE16J
1760149898	Personal countermeasures, thermal devices	XE10N
1708978102	Personal countermeasures, gloves	XE4RU
668672057	Leisure or play	XE617
877154954	Personal countermeasures, no protective devices used	XE4K4
1492984212	Environmental countermeasures, barrier between area of activity and spectators or surrounds	XE8UC
1368485066	Personal countermeasures, splints	XE0LS
1928629110	Personal countermeasures, mouth guard	XE49L
2143397194	Personal countermeasures, padding of joint, bony prominence, or muscle	XE9TY
1339376980	Environmental countermeasures, safety restraints or vehicle restraints	XE0LL
2120940658	Personal countermeasures, face mask or shield	XE3RM
1345992178	Personal countermeasures, eye goggles or protective glasses	XE338
211527410	Personal countermeasures, personal flotation device	XE26E
1765972146	Personal countermeasures, foot wear	XE7K8
366126755	Phase of activity, pre-event	XE8MZ
1583042915	Phase of activity, recreational participation	XE49R
1730411555	Phase of sport or exercise activity - Competition or participation	XE5TJ
1192382770	Personal countermeasures, helmet	XE2ZG
1232287139	Phase of activity, post-event	XE2BD
437820170	Personal countermeasures, rigid taping of joint	XE75U
2101262045	Phase of activity, other specified phase of activity	XE0QV
1142723518	Occupation - technicians or associate professionals	XE558
1879808227	Phase of activity, cool down	XE1P9
49988195	Phase of activity, warm-up	XE2D1
749341667	Phase of sport or exercise activity - Training or practice	XE9ET
415039678	Occupation - craft or related trades workers	XE0VC
1783388734	Occupation - legislators, senior officials, managers	XE3TU
566603262	Occupation - clerks, secretaries	XE17U
921553214	Occupation - service workers, shop and market sales workers	XE1CA
1779880477	Unspecified phase of activity	XE8ZT
1395980158	Occupation - professionals	XE59Y
753959874	Occupation - elementary occupations	XE4EE
1743013946	Economic activity, agriculture, hunting, or forestry	XE7J2
1004070658	Occupation - plant/machine operators or assemblers	XE37Y
1236566458	Economic activity, mining, quarrying, or extraction	XE45Q
1587340666	Economic activity, fishing	XE227
565671812	Occupation - armed forces	XE5G8
261448830	Occupation - skilled agriculture or fishery workers	XE6TG
353702586	Economic activity, wholesale or retail trade	XE139
37582458	Economic activity, construction	XE0SE
594112675	Economic activity, financial intermediation	XE8A7
745390074	Economic activity, manufacturing	XE13G
1368926755	Economic activity, private households with employed persons	XE2PM
994433850	Economic activity, electricity, gas, or water supply	XE6WE
221886755	Economic activity, public administration, defence, or compulsory social security	XE3K1
876680291	Economic activity, real estate, renting, or business activities	XE3YF
913372422	Economic activity, hotels or restaurants	XE4JS
559452614	Economic activity, transport, storage, or communications	XE5JN
2057675992	Economic activity, repair of motor vehicles, motorcycles, or personal and household goods	XE6J4
2143871907	Economic activity, health or social work	XE0G4
437378531	Economic activity, providing education	XE54F
2123695182	Pedestrian as counterpart in land transport crash	XE6K0
992212838	Bus or coach as counterpart in land transport crash	XE5LJ
1185959651	Economic activity, extra-territorial organisations or bodies	XE6N7
1759545187	Economic activity, other community, social, or personal service activities	XE7X1
1590845204	Pedestrian conveyance as counterpart in land transport crash	XE3NU
788642162	Railway vehicle as counterpart in land transport crash	XE6DQ
891089806	Motorcycle as counterpart in land transport crash	XE8XQ
899576709	Car as counterpart in land transport crash	XE0JH
961171756	Perpetrator-victim relationship, person executing a felony or crime	XE3FJ
1355140558	Animal drawn vehicle as counterpart in land transport crash	XE6X8
311555997	Special all-terrain vehicle as counterpart in land transport crash	XE23Q
419014753	Special vehicle mainly used in agriculture as counterpart in land transport crash	XE9HB
1557737307	Fall from mode of transport without counterpart	XE3M5
778188268	Perpetrator-victim relationship, person interceding in a crime	XE388
1475436790	Special vehicle mainly used on industrial premises as counterpart in land transport crash	XE9DQ
106218078	Perpetrator-victim relationship, spouse or partner	XE454
1059876638	Perpetrator-victim relationship, parent	XE8AA
2082390565	Other specified mechanism with no counterpart	XE5XB
549237391	Streetcar or tram as counterpart in land transport crash	XE8UX
1570324234	Special construction vehicle as counterpart in land transport crash	XE1YW
1274104731	Animal as counterpart in land transport crash	XE6QK
207904462	Heavy goods vehicle as counterpart in land transport crash	XE854
573871950	Low powered passenger vehicle as counterpart in land transport crash	XE90S
671353822	Perpetrator-victim relationship, other relative	XE5WN
1206757646	Pedal cycle as counterpart in land transport crash	XE7ZZ
1306342814	Perpetrator-victim relationship, unrelated care giver	XE4BG
1809796899	Pedestrian as mode of transport of person injured in transport event	XE88K
457980430	Light goods vehicle as counterpart in land transport crash	XE6UN
730835390	Fall in mode of transport without counterpart	XE0JJ
1386734179	Pedal cycle as mode of transport of person injured in transport related event	XE71D
1526026590	Perpetrator-victim relationship, acquaintance or friend	XE270
774403547	Fixed or stationary object as counterpart in land transport crash	XE98X
3341420	Perpetrator-victim relationship, prisoner or detainee	XE0H2
1485925736	Car as mode of transport of person injured in transport related event	XE2W4
1670249502	Perpetrator-victim relationship, official or legal authority	XE2HC
1957009630	Perpetrator-victim relationship, stranger	XE4WS
2094369126	Pedestrian conveyance as mode of transport of person injured in transport event	XE7ZY
1813975252	Bus or coach as mode of transport of person injured in transport related event	XE2RA
542554339	Motorcycle as mode of transport of person injured in transport related event	XE7NK
931060771	Low-powered passenger vehicle as mode of transport of person injured in transport event	XE5WB
235303267	Light goods vehicle as mode of transport of person injured in transport related event	XE9JB
978055709	Railway vehicle as mode of transport of person injured in transport related event	XE8YD
1649731250	Special vehicle mainly used in agriculture as mode of transport of person injured in transport related event	XE35C
761501405	Special vehicle mainly used on industrial premises as mode of transport of person injured in transport related event	XE885
339419809	Special all-terrain vehicle as mode of transport of person injured in transport related event	XE5RK
1167034019	Animal drawn vehicle as mode of transport of person injured in transport related event	XE4ZZ
422450595	Heavy goods vehicle as mode of transport of person injured in transport related event	XE1PH
2003233412	Spacecraft as mode of transport of person injured in transport related event	XE0VS
1343097580	Animal being ridden as mode of transport of person injured in transport related event	XE940
980151073	Aircraft as mode of transport of person injured in transport related event	XE1JR
15905453	Illegal acquisition or attempted illegal acquisition of money or property	XE91G
1548951981	Other criminal activity	XE3V7
1746838227	Other specified context of assault	XE5QX
1698448138	Biocompatibility problem with device identified	XE5T0
1330157144	Biological contamination of device	XE4YZ
174737873	Material or material leachate pyrogenic problem with device identified	XE7B7
1623512714	Cytotoxicity problem with device identified	XE2RY
81037853	Unintended presence of allergens in device identified	XE1Y9
1694995039	Electrostatic discharge of device	XE8P9
2146799436	Reproductive toxicity problem with device identified	XE2XW
486148519	Inadequate labelling or instructions for use of device identified	XE3PV
505845518	Inadequate immunity of device	XE2ME
75032454	Magnetically-induced movement of device identified	XE6YW
376942283	Incorrect labelling or instructions for use of device identified	XE4MR
1021739787	Inadequate or incorrect instructions for maintenance of device identified	XE7Y7
1586403673	Image artifact identified in device	XE1HK
2123502581	Radiofrequency induced overheating of device identified	XE9Y9
1085343919	Unintended emission of device	XE8TZ
1235771963	Gender of perpetrator, other	XE6W8
2127732852	Known interferent problem with device identified	XE9C0
616638009	Device difficult to operate problem identified	XE3W1
1741987708	Gender of perpetrator, unknown	XE9SL
560481924	Gender of perpetrator, male	XE5YG
1871328563	Conducted interference with device	XE6BD
403762116	Gender of perpetrator, female	XE56C
349795388	Gradient induced field problem with device identified	XE15N
2073905336	Device incorrectly reprocessed	XE5RS
2049312423	Radiofrequency interference with device identified	XE1LT
874708321	Pre-analytical handling problem with device identified	XE83B
453578177	Change in target marker, variant or mutant problem with device identified	
1789243390	New or unknown interferent problem with device identified	XE8DL
776765781	Incorrect interpretation of results or data problem identified	XE2QD
289258741	Superficial splinter	XJ3U1
1205597072	Streetcar or tram as mode of transport of person injured in transport related event	XE41E
1393249384	Special construction vehicle as mode of transport of person injured in transport related event	XE312
1969341334	Premature indicator activation problem identified	XE2FY
2146198778	Shielding problem with device identified	XE3BG
1670961001	Problem of device to self-test identified	XE7ZT
51594849	Watercraft as mode of transport of person injured in transport related event	XE27K
75432552	Storage of device problem identified	XE32G
865317351	Incompatible material identified in device	XE4EB
958273163	Inadequate physicochemical properties identified in device	XE60T
1912858669	Context of assault, sexual assault	XE213
400217709	Drug-related incident	XE933
105085660	Alarm system problem with device identified	XE4JQ
105382609	Incorrect dimension of device identified	XE1EJ
1688998270	Failure to calibrate problem identified	XE15Q
965353453	Altercation	XE0UM
1253049304	Genotoxicity problem with device identified	XE2PA
1697352941	Gang-related incident	XE8DB
782262093	Hematological problem with device identified	XE7AM
1199251389	Open circuit in device	XE4PP
305427798	Fail-safe problem with device identified	XE0WJ
1617911539	Transport of device problem identified	
2135676040	Missing or inadequate safety measures of device identified	XE0M6
590488159	Inappropriate material identified in device	XE2WT
738547795	Reactivity problem identified with device	XE25Z
148866035	Lubrication problem identified with device	XE6UT
890576741	Hardware timing problem with device identified	XE53K
1609625172	Reset problem with device identified	XE9AV
1123602857	Software requirement error with device identified	XE4SV
1103085725	Design error of device identified	XE6DT
2097771907	Erroneous data transfer in device identified	XE1KR
656636958	Software runtime error in device identified	XE51Q
1769896459	Data storage or loss of data problem in device identified	XE2A7
2068465655	Device not compatible with another device problem identified	
755591936	Software installation problem identified with device	XE688
1621293304	Current leakage problem of device identified	XE2V6
1396707029	Military personnel	XE42H
1434274104	Problem of device to auto stop identified	XE1JG
526502453	Electrical or electronic component problem with device identified	XE1YA
1197254523	Short circuit of device	XE7AB
1731082586	Stiffness problem identified with device	XE69Q
1896012169	Light source problem identified with device	XE8XT
49648879	Stress problem with device identified	XE8V5
683870559	Friction problem identified with device	XE3HZ
1985255166	Device migration identified	XE8RU
1862703402	Impedance problem with device identified	XE546
750802052	Type of conflict, civil war or guerrilla operation	XE2RB
1916106626	Leakage or seal problem identified with device	XE1P8
597617186	Software security vulnerability of device identified	XE9W2
1194787165	Civilian	XE2WZ
646512447	Tolerance stack-up identified in device	XE6U0
364444100	Type of conflict, war	XE324
1732879172	Type of conflict, civil insurrection	XE0EG
1885456260	Type of conflict, postconflict incident	XE7HW
1189711850	Degradation problem identified with device	XE2H0
1210553509	Vehicle passenger injured in transport related event	XE1LZ
792769032	Communications problem with device identified	XE6C8
1363055271	Unintended compatibility with device identified	
1594880101	Vehicle driver injured in transport related event	XE42A
610561320	Configuration issue of device identified	XE77W
138678010	Role of injured person in armed conflict unknown	XE3P0
200117265	Insulation problem with device identified	XE1TX
1337924147	Income-related or financial problem	XE3U9
2073001701	Optical transmission problem identified with device	XE42B
771664613	Person boarding or alighting a vehicle injured in transport related event	XE9Y1
1474535281	Software maintenance problem identified with device	XE9JR
970437238	Signal loss of device	XE8KR
1486323443	Mental condition	XE6XD
414692536	Power source problem identified in device	XE0KB
1168926143	Incompatible component or accessory of device identified	XE1SP
987156005	Person on outside of vehicle or in load space injured in transport related event	XE166
1099667260	Proximal risk factors for intentional self-harm, Religious belief or affiliation	XE98Q
515283765	Previous suicide attempt, No	XE76W
43031812	Type of conflict, declared terrorism	XE4RJ
320768307	Conflict in relationship with family member, partner, or friend	XE17Z
1643107251	Proximal risk factors for intentional self-harm, Legal system encounters	XE31V
667825781	Previous suicide attempt, Yes	XE3YR
2029206140	Proximal risk factors for intentional self-harm, School-related problem	XE8MK
523921761	Dust or dirt problem with device identified	XE9HK
1453585404	Proximal risk factors for intentional self-harm, Cultural issue	XE6TW
1160376108	Environmental temperature problem with device identified	XE5K2
428328911	Rider of an animal injured in transport event	XE6R5
711337075	Death of a relative, partner, or friend	XE3GP
1028538547	Physical problem	XE97R
1222822411	Environmental humidity problem with device identified	XE4V1
1114598759	Ambient light problem with device identified	XE5SF
116423971	Intentional self-harm, not known or not determined if person intended to die	XE2SF
1855376222	Environmental pressure problem with device identified	XE6QW
417028954	Installation problem with device identified	XE1PG
938519546	Maintenance of manufacturing machinery problem with device identified	XE843
1992800115	Abuse	XE5J3
189621993	Contamination of environment by device identified	XE2VF
2097215215	Sterilization problem with device identified	XE00F
1937443889	Excessive heating of device problem identified	XE9HT
1769470311	Assembly problem with device identified	XE3NF
966780587	Intentional self-harm, person did not intend to die	XE5D6
1885245226	Computer operating system problem	XE4Z0
2127105544	Application network problem	XE6PS
379625860	Overheating of device problem identified	XE62G
1767323877	Excessive cooling of device problem identified	
1677771342	Data problem	XE99Y
780037575	Data back-up problem	XE2ZM
288928929	Application program problem	XE8HP
973693519	Computer system security problem	XE5EP
1675272073	Inadequate cooling of device problem identified	XE7A1
219257631	Intentional self-harm, person intended to die	XE97V
75936106	Audible prompt or feedback	XE8NW
1031605398	Packaging problem with device identified	XE278
1419024824	Date or time related software problem	XE048
1066819632	Incomplete or inadequate connection	XE4C0
1640116547	Product quality problem	XE5Y1
849320441	Gas output problem	XE68Z
1856812704	Defective device	XE9CD
1348983431	Fitting problem	XE0P9
1948725820	Shipping damage or problem	XE8ZA
235607558	Display or visual feedback problem	XE2S2
1434105751	Disconnection	XE5WZ
1610027259	Decoupling	XE74X
529197698	Loose or intermittent connection	XE3G6
179732538	Tactile prompts or feedback	XE7Z4
785468647	Device misassembled during manufacturing or shipping	XE151
1869426063	Energy output problem	XE0KH
1686544770	Packaging problem	XE8RY
1165792351	Misconnection	XE0WB
180152843	Defective component	XE1K1
1440548839	Failure to disconnect	XE9HJ
304390949	Unexpected therapeutic results	XE3YZ
1679888884	Device damaged prior to use	XE12L
940719765	Radiation output problem	XE1ED
755593293	No device output	XE7E5
663017249	Incorrect, inadequate or imprecise result or readings	XE4BB
1005014126	Blocked connection	XE9D0
1961040150	Program or algorithm execution problem	XE1HG
1466928579	Excessive cooling	XE9C7
1846649315	Imprecision	XE7H5
2100435581	Fire	XE5T3
1472740787	Excessive heating	XE77H
873468403	Smoke	XE5H5
2106960397	Flare or flash	XE03F
330293636	Overheating of device	XE14Q
497012952	Insufficient cooling	XE200
2009054481	Thermal decomposition of device	XE6DP
421676776	Insufficient heating	XE2A4
5324646	Burst container or vessel	XE638
338047212	Break	XE8D2
1613778865	Material discoloured	XE2G9
1620574145	Material disintegration	XE0RF
1252090481	Crack	XE38M
1789671389	Failure to recalibrate	XE8MT
1703580369	Explosion	XE5EZ
1076675869	Degraded	XE0HB
1612812465	Failure to calibrate	XE6GR
1790830813	Material deformation	XE1LJ
352015764	Overcorrection	XE1WU
689062975	Material opacification	XE585
2100425506	Material protrusion or extrusion	XE72S
1766259880	Material rupture	XE6G0
131794769	Material perforation	XE9AR
211636509	Material separation	XE6K7
599171517	Material split, cut or torn	XE4FP
691734225	Scratched material	XE609
1806590464	Arcing	XE4HP
264126101	Sparking	XE2SR
1704874836	Capturing problem	XE57L
1629734252	Continuous firing	XE4QC
93596041	Charging problem	XE5ER
87267833	Battery problem	XE16Z
1710578012	Interrogation problem	XE8S0
355842609	Power problem	XE2B3
1876905538	Device sensing problem	XE0Q2
3077353	Failure to conduct	XE22D
304627404	Pacing problem	XE8HJ
1990185519	Electrical overstress	XE3S7
413505960	Defibrillation problem	XE440
1019756364	Electro-static discharge	XE268
1475634082	Component or accessory incompatibility	XE02E
2011752716	Measurement system incompatibility	XE0HJ
1931808591	Electromagnetic compatibility problem	XE4PR
483702246	Unexpected shutdown	XE7JN
2103791200	Device-device incompatibility	XE8KS
385786620	Circuit failure	XE5FA
1338229996	Failure to discharge	XE8DT
306394308	Impedance problem	XE6ZB
2092287283	Unintended electrical shock	XE739
2001688958	Unintended compatibility	XE4UP
591046722	Device damaged by another device	XE634
1983406687	Grounding malfunction	XE9QT
1715356055	Failure to shut off	XE20P
688963424	Leak or splash	XE944
1314670542	Mechanical jam	XE88N
549567543	Noise, audible	XE4F9
893718579	Filtration problem	XE2YK
463802803	Obstruction of flow	XE3GX
1781653794	Retraction problem	XE306
1540942796	Inflation problem	XE5GY
235586877	Deflation problem	XE4VT
838370829	Filling problem	XE49K
997532001	Excess flow or over-infusion	XE6YH
1336927298	Improper flow or infusion	XE1H4
1159336322	Physical resistance or sticking	XE635
1622951502	Structural problem	XE79Q
699862830	Ejection problem	XE7NX
287880927	No flow	XE1Y3
1620378784	Firing problem	XE1RJ
162235780	Detachment of device or device component	XE2CM
825506931	Difficult to flush	XE6BM
991832943	Pumping problem	XE6Z5
884388799	Mechanics altered	XE279
1040402047	Insufficient flow or under infusion	XE1S7
1244490640	Unintended movement	XE8ZZ
714250104	Device ingredient or reagent problem	XE3E0
1262548898	Priming problem	XE0B4
1002019615	Pressure problem	XE8Z5
1370722857	Improper chemical reaction	XE6E7
1703523536	Suction problem	XE69E
538914836	Device emits odour	XE9AC
1860274892	Optical distortion	XE4BE
8390839	Moisture or humidity problem	XE8HD
1684811168	Optical obstruction	XE93N
79816459	Misfocusing	XE5CX
183621209	Optical discolouration	XE1VT
8155445	Optical decentration	XE4W1
785871995	Ambient noise problem	XE027
1259133390	Ambient temperature problem	XE5R1
895628371	Fumes or vapours as environmental compatibility problem	XE50X
168669147	Ventilation problem in device environment	XE7KA
1068358623	Device unsafe to use in environment	XE5NF
1979332284	Environmental particulates	XE55E
436964371	Medical gas supply problem	XE6V9
1904384406	Device difficult to set up or prepare	XE1C2
2064596730	Device difficult to program or calibrate	XE3B8
1625389156	Electrical power problem	XE5ZE
1519619834	Fungus in device environment	XE011
1324155424	Inadequate user interface	XE35S
2059269001	Reset problem	XE4KE
146422654	Misassembled during installation	XE36N
1873198417	Failure of device to self-test	XE3V3
555530423	Device difficult to maintain	XE2N3
675819853	Device alarm system	XE98H
1161373428	Exposure to electric current	XE8A0
357320992	Failure to auto stop	XE16Y
2077340377	Fail-safe problem	XE78D
526802494	Premature indicator activation	XE1H0
246468916	Exposure to sunlight	XE8DS
1574666141	Exposure to noise	XE7Y1
88763112	Shielding failure	XE4PS
1546822794	Foreign body in orifice	XE202
1556582692	Exposure to physical overexertion	XE4TW
1688457949	Exposure to vibration	XE3RX
2062023493	Exposure to suction	XE7BT
1456807274	Lack of water	XE3WS
59113228	Exposure to radiation	XE60C
2144490277	Exposure to high or low air pressure or changes in air pressure	XE5DF
844786397	Abandonment	XE42R
1407198740	Exposure to explosion	XE9Y8
1873653802	Lack of food	XE7SS
2102567496	Neglect	XE00G
1321485700	Exposure to fall from a height of 1 metre or more	XE3QG
285610451	Off-label use	XE7VD
1234065952	Poisoning or toxic effect of exposure to substance	XE13E
1855621064	Exposure to fall on the same level or from less than 1 metre	XE8J4
244381799	Improper or incorrect procedure or method	XE2XZ
462141119	Misassembled	XE61V
1994506666	Corrosion due to exposure to substance	XE1SS
1353718412	Device handling problem	XE6PE
1991459958	Exposure to other specified privation	XE67Q
69033739	Use of incorrect control settings	XE7S3
1258201672	Exposure to threat to breathing by inhalation or ingestion of other objects or materials	XE9RJ
216665026	Patient-device incompatibility	XE6GS
100035293	Exposure to threat to breathing by inhalation or ingestion of food	XE5QH
1986670005	Exposure to threat to breathing by external compression of airways or chest	XE2NR
417240228	Exposure to being caught, crushed, jammed or pinched between objects	XE4FE
1016754338	Exposure to being struck by blunt object	XE59C
663257338	Exposure to being cut or pierced by sharp object	XE20S
959471870	Exposure to being struck by projectile from firearm	XE2YW
1138934613	Osseointegration problem	XE7JV
1083637172	Exposure to threat to breathing from low oxygen environment	XE2DJ
1059255359	Migration or expulsion of device	XE0VD
364108287	Loosening of implant not related to bone-ingrowth	XE2K9
2111393365	Exposure to being struck by moving object	XE4UV
852592320	Exposure to being struck against stationary object	XE6LQ
207954260	Exposure to threat to breathing by strangulation	XE17S
1919945723	Exposure to threat to breathing by inhalation or ingestion of liquids	XE2PV
1446309881	Exposure to threat to breathing by inhalation or ingestion of gastric contents	XE33X
126142314	Exposure to threat to breathing by suffocation from object covering mouth or nose	XE9N2
856341214	Exposure to threat to breathing by hanging	XE9LA
2066920400	Failure to read input signal	XE3EG
518594149	Failure to transmit record	XE0V5
1436873090	Exposure to ignition, or melting of material	XE9T8
1861750444	Exposure to uncontrolled fire	XE0S0
1342399806	Telemetry discrepancy	XE5H8
1607249534	Exposure to hot object or liquid	XE494
880837353	Exposure to excessive heat	XE00Z
1524647698	Residential institution	XE9DC
1868100996	Exposure to excessive cold	XE4AY
441747547	Intermittent communication failure	XE4JX
281306859	Exposure to steam, hot vapour, air or gases	XE515
1670965842	Home	XE266
1304962002	Medical service area	XE9VC
447494423	Exposure to controlled fire	XE5WP
623129518	Farm or other place of primary production	XE9CS
839669614	Industrial or construction area	XE7T4
278563516	Place for socialising and consumption of alcoholic drinks	XE1WL
713258542	Public highway, street or road	XE5NE
1148480184	Wireless communication problem	XE4YY
292139218	Transport area other than highway, street or road	XE5KY
672210322	School or educational area	XE6TU
1581436044	Commercial area (non-recreational)	XE48U
391771100	Out-of-hospital	XE2BE
1731879372	Countryside	XE5JL
1917651561	Type of legal intervention, response to a disturbance call because of a family dispute	XE84H
1060731218	Sports and athletics area	XE7K0
601470807	Type of legal intervention, response to other specified disturbance call	XE3FV
1231726668	Recreational area, cultural area, or public building	XE7GY
1261807401	Type of legal intervention, response to a disturbance call because of a person behaving aberrantly	XE8WD
888263575	Type of legal intervention, response to unspecified disturbance call	XE439
1769323025	Test strip component of medical device	XE68H
2145720431	Type of legal intervention, potential arrest related traffic pursuit	XE9JF
1881765549	Monomer liquid component of medical device	XE4VK
1370870255	Type of legal intervention, potential arrest related execution of an arrest	XE3XD
53410898	In-hospital	XE36S
107083816	Antenna component of medical device	XE321
1184740655	Type of legal intervention, potential arrest related investigation of a suspicious person or incident	XE25D
1351765105	Cautery tip component of medical device	XE6Z7
1203566975	Polymer powder component of medical device	XE7WP
2039898441	Battery charger component of medical device	XE80Z
1888405213	Gas scavenging component of medical device	XE8HT
2061932833	Absorber component of medical device	XE8XD
920445244	Circuit board component of medical device	XE2WY
2047041969	Device ingredient or reagent component of medical device	XE7JR
1026411068	Computer software component of medical device	XE8UU
942712620	Circuit breaker component of medical device	XE5BT
851247168	Computer hardware component of medical device	XE2ZE
868322348	Battery component of medical device	XE3WM
572298234	Cooling module component of medical device	XE7P0
375905248	Cable, electrical component of medical device	XE7JQ
570345949	Device programmer component of medical device	XE8UV
789745613	Electrical port component of medical device	XE0Y5
887457541	Discrete electrical component of medical device	XE6UE
1328658424	Display component of medical device	XE8GY
921496964	Emitter component of medical device	XE2PX
1254695544	Electrical mixer component of medical device	XE6S4
728985265	Device reader component of medical device	XE033
582131940	Magnet component of medical device	XE4BN
523948408	Receiver component of medical device	XE2KA
918925166	Oscillator component of medical device	XE7YS
353420906	Pressure transducer probe component of medical device	XE7EJ
1083411035	Receiver stimulator unit component of medical device	XE6SG
1013009136	Headphone or headset component of medical device	XE5GC
1278171933	Patient lead component of medical device	XE525
889998536	Power cord component of medical device	XE4XJ
1243491639	Scanner component of medical device	XE4TH
1778558875	Switch or relay component of medical device	XE5R5
1619984631	Speaker or sounder component of medical device	XE0ST
1901207331	Temperature compensator component of medical device	XE30P
196668244	Telemetry component of medical device	XE884
732193278	Thermostat component of medical device	XE56F
608409651	Exposure to air or space transport injury event	XE5XH
1180428155	Part of building or grounds, living room	XE1M5
1585150204	Activation problem	XE76U
1366524859	Part of building or grounds, kitchen	XE4XM
1522986692	Positioning problem	XE2J9
539761333	Separation problem	XE1KB
1745563387	Part of building or grounds, bathroom, toilet	XE2XM
883604987	Part of building or grounds, playroom or family room	XE45Z
695862328	Hub component of medical device	XE713
603431772	Heater component of medical device	XE9TB
1169952916	Integrated circuit chip component of medical device	XE9ZW
1065479084	Power supply component of medical device	XE4Q4
2054437740	Electrical lead or wire component of medical device	XE59E
1759858049	Inverter component of medical device	XE8JV
530407686	Printer component of medical device	XE062
595777851	Part of building or grounds, bedroom	XE8RZ
231870651	Part of building or grounds, office or home office	XE051
966759365	Part of building or grounds, canteen or cafeteria	XE70Z
452621435	Part of building or grounds, classroom	XE115
783808261	Part of building or grounds, balcony	XE4U5
362702124	Part of building or grounds, driveway	XE65J
1883724652	Part of building or grounds, elevator	XE9L8
777843838	User input device component of medical device	XE5A0
1957333667	Transmitter component of medical device	XE579
1578603244	Part of building or grounds, lobby	XE3R6
341389655	Exposure to land transport injury event	XE9S7
1228928556	Part of building or grounds, corridor	XE6ZJ
45482476	Part of building or grounds, swimming pool	XE4PW
1800097958	Exposure to water transport injury event	XE85L
1003400364	Part of building or grounds, garden or yard	XE3DE
753322092	Part of building or grounds, garage	XE2Q4
555531715	Exposure to railway transport injury event	XE3S3
1652759967	Exposure to being bitten	XE359
764138762	Exposure to being scratched or clawed	XE9PG
287399684	Part of building or grounds, private parking area	XE5MW
1108072171	Part of building or grounds, prayer room	XE9Y2
953340724	Exposure to being stung or envenomated	XE972
1735344044	Part of building or grounds, stairs	XE2NQ
1056794568	Transformer component of medical device	XE256
1064408708	Part of building or grounds, playground	XE8SG
567535188	Part of building or grounds, tennis court	XE7DE
203498770	Part of building or grounds, other specified indoor part of building or grounds	XE6ZY
676983364	Part of building or grounds, private road	XE5RE
1484869966	Contamination during use	XE9L2
1376581154	Device contaminated during manufacture or shipping	XE450
453591506	Part of building or grounds, other specified outdoor part of building or grounds	XE06N
1739358758	Device reprocessing problem	XE5LK
36624182	Exposure to being struck, kicked, or bumped	XE1TU
644494136	Exposure to being stepped on or crushed	XE0VW
922452628	Part of building or grounds, other specified sporting facility	XE9DN
841823604	Inadequate instructions for healthcare professional	XE13S
1221050629	Lack of maintenance documentation or guidelines	XE25T
1759202217	Inadequate instructions for non-healthcare professional	XE17P
657882028	Device markings or labelling problem	XE23E
232216621	Mirror component of medical device	XE9EM
218162716	Inadequate or insufficient training	XE22G
322925214	Exposure to drowning or submersion, while in body of water	XE72F
1366184973	Actuator component of medical device	XE0WZ
1030373689	Light emitting diode component of medical device	XE6QH
1379683296	Imager component of medical device	XE7NH
1764785791	Exposure to drowning or submersion, following fall into body of water	XE1AF
680651252	Appropriate term or code not available for medical device component	XE8NG
426199216	Anchor component of medical device	XE4F2
48577698	Part, component or sub-assembly term not applicable	XE27U
1410763003	Fail-safe system component of medical device	XE37H
1921150911	Safety valve component of medical device	XE58K
1986552544	Camera component of medical device	XE120
1224050598	Optical fiber component of medical device	XE7A6
2018025138	Laser component of medical device	XE6GJ
1472519776	Lenses component of medical device	XE616
2108689202	Light source component of medical device	XE5LN
137350573	Film component of medical device	XE5CR
1817178977	Cap component of medical device	XE44H
673722200	Cable, mechanical structural component of medical device	XE4NU
116498692	Bag component of medical device	XE7E4
1121203667	Belt component of medical device	XE9CF
2030450789	Balloon component of medical device	XE5AV
1813870269	Bellows component of medical device	XE1XK
515976424	Air eliminator component of medical device	XE6D6
1652539955	Cannula component of medical device	XE2UB
47319194	Caster component of medical device	XE3K0
655333480	Bottle component of medical device	XE7G4
895211417	Chassis or frame component of medical device	XE4BK
1439941171	Access port component of medical device	XE3UX
1413344276	Chain component of medical device	XE65A
1734520611	Breathing circuit component of medical device	XE0C3
41269480	Catheter component of medical device	XE088
1588611968	Cell component of medical device	XE1TF
235212470	Safety interlock component of medical device	XE0ZU
1920590331	Brushing component of medical device	XE0AX
385319628	Bearings component of medical device	XE1G8
1052252066	Emergency button or switch component of medical device	XE2N6
611441640	Protector or shield component of medical device	XE8RN
140488694	Carrier component of medical device	XE00E
1844381775	Brush component of medical device	XE5YT
1643549208	Clutch component of medical device	XE5CL
201169718	Alarm component of medical device	XE28G
2120375723	Locking mechanism component of medical device	XE51V
1541665633	Adaptor component of medical device	XE0SV
1961745600	Coil component of medical device	XE1S0
1350597164	Chamber component of medical device	XE6N0
209454696	Automatic injection system component of medical device	XE968
334163932	Applicator component of medical device	XE94Y
874994677	Cone component of medical device	XE5TK
995256601	Cuff component of medical device	XE8LZ
1803236724	Coating material component of medical device	XE3C8
861000960	Ball component of medical device	XE0HN
1258212134	Cusp and leaflet component of medical device	XE8T8
974613159	Collimator component of medical device	XE0YX
1322102662	Connector or coupler component of medical device	XE7EE
790980241	Cup component of medical device	XE8YR
1102617962	Cover component of medical device	XE1S2
1284915423	Device deployer component of medical device	XE8J5
1334357050	Controller component of medical device	XE83L
1711762719	Cutter or blade component of medical device	XE3LB
815451595	Concentrator component of medical device	XE7YF
1157958486	Compressor component of medical device	XE46J
1176233907	Device collapser component of medical device	XE3CX
1821035123	Cylinder component of medical device	XE9WL
1278341295	Diaphragm component of medical device	XE1KD
839751918	Extender component of medical device	XE8ZU
1010674110	Ejector component of medical device	XE5K4
689737646	Fan or blower component of medical device	XE8VD
1256058300	Gears component of medical device	XE5M6
1869313870	Gas exchanger component of medical device	XE3HQ
107355594	Dome component of medical device	XE85G
1106293248	Heat exchanger component of medical device	XE12Q
991577487	Hinge component of medical device	XE5ZS
1162684352	Sewing ring component of medical device	XE2AL
1338015916	Header component of medical device	XE37B
518952863	Fiber component of medical device	XE15J
1606853476	Guide component of medical device	XE1ND
596715714	Fabric component of medical device	XE026
765532562	Fastner component of medical device	XE5DL
1626042380	Handpiece component of medical device	XE11W
917507794	Equipment pole component of medical device	XE1VC
340423197	Gasket component of medical device	XE3QZ
994623571	Flange component of medical device	XE10F
651641698	Inserter component of medical device	XE3WA
835020607	Filter component of medical device	XE65M
167556034	Impeller component of medical device	XE4NN
744154126	Insulation component of medical device	XE1Y2
1441377019	Lever component of medical device	XE5XR
1978998871	Label component of medical device	XE6R7
56120900	Joint component of medical device	XE7GQ
253744166	Leaflet component of medical device	XE1VQ
1179896613	Hydraulic system component of medical device	XE1TK
1824712421	Humidifier component of medical device	XE0YE
623662869	Generator component of medical device	XE0RK
2021217043	Jaw component of medical device	XE7N3
1716470153	Housing component of medical device	XE5S9
795691527	Holder component of medical device	XE4FZ
96154020	Manifold component of medical device	XE87E
1416683015	Needle component of medical device	XE4BH
1423404663	Mount component of medical device	XE8X1
1319755647	Mechanical mixer component of medical device	XE74K
1709625378	Foil component of medical device	XE4PC
439212048	Magazine or cassette component of medical device	XE17E
990877232	Panel component of medical device	XE080
688479251	Plug component of medical device	XE09R
71913304	Mesh component of medical device	XE8R6
505885540	Nozzle component of medical device	XE78G
1425943705	Pad component of medical device	XE5AR
1590967173	Plate component of medical device	XE965
87088569	Guidewire component of medical device	XE64H
1304342774	Probe component of medical device	XE46S
595917695	Plunger component of medical device	XE9R2
1562321744	Pulley component of medical device	XE9DJ
1293484168	Potting component of medical device	XE0Y2
1200924652	Post component of medical device	XE25A
1208249752	Pusher component of medical device	XE8RF
694310429	Rail component of medical device	XE4JZ
670422847	Pump component of medical device	XE0K1
132734355	Processor component of medical device	XE23M
323102041	Rod or shaft component of medical device	XE017
2124659495	Motor component of medical device	XE0R5
1669514806	Regulator component of medical device	XE6YN
1938089470	Sleeve component of medical device	XE7ZG
773118184	Packaging component of medical device	XE7C4
272515294	Membrane component of medical device	XE9VQ
1931695500	Slide component of medical device	XE6VJ
2030650002	Shock absorber component of medical device	XE7N2
426259013	Reservoir component of medical device	XE65T
1402498896	Seal component of medical device	XE4BJ
984018548	Socket component of medical device	XE740
255235784	Mask component of medical device	XE26U
436509438	Knob component of medical device	XE3AW
1253500852	Hose component of medical device	XE3A4
808585038	Liner component of medical device	XE80W
982494366	Stopcock component of medical device	XE8M4
1854232941	Spring component of medical device	XE7QZ
2062702309	Stand component of medical device	XE4K0
342863134	Spacer component of medical device	XE4DU
522845010	Steering wire component of medical device	XE82E
805440498	Stent component of medical device	XE7UE
515756894	Tool component of medical device	XE6GE
270434652	Stopper component of medical device	XE00C
1928655999	Isolator component of medical device	XE7JF
1989773550	Ring component of medical device	XE7DG
769638435	Rachet component of medical device	XE76K
445851184	Strain relief component of medical device	XE4E4
1908579177	Valve component of medical device	XE01P
7223638	Tube component of medical device	XE8TY
338719794	Tip component of medical device	XE06W
1259855233	Syringe component of medical device	XE05P
611866764	Wheel component of medical device	XE6HA
439653954	Stylet component of medical device	XE3GN
1622684877	Vaporiser component of medical device	XE6MT
2085408298	Aperture component of medical device	XE6E8
1475603036	Analyzer component of medical device	XE37A
1414368843	Trap component of medical device	XE2FM
2055523621	Trocar component of medical device	XE4M3
1008859503	Pointer component of medical device	XE5UB
930570783	Curvette component of medical device	XE20X
1754053872	Pipette component of medical device	XE7MS
691713975	Sensor component of medical device	XE8GP
1039844723	Counter component of medical device	XE9NB
505045808	Translational motion component of medical device	XE0UG
1050761716	Table component of medical device	XE3ED
766403431	Marker component of medical device	XE8RD
577514695	Clock component of medical device	XE06B
917265923	Scale component of medical device	XE2MH
632590640	Timer component of medical device	XE3R3
1256563571	Shutter component of medical device	XE2Q3
685869995	Calibrator component of medical device	XE34X
1080558623	Window component of medical device	XE99Z
787873768	Weld component of medical device	XE1PW
1612678333	Vibrator component of medical device	XE0FP
709388760	Washer component of medical device	XE83A
47650331	Gauges or meters component of medical device	XE00B
2128837268	Unpowered aircraft or means of air transport	XE4QU
1774919252	Part or component of powered or unpowered aircraft	XE79E
1607276467	Body of water	XE7K9
2062191047	Unpowered watercraft or means of water transport	XE29V
1678335572	Certain specified surface conformation	XE7CY
1841491207	Part or component of powered or unpowered watercraft	XE5G3
1610657031	Certain specified weapon	XE1XM
1201395668	Powered aircraft or means of air transport	XE9LQ
1656506786	Sharp object	XE4BU
1517361661	Bird	XE6L5
1723185907	Ground surface	XE58F
1133651079	Powered watercraft or means of water transport	XE70T
841809562	Handcuffs	XE8YS
1539630306	Firearm or related item	XE04A
1661580477	Plant	XE3C1
114330365	Reptile or amphibian	XE1PT
1655898824	Cleaning utensil or container	XE8EL
679494525	Land mammal	XE813
191900029	Light transport vehicle with four or more wheels	XE3GH
124402824	Food storage or related utensil or container	XE4WL
839418941	Parts or components of land vehicle or means of land transport	XE0YD
1297710397	Insect, invertebrate	XE6UV
1067984829	Marine animal	XE2AH
1973118472	Crockery, kitchen container	XE9W8
1289997128	Cooking or food processing utensil	XE4G0
301526589	Person	XE653
2038526973	Animal-powered means of transport	XE1MP
475549117	Heavy transport vehicle with four or more wheels	XE4NR
1314861039	Certain specified utensil or container	XE31H
1856575293	Motorised two- or three-wheeled vehicle	XE3ZP
622911741	Rail vehicle	XE0ZK
1090117309	Person-powered means of transport	XE81T
1111833116	Certain specified land vehicle or means of land transport	XE3C0
2136377225	Chair or sofa	XE769
1162203379	Cooking or kitchen appliance	XE68B
547155635	Entertainment appliance	XE80T
1753146185	Table, stand, cupboard, shelf or partition	XE2F3
248260403	Heating or cooling appliance	XE84K
2084404659	Cleaning or laundering appliance or tool	XE87D
1177430729	Bed, bedding or bedding accessories	XE8PK
1156591086	Baby or child article	XE1AW
1109907866	Mobile machinery or special purpose vehicle mainly used in agriculture	XE7X0
370790052	Cord of household appliance, extension cord	XE2MS
1796544883	Lighting appliance	XE4KD
2106097838	Toy	XE3Y2
1709064393	Fire, flame causing injury	XE9DT
434390003	Sewing appliance or equipment	XE9WK
826737824	Tent	XE14D
888867566	Fireworks	XE6KQ
1819742234	Mobile machinery or special purpose vehicle mainly used in construction	XE1GE
1788929134	Playground equipment	XE6JS
1554443657	Smoke causing injury	XE4F3
229104905	Decoration, decorating item	XE7MK
1750768110	Explosive	XE59Q
1725389171	Material not mentioned elsewhere	XE16B
1684782550	Natural material	XE4BY
821230013	Fire hydrant	XE6KX
1817406141	Telephone pole, Stobie pole	XE0MT
2069853402	Mobile machinery or special purpose vehicle mainly used in industry	XE0M8
1083915581	Certain specified mobile machinery or special purpose vehicle	XE381
1297495637	Clothes, foot wear, or related products	XE12D
1661403093	Personal grooming utensil	XE9WV
1561530518	Manufactured or industrial material	XE4Y6
1493174182	High-tension overhead power line	XE35R
1842194031	Food, drink, or related product	XE3FD
1949211413	Clothing accessory or personal decoration item	XE91F
1067936981	Personal aid	XE0X7
115327381	Toiletries, cosmetics, or related product	XE45T
1617055367	Machinery or fixed plant	XE6TZ
680462357	Arts and crafts supplies	XE58R
1340789492	Certain specified personal use item	XE2H2
1311934215	Unpowered hand tool or equipment	XE16F
301442389	Communication or related utensil or accessory	XE3AM
1855882865	Mechanical power transmission device	XE505
1494934471	Powered hand tool or equipment	XE5WX
894367731	Rope, string, or twine	XE4H9
736868679	Pressure-based equipment	XE9N7
482511723	Tobacco or related product	XE7P9
1019469191	Certain unpowered equipment	XE3RZ
1555827180	Chain	XE18Y
1692027597	Other wire	XE1PL
1777296627	Barbed wire	XE3U7
1487871708	Hand-held sports equipment	XE68L
1334278684	Equipment or structure for playing sports or exercise	XE0AQ
1641526172	Ball used in sport	XE5BJ
710820956	Equipment with wheels or designed for movement, mainly for use in sports or recreational activity	XE70Q
1719764326	Laser light and equipment	XE5DQ
1406331007	Laser pointer	XE9AP
866779762	Blunt object, not elsewhere classified	XE9GE
975181414	High-pressure jet	XE2JA
1031151772	Underwater diving equipment	XE9TA
987002402	Dry cell battery	XE8AE
45233415	Motor, engine, not elsewhere classified	XE98K
1667979069	Certain specified equipment for sports or recreational activity	XE8FX
1657462538	Animal cage	XE146
470828497	Gastric content	XE12Z
1901953506	Disc battery	XE8H0
1299224745	Sharp object, not elsewhere classified	XE6UH
2087235550	Battery, not elsewhere classified	XE72W
1521261615	Blood, carcass, body, bone, not elsewhere classified, human or animal	XE08P
1469690385	Excrement, human or animal	XE8FT
1265845800	Garbage, litter, trash	XE2AU
1179019288	Environmental pollution, not elsewhere classified	XE2VX
16429544	Plastic bag	XE2DW
1728071664	Building fitting	XE1P6
1819827060	Hot liquid	XE4VA
1230016112	Floor or related fitting or feature	XE7SG
1426126388	Hot air or gas	XE3BS
1584982704	Door, window, or related fitting or feature	XE2AC
747221040	Wall or related fitting or feature	XE4ZE
1706861385	Certain specified building, building component, or fitting	XE3PF
1975154020	Dialysis lines - haemodialysis-haemofiltration-haemodiafiltration	XD12J0
996770283	Absorption filters and columns	XD5TA3
613231617	Continuous dialysis sets	XD7QD7
895500139	Haemodialysis filters - others	XD5DX9
1140349763	Peritoneal dialysis lines	XD65W3
1686278694	Hemoperfusion filters	XD1V74
823862610	Stethoscopes, Binaural	XD8DB0
2102197463	Dialysis lines - others	XD0ZQ3
251263313	Ultrafiltration sets	XD5KR3
1437697309	Ultrasound Scanners, Mobile	XD89G9
1307698627	Hemoperfusion sets	XD2QE7
764775317	Dialysis procedures, salts	XD7157
1388362759	Haemofiltration-haemodiafiltration sets	XD0KV9
2005274072	Dialysates, without acetate buffer	XD6LX2
561363329	Dialysates, basic solutions	XD0UL9
651261109	Ultrasound Scanners, Portable	XD7FU9
212181477	Ultrasound Scanners, Hand-held	XD4T57
148060748	Dialysis, washing/filling sets	XD80S8
1756845086	Dialysates - others	XD67E6
961935697	Dialysis, adaptors	XD2EM7
678239765	Peritoneal dialysis devices (not in other groups)	XD18U5
1002206661	Dialysates, acid solutions	XD62N1
1978822234	Haemodialysis, hemofiltration, haemodiafiltration filters	XD8DD4
1424654110	Dialysis sets - others	XD9Z50
1358742717	Extracorporeal dialysis devices	XD8A37
2025089367	Biofiltration sets	XD0R67
581431066	Haemodialysis sets	XD6TC6
1017998545	Dialysate tanks, collection and reinfusion	XD25C5
489198209	Vascular access devices (only for haemodialysis)	XD8689
460320768	Stethoscopes, MRI	XD04L8
183452400	Dialysis devices - other accessories	XD9KW0
751038464	Pulse Oximeters, Tabletop	XD8QN4
1776365449	Pulse Oximeters, Hand-held	XD4U89
55554258	Pulse Oximeters, Spot-check	XD5QV8
2060268147	Air/oxygen masks and nasal cannulas	XD3W67
1046469610	Hand-operated ventilation balloons	XD51T0
1901901793	Infusion Pumps, Volumetric	XD4CT3
547067810	Dialysis devices - others	XD46Z0
783787054	Infusion Pumps, Syringe, Nuclear Magnetic Resonance	XD1N14
880699496	Infusion Pumps, Volumetric, Nuclear Magnetic Resonance	XD52M6
1956913761	Infusion Pumps, Syringe	XD36Q1
1590753073	Infusion Pumps, Enteral nutrition	XD8DH3
598421735	Protein allergens	
1902673233	Contact allergens in fragrances	
24439166	Contact allergens in dental materials	
1805954968	Contact allergens in cosmetics	
900517514	Contact allergens in plants or other organic matter	
824544150	Contact allergens in industrial biocides, cutting oils or disinfectants	
1305280020	Contact allergens in hairdressing products	
1886320404	Contact allergens in rubber chemicals	
1874806981	Contact allergens in metals or metal salts	
1823275218	Contact allergens in food flavours or additives	
589463722	Contact allergens in systemic medicaments	
1069504072	Contact allergens in plastics, glues or resin systems	
2126576098	Contact allergens in preservatives or biocides	
1145699179	Photoallergens in sunscreens	
1300346452	Contact allergens in topical medicaments	
1569166748	Photoallergens in plants or vegetable matter	
1562387946	Photoallergens in preservatives or biocides	
1832553616	Photoallergens in fragrances	
815837113	Contact allergens in clothing or footwear	
62372427	Photoallergens in medicaments	
304641274	Adrenergic antagonists	
1604467445	Adrenergic agonists	
1663209885	Parasympathomimetics [cholinergics]	
1241346749	Parasympatholytics [anticholinergics and antimuscarinics] and spasmolytics	
1343179152	Ganglionic blocking drugs	
1553658000	Immunostimulants	
2064976967	Antineoplastic agents	
23610618	Anticoagulants and antithrombotics	
263764241	Other fibrinolysis-affecting drugs	
945887405	Other haematological agents	
675925829	Antacids	XM1349
294562699	Local hemostatics	
1615313484	Vitamin B12, folic acid and other anti-megaloblastic-anaemia preparations	
1933786715	Enzymes	
1262463389	Drugs used in hereditary angioedema	
1426585377	Iron and its compounds	
1313459843	Fixed Combinations for Helicobacter pylori eradication	XM1364
774058895	Anticoagulant antagonists, vitamin K and other coagulants	
1691791205	Immunosuppressive agents	
1625295418	Natural blood and blood products	
1257527485	Drugs for functional gastrointestinal disorders	XM2N85
1147394463	Drugs for constipation	XM5KL3
1461073987	Other gynaecologicals	
1119997157	Labour repressants	
1869512869	Progesterone receptor modulators	
503575075	Other antacids and anti-gastric-secretion drugs	XM1V55
1877809408	Digestants	XM08U8
935205797	Antidiarrhoeal drugs	XM0597
496519977	Antinauseants, antiemetics and emetics	XM1JV7
1622239486	Other laxatives	XM24L6
1532721843	Other drugs for peptic ulcer and gastro-oesophageal reflux disease	XM8DE3
2018902286	Propulsives	XM5HW6
2103635219	Intrauterine and intravaginal contraceptives	
835959538	Antipropulsives	XM4UH8
2040345549	Estrogen receptor modulators	
880224115	Saline and osmotic laxatives	XM3YF5
325369861	Other agents primarily affecting gastrointestinal system	XM6661
1687376203	Gastric acid secretion suppressants	XM6T63
2039181780	Estrogens and progestogens	
1094859611	Drugs for urinary frequency and incontinence	XM11B1
317595565	Androgens and anabolic congeners	
179645712	Drugs used in erectile dysfunction	
1369563139	Other urologicals	
1045720677	Acidifiers	
348223338	Drugs used in benign prostatic hypertrophy	
841973072	Disulfiram	XM51D2
902286343	Calcium carbimide	XM2FC3
694829322	Nicotine	XM6BN2
995135555	Other drugs acting on muscles	
58489938	Drugs for obstructive airway diseases	XM9P78
1657423397	Drugs affecting uric acid metabolism and other antigout preparations	
785768761	Oxytocic drugs	
1160907618	Antihistamines	XM4J58
1638330014	Muscle relaxants	
242642021	Acamprosate	XM9T01
1969941222	Other respiratory system products	XM04S2
1729060495	Electrolytic, caloric and water-balance agents	
554734599	Expectorants and mucolytics	
1902933800	Antitussives	
1925998061	Respiratory stimulants	
290410269	Diuretics	
24680257	Vitamins and antioxidants	
487942784	Drugs used to treat enzyme deficiencies and disorders of aminoacid, glycolipid and glycoprotein metabolism	
70041107	Thioxanthene derivatives	XM8X87
1864062392	Diazepines, oxazepines, thiazepines and oxepines	XM12F2
1146813847	Pyrazolone derivatives	
1775802116	Antiepileptics	XM63D6
372654131	Antimigraine drugs	XM6HK1
1135938564	Nonsteroidal anti-inflammatory and antirheumatic agents	XM4KS4
1769423691	Specific antirheumatic agents	
1725563933	Phenothiazine antipsychotics and neuroleptics	
548018463	Mineralocorticoids	
245438847	Indole derivatives	XM1QY7
1423088030	Enzymes and digestants	
1755453913	Mineral salts and supplements, not elsewhere classified	
1864779620	Paracetamol (acetaminophen) and 4-aminophenol derivatives	
1217475565	Systemic antibiotics and antibacterials	
596605543	Antiparkinson drugs	XM9G63
412602138	Antivenin, antivenom (sera), Immunoglobulin	
706936574	Acetylsalicylic acid and other salicylates	
1267806555	Antifungal agents	
698494393	Antiviral drugs	
15834078	Other nonopioid analgesics and antipyretics, not elsewhere classified	
677082440	Monoamine oxidase-inhibitor, non-selective	
164949870	Vaccines	
489443341	Anthelminthics	
923858885	Selective serotonin reuptake inhibitors	
973488885	Monoamine oxidase A inhibitors	XM1UL5
1378788066	Other antidepressants	
502305296	Antiobesity preparations	
1834700640	Betahistine	XM14C0
1731399844	Flunarizine	XM52G4
301107547	Cinnarizine	XM7CE7
293044924	Antiprotozoal drugs	
197021438	Other specified systemic anti-infectives and antiparasitics	
2021285219	Agents acting on the renin-angiotensin system	
1825079466	Serotonin-norepinephrine reuptake inhibitors	
604158261	Acetylleucine	XM2U21
278359861	Non-selective monoamine reuptake inhibitors	XM9KG1
1864475266	Antiarrhythmics	
1539035020	Calcium-channel blockers	
1212599324	Hypothalamic hormones and analogues	
510195757	Other agents primarily affecting the cardiovascular system	
605560453	Vasoprotectives	
1015082163	Posterior pituitary hormones and analogues	
1414799174	Peripheral vasodilators	
443735651	Other antihypertensive drugs	
478197696	Antihyperlipidemic and antiarteriosclerotic drugs	
564188117	Vasodilators used in cardiac diseases	
1832523019	Beta blocking agents	
1496100486	Anticorticosteroids	
1390944998	Antithyroid drugs	
1039950047	Thyroid hormones and substitutes	
948318065	Prolactin inhibitors	
2130043206	Anterior pituitary [adenohypophyseal] hormones and analogues	
269737359	Antigonadotrophins, antiestrogens, antiandrogens, not elsewhere classified	
2143992001	Opioids or related analgesics and agents affecting opioid receptors	
1928636492	Glucocorticoids and synthetic analogues	
2057778400	Cardiac stimulants	
390604609	Iodine therapy	
1549729615	Glucagon	XM9N95
365301781	Insulin and antidiabetic drugs	
1042423542	Parathyroid hormones and analogues	
1328090297	Antiparathyroid agents	
858273294	Cholecystokinin	XM5374
433531147	Cannabinoids	XM2PL7
1278799366	Chondrocytes, autologous	XM2SL6
661865379	Hallucinogens	XM4SV9
1599759772	Other psychodysleptics [hallucinogens]	
1798494918	Collagen	XM94X8
967256219	Denosumab	XM2P79
332660171	Strontium ranelate	XM6U91
2136224316	Enzymes affecting bones, joints and other connective tissue, not elsewhere classified	
1918647489	Unspecified psychodysleptics [hallucinogens]	
1872669578	Bone morphogenetic proteins	
1237351302	Romosozumab	XM7AJ2
1841107032	Aluminium chlorohydrate	XM5AP2
1007101984	Bisphosphonates	
807864758	Ipriflavone	XM4GT8
1672785624	Burosumab	XM4MQ4
1716271960	Hyaluronic acid	XM6EQ0
1629513404	Ginkgo folium	XM1CG4
15396639	Benzamides	XM1W79
1148861461	Antimycobacterials	
1416964592	Agents in bile and liver therapy	
699744392	Other antipsychotics and neuroleptics	
1288265027	Butyrophenone derivatives	
32860566	Lithium	
831310359	Diphenylbutylpiperidine derivatives	XM2NF9
1992357685	Vosoritide	XM99J5
176861194	Tetrabenazine	XM9DZ4
1303086297	Pitolisant	XM3QR7
225562322	Tafamidis	XM2AL2
959518674	Memantine	XM3BR4
942948934	Riluzole	XM9Z74
1036834758	Edaravone	XM1KZ8
1742688649	Laquinimod	XM1LU9
306222868	Tirilazad	XM9VG8
1213403481	Fampridine	XM5PS1
1646773257	Xaliproden	XM4ER7
397935252	Patisiran	XM3FT2
315390786	4-Aminobutyric acid	XM2XY6
881358505	Sedative-hypnotic and anxiolytic drugs	
765357538	Synthetic cannabinoids	
290579631	Cathinone	
981846737	Other specified amphetamines	
824599565	Unspecified psychostimulant drug	
1646905119	Deutetrabenazine	XM5UK9
109110738	Valbenazine	XM8MX8
1880792884	Anaesthetics and therapeutic gases	
415445870	Aducanumab	XM87M0
232291766	Arimoclomol	XM4F26
2028865613	Inotersen	XM7DT3
887595299	Camphor	
653184649	Chlorphenesin	XM3VA9
1421083259	Psychostimulants, ADHD and nootropic agents	XM12M9
180584679	Antipruritics	
1071890319	Emollients, demulcents and protectants	
383591683	Idrocilamide	XM2NU3
1689806478	Fluoride preparations	
386666429	Etofenamate	XM8N69
1577439082	Ophthalmological drugs and preparations	
1575546276	Other local astringents and local detergents	
1540881672	Iodine (antiseptic)	
459626497	Otorhinolaryngological drugs and preparations	
787246827	Topical corticosteroid preparations	
277796945	Other dental drugs, topically applied	
1763940903	Silver	XM01G3
2126319798	Keratolytics, keratoplastics, and other hair treatment drugs and preparations	
1764246809	Methyl salicylate	XM6H69
1313122853	Retinoids topical	
1699616928	Ufenamate	XM5PA8
1180917897	Podophyllin	XM5HX7
2063870164	Other local antifungal, anti-infective and anti-inflammatory drugs	
1472102237	Other topical agents	
575816908	Agents used in diagnostic tests, not elsewhere classified	
1533863057	Antipsoriatics for systemic use	
1823404060	Medical gases	
761609922	Antidotes	
1005087958	Detoxifying agents for antineoplastic treatment	
1580450145	Protectives against UV-radiation for systemic use	
624658142	Vitamin A derivative and other anti-acne preparations for systemic use	
830485290	Iron chelating agents	
1103079383	Contrast media	
990745670	Drugs for treatment of hyperkalaemia, hypercalcaemia and hyperphosphataemia	
15921210	Arthropod venom	XM7930
401041742	Amphibian toxin	XM26J2
137947356	Mammal toxin	XM35H6
112910986	Pesticide	XM7D46
45436848	Bird toxin	XM0HS8
151279310	Cyanotoxin	XM6F50
1814606921	Reptile venom	XM2X61
1033092124	Aflatoxin	XM7U84
867589873	Fertilizer	XM10X3
1228821625	3-Nitropropionic acid	XM9F85
1230331511	Citreoviridin	XM0232
2047708991	Tetrodotoxin	XM7FH1
1243771436	Marine and freshwater animal toxins	XM2P96
1667482567	Ochratoxin	XM5WG7
1279800167	Patulin	XM9C47
1115161141	Satratoxin	XM77Q2
112750194	Fusarium toxin	XM3G74
1187353611	Penitrem	XM28H1
1267843567	Allyl Alcohol	XM51N7
376397135	Benzyl alcohol nonmedicinal	XM0AD5
753269198	Tenuazonic acid	XM1PM8
949155396	Sterigmatocystin	XM6VH6
1548619951	Cyclopiazonic acid	XM3NK1
804204492	Cinnamyl alcohol	XM7VB3
1092380291	Bay rum	XM6K71
973401090	Fusel alcohol	XM48D0
1882721131	Isopropyl alcohol	XM5531
1248467184	Hydrogen cyanide	XM8WA4
648340704	Citrinin	XM4UE5
813755521	Calcium cyanide	XM42L1
479647324	Cyanogen	XM1ZE4
650932003	Ethanol	XM8ZW3
77138300	Ethyl methylcarbinol	XM2VC0
520139524	Geraniol	XM4S45
636076680	Cyclohexanol	XM3XS0
1826703485	Alcohol vapor	XM9BA5
1171928975	Canned heat, not elsewhere classified	XM7XX5
465380668	Hydroxycitronellal	XM7UN9
1019440157	Antifreeze, not elsewhere classified	XM6VD7
379742962	Aliphatic thiocyanates	XM9R22
1408147960	Acrylonitrile	XM23N0
1742184720	Jamaica ginger	XM80Q0
690489836	Isocyanate	XM0YF6
1752203822	Methyl isothiocyanate	XM4QN2
677909719	Potassium ferric hexacyanoferrate nonmedicinal	XM2Q39
412244898	Sodium cyanide	XM1AZ9
1444096757	Potassium cyanide	XM1VD7
918478944	Toluene diisocyanate	XM36N4
1286909408	Hydroabietyl alcohol	XM4BN8
2123761051	Hexahydrocresol	XM6C11
1873732319	Methanol	XM7KD9
1722494308	Nitrocellulose	XM4PQ8
1669003790	Nitronaphthalene	XM7GP0
1464072950	Benzidine	XM9WX0
1438743662	Nitroglycerin nonmedicinal	XM8T02
524067055	Acrolein	XM4HP5
1771653613	Cyanide pesticide, not elsewhere classified	XM77X3
1240192972	Acetic anhydride	XM34D2
1681483462	Dimethyl sulfate	XM71L2
942498692	Fluoride nonmedicinal	XM10Z2
142715863	Cordite	XM5NJ3
298903295	Corrosive acid	XM6PB5
1726571906	Potassium chlorate	XM7EN6
480518531	Methyl iodide	XM7BT1
904906191	Phenol, nonmedicinal	XM92T1
1559271700	Phthalic anhydride	XM5380
530751309	Corrosive alkali	XM2R89
1049631825	Hydrazine	XM8LE5
180491943	Aziridine	XM3GN3
871912136	Sodium peroxide	XM4XF6
1980415706	Thioglycolic acid	XM6826
2103814776	Methyl hydrazine	XM0WH6
813455937	Corrosive aromatics, not elsewhere classified	XM85F7
138653844	Silver nitrate nonmedicinal	XM49E4
1466177831	Corrosive cleaning product, not elsewhere classified	XM1ZR1
1663598546	Whitewash	XM9WW6
52136665	Sodium chlorate	XM0345
1939415382	Sodium bisulfate	XM9GW2
425505795	Sodium silicate	XM8FM5
546439309	Acridine	XM9UE9
1120308112	Prussian blue nonmedicinal	XM2FV2
2031388218	Sodium oxide	XM5M78
1450046278	Ink, not elsewhere classified	XM6HZ8
1931813909	Paint fumes, not elsewhere classified	XM1XL9
622662794	Cochineal extract	XM3K54
768857548	Oxidizing agent, not elsewhere classified	XM05Q8
439110763	Lacquer	XM5C83
1686313128	Disperse dye	XM4UG8
84972603	Chlorobromomethane	XM0KE3
895563601	Chloroaniline	XM0WL1
793576325	Chloronitrobenzene	XM8G05
2147115084	Chlorobenzene	XM6LC4
1887892811	Chlorofluorocarbons	XM2HX1
1068423389	Amyl chloride	XM45Q9
1596608664	Chlorinated hydrocarbons, not elsewhere classified	XM4XU4
250704391	Chlorex	XM77V1
538498156	Acetylene tetrachloride	XM2W36
1604624904	Chlorodiphenyl	XM8D04
2123768090	Chloroethylene	XM6YR0
765717097	Dye, not elsewhere classified	XM8H37
549413914	Acetyl chloride	XM7594
1166579410	Dichlorobenzene	XM55X0
1109543910	Dichloroethane	XM1AF0
893506130	Acetyl bromide	XM2X70
1894013096	Chlorinated naphthalene	XM1YR6
2134301238	Chlorophenol	XM84K8
517870369	Dichloroethylene	XM8G49
266304439	Chlorodinitrobenzene	XM6QB9
1514052197	Carbon tetrachloride	XM3CP7
284041843	Chlorinated camphene	XM1363
447125644	Hexachlorocyclohexane	XM8PE4
1619620208	Pentachloroethane	XM5JU8
1179871140	Ethylene dichloride	XM4Z80
366611853	Chloropicrin	XM3U53
1258707362	Chloramine	XM4QG2
1608968934	Ethyl chloride	XM45K4
1514502614	Boron	XM2BF4
1147372273	Trichloroethylene	XM3NB3
2097341615	Calcium dichromate	XM0XT5
804519333	Asbestos	XM53B3
452213201	Barium nonmedicinal	XM8SU1
185198471	Methoxychlor	XM0MD1
2134867417	Dichloromethane	XM73T7
1799476668	Orthodichlorobenzene	XM42E8
1337708446	Borane complex	XM8QL6
785194408	Tetrachloroethylene	XM3DA8
1327267824	Decaborane	XM5JW5
1937562054	Potassium perchlorate nonmedicinal	XM95X4
1891589656	Phosphorus	XM2AZ6
1613194995	Trichloroethane	XM9R55
90135887	Polychlorinated biphenyl	XM77J7
551406073	Dibromoethane	XM9GK3
1529428104	Manganese	XM3FY4
692460903	Permanganate	XM1FQ3
2023571448	Sodium chromate	XM9EQ8
337352923	Potassium Fluoride	XM2SG3
279318245	Potassium nitrate	XM2G85
937904685	Erionite	XM3M65
1776164752	Sodium nitrate	XM7FZ2
631360145	Sodium bichromate	XM5XL5
1397925047	Toluidine vapor	XM7S87
1937629504	Acetal	XM50A4
1432043830	Hydrogen chloride	XM97M0
1471582342	Di-n-butyl phthalate	XM9HC2
124493411	Ethylene chlorohydrin	XM9B31
205963809	Acetonitrile	XM6XW9
2093246894	Acetic acid ester	XM6QH4
1888441000	Dioxin	XM9Y80
902203169	Trichloropropane	XM58Q9
1129188020	Butyl butyrate	XM0M80
405917097	Butyl formate	XM3XT7
771459929	Polybrominated biphenyl	XM59S9
1182410058	Acetaldehyde	XM4LM8
1939347888	Butyl propionate	XM3NC8
52081187	Butyl lactate	XM59Y7
697016291	Amyl formate	XM5HX1
944187949	Diethylhexyl phthalate	XM75C9
1749757867	Dimethyl phthalate nonmedicinal	XM34N7
1028386087	Benzene	XM0QY7
1249571149	Tetrachloroethane	XM4D89
106266222	Arsenic	XM2KQ2
425561337	Dichlorhydrin	XM38Z7
923463733	Decahydronaphthalene	XM4DT3
1010262347	Dioxane	XM2XU7
1202836586	Dipentene	XM1LN6
233191695	Ethyl benzoate	XM29X5
807335844	Dialkyl carbonate	XM8R64
1980466720	Ethyl ether nonmedicinal	XM0N40
154182975	Dimethylformamide	XM7MB5
748090099	Ethyl lactate	XM3NZ9
1544837502	Ethyl oxybutyrate	XM6FQ2
391449219	Isophorone	XM2D79
1717639456	Hexahydrobenzene	XM4QR6
1375714779	Ethyl formate	XM6FX9
600474353	Methyl cyclohexane	XM4513
1730391128	Ethyl hydroxyisobutyrate	XM7TN8
1941003074	Methyl benzoate	XM6UK4
1549144480	Methyl cyclohexanone	XM91A0
1478406670	Ketones	XM9UX0
855644999	Furfural	XM7QX9
204326959	Methyl sulfate	XM5BM9
2080953300	Isopropyl ether	XM38W0
109653421	Epichlorhydrin	XM5L21
376108789	Nitropropane	XM5CA9
1934926802	Ethylene glycol	XM1762
956581617	Brake fluid, not elsewhere classified	XM99B7
1089800539	Silicon dioxide	XM3DP9
323815172	Hapalopilus rutilans mushroom	XM1PK2
724928552	Phosphate solvent	XM02T2
113800830	Cortinarius mushroom	XM4CB0
1781982830	Human seminal plasma	XM0RZ0
1454836228	Organic solvents, not elsewhere classified	XM0W28
2026738157	Podostroma cornu-damae mushroom	XM3CK7
1842798389	Panaeolus mushroom	XM1M89
1734047833	Pleurocybella porrigens mushroom	XM44P3
425631690	Conocybe filaris mushroom	XM9BX0
443163378	Tetrahydrofuran	XM5XP8
1067941682	Tetralin	XM2GY2
205902098	Galerina mushroom	XM1LD8
2110848253	Inocybe mushroom	XM9B73
1986240285	Agaricus xanthodermus mushroom	XM0366
1434550668	Cervical intraepithelial neoplasia, grade III	XH62N8
121243790	Hebeloma crustuliniforme mushroom	XM87D0
304170582	Lepiota mushroom	XM2BC2
332609702	Clitocybe mushroom	XM2FU2
2012933089	Omphalotus mushroom	XM95E9
690422918	Diethylene glycol	XM55M8
1306171557	Gyromitra mushroom	XM0M17
892000350	Pyridine	XM2NF0
1805912493	Petroleum	XM0TB3
105284834	Amanita mushroom	XM7P94
1996333247	Russula subnigricans mushroom	XM36C7
156653048	Morpholinylmercaptobenzothiazole	XM1A88
1276318993	Chromium sesquioxide	XM87D3
784394081	N-Cyclohexylbenzothiazyl sulphenamide	XM45E1
1686852184	Cyclamate	XM1FY5
1024987101	Paratertiary butylphenol	XM6PY1
247477663	Borate buffer	XM83G3
1128525949	Tetramethylthiuram monosulphide	XM3BY9
342536614	Sodium barbiturate	XM16M4
279783732	Benzisothiazolinone	XM2RB2
1916810881	Psilocybe semilanceata mushroom	XM4321
1718310191	Dipentamethylenethiuram disulphide	XM2RH1
121829390	Shampoo, not elsewhere classified	XM8VR0
502572767	Sodium propyl hydroxybenzoate	XM5567
886147962	Iminostilbene	XM6DJ2
486917848	Detergent nonmedicinal, not elsewhere classified	XM0XA8
1108442160	6-Methylcoumarin	XM6000
321260812	Tricholoma equestre mushroom	XM0QR2
1737877998	Window cleaning fluid, not elsewhere classified	XM5FV8
650335225	Saccharin	XM7CN5
1166855158	Dibenzothiazyl disulphide	XM90X8
1783094597	Methylene-bis(methyloxazolidine)	XM6XV7
2100768676	Disinfectant, not elsewhere classified	XM7DD6
1947145840	Methylisothiazolinone	XM87J0
843398264	Soap, not elsewhere classified	XM8B44
777967811	DMDM hydantoin	XM88M1
322235391	Scouring powder, not elsewhere classified	XM5151
299154395	Methylchloroisothiazolinone and methylisothiazolinone (3:1)	XM8DV5
276054261	Methyl parahydroxybenzoate	XM04A1
1974463808	Ethyl parahydroxybenzoate	XM1CG8
1524013116	Diazolidinyl urea	XM51H6
1293912562	Fentichlor	XM0562
797304031	Propyl parahydroxybenzoate	XM0XV1
973116837	Methyldibromo glutaronitrile and phenoxyethanol	XM9NB7
622920029	Imidazolidinyl urea	XM5TQ9
495036625	Animal protein	XM3825
821491195	Butyl parahydroxybenzoate	XM38K5
1399305866	Fungus eaten in food, not elsewhere classified	XM77G6
572538422	Aluminium nonmedicinal	XM7JJ2
2087923809	Alum nonmedicinal	XM68C9
1261590504	Bone meal	XM44A4
17739917	Noxious meat, non bacterial, not elsewhere classified	XM4L77
217160684	Antimony	XM5HW4
404270024	Mercury	XM1FG4
702103232	Copper	XM5KH2
1981509533	Cadmium	XM0V73
381068598	Brass	XM4DZ8
2092927519	Silver nonmedicinal	XM9359
1824106967	Beryllium	XM4QG7
751063984	Tellurium	XM0XQ4
1140413305	Tin	XM1NS5
124500708	Chromium	XM9YJ8
1674353467	Vanadium	XM0907
206973854	Lithium nonmedicinal	XM4AM4
598827332	Cobalt	XM1NV2
2057569821	Palladium chloride	XM0FY1
952670996	Lead	XM0ZH6
2113639898	Bismuth nonmedicinal	XM0TX8
1211165650	Epoxy resin, not elsewhere classified	XM23X0
1189363305	Thallium	XM63C5
2045201459	Tungsten	XM0JD9
430480854	Iron nonmedicinal	XM8U54
1771013206	Osmium	XM1UC6
1485857811	Nickel	XM4E11
1897677356	Carbon dioxide	XM8XZ6
1967402116	Chlorine	XM0GT6
1215842270	Metal, not elsewhere classified	XM6NP0
703626322	Titanium	XM7B62
200887826	Amalgam	XM7UJ7
546694511	Carbon monoxide	XM1X11
157835284	Cyanic acid	XM3KE4
2094982247	Dichloroethyl sulfide	XM6UG7
1238966291	Diborane	XM70H1
1494464933	Diazomethane	XM8Z33
859034724	Ethidium chloride	XM0YQ4
2143914992	Fluorine	XM9SB2
340335879	Formaldehyde	XM0TV9
1268911820	Hydrogen sulfide	XM7FL0
2031039241	Ferrovanadium	XM5EU1
35109260	Iodine vapor	XM74J0
847503986	Bromine vapor	XM3GS6
1469380027	Hydrogen	XM8ZY7
414547906	Helium	XM0JJ6
2123139152	Lacrimogenic gas	XM2JX3
679908426	Hydrocarbon gas	XM5LN6
1549554025	Methyl mercaptan	XM4FU5
668656712	Methyl chloride	XM29D2
840818132	Ozone	XM54H2
919290340	Polyester fumes	XM3D40
1827767617	Firedamp, not elsewhere classified	XM1D37
277696118	Sulfur oxides	XM2598
151218716	Mustard gas	XM16X6
311404002	Propylene	XM8242
1991687067	Ethylene	XM1947
155263738	Nonchlorofluorocarbon refrigerant gas	XM1418
1005330233	Nitrogen oxide	XM69M3
1725665885	Phosgene	XM91W5
637655126	Sternutator gas, not elsewhere classified	XM0G86
203294476	Oil fumes, not elsewhere classified	XM60X6
486399060	Nerve gas, not elsewhere classified	XM61G0
1644140916	Smog, not elsewhere classified	XM6QK6
1179249263	Polytetrafluoroethylene	XM1663
319167520	Smoke, not elsewhere classified	XM9N00
1501082539	Sewer gas, not elsewhere classified	XM1EM9
1309930619	Ethylenediamine dihydrochloride	XM5T39
1017669139	Aerosol spray, not elsewhere classified	XM3NH9
1919639462	Antiaris toxicaria plant	XM8SE2
610128621	Aconitum plant	XM99Y1
1447974760	Actaea plant	XM7BA0
1967802894	Aethusa cynapium plant	XM55K4
216510281	Abrus precatorius plant	XM98Y1
1843153576	Brucea javanica plant	XM2BX6
660114233	Anamirta cocculus plant	XM3AF3
1571979082	Blighia sapida plant	XM4BW2
193293506	Celastrus scandens plant	XM0WA6
1898332203	Cerbera plant	XM5L03
2117440402	Coffee	XM9KW2
750177990	Chrysanthemum cinerariifolium plant	XM49V0
622383443	Chelidonium majus plant	XM9DJ3
1279124800	Equisetum plant	XM0XS0
1883403801	Digitalis purpurea plant	XM46Y1
1514494107	Erythroxylum coca lam plant	XM1LE7
99938924	Clematis plant	XM5804
1416980937	Gloriosa superba plant	XM66Z7
697123579	Daphne plant	XM4TF9
674085333	Gelsemium sempervirens plant	XM1VX3
870530767	Gratiola officinalis plant	XM5EL7
1355350007	Euphorbia plant	XM4TJ7
765544614	Derris elliptica plant	XM3KT4
365871689	Convallaria majalis plant	XM9T69
18975040	Atropa belladonna plant	XM1EY0
1934786250	Gaultheria procumbens plant	XM91T0
731880781	Bitter almond	XM1GJ1
2081296076	Arum maculatum plant	XM2X16
745920379	Cytisus laburnum plant	XM5ZF9
1648639616	Bergamot oil	XM5W16
795905711	Conium maculatum plant	XM9Z51
273853705	Cannabis (natural; phytocannabinoids)	XM9S25
519383062	Caladium plant	XM9B82
1392713543	Cinnamomum camphora plant	XM6YA3
793550148	Cicuta maculata plant	XM6709
1609704738	Colchicum plant	XM7TP8
1485820892	Azadirachta plant	XM17F2
2080462194	Helleborus viridis plant	XM0SF4
1970947762	Latex	XM7762
782212538	Ligustrum plant	XM5F38
116105475	Helleborus niger plant	XM3QP5
1167874326	Lolium temulentum plant	XM76G6
1341392618	Jatropha plant	XM7ED8
785413505	Lobelia plant	XM2BQ5
177508739	Lathyrus sativus plant	XM5EH9
288702242	Poison sumak plant	XM4882
1371132740	Pulsatilla plant	XM03C0
4961075	Primula plant	XM95D5
339524795	Ranunculus plant	XM0NB5
1023215149	Ilex plant	XM3EA9
1132752338	Delphinium plant	XM8YH8
309726627	Cytisus scoparius plant	XM2YN7
1605529164	Manihot esculenta plant	XM6LL4
2139465088	Hyoscyamus niger plant	XM4UC8
1591487634	Piper cubeba plant	XM1XZ4
662055989	Pine oil	XM19G9
1253995039	Cyclamen plant	XM72P9
1243992452	Melia azedarach plant	XM1TB2
637348291	Nerium oleander plant	XM3XT1
1103097996	Pyrrolizidine alkaloids	XM3PV6
282308441	Myrsine africana plant	XM14Y1
1625290314	Phytolacca decandra plant	XM61M4
1115807213	Nux vomica plant	XM33X3
524510501	Nicotiana plant	XM2VY1
284880311	Myristica fragrans plant	XM3M91
2066284162	Ruta graveolens plant	XM4AC2
465082446	Poison oak plant	XM21J6
988320304	Spartium junceum plant	XM4UE4
1955690000	Sambucus plant	XM7BE0
1440232000	Physostigma venenosum plant	XM7JG0
287429035	Wisteria plant	XM43H5
1371673714	Thevetia peruviana plant	XM6WF4
272787638	Poisonous plant seeds, not elsewhere classified	XM7JK8
993220183	Plant derived pesticide, not elsewhere classified	XM8PU3
886120464	Toxicodendron radicans plant	XM40N4
2078557436	Zygadenus plant	XM6076
1638849279	Senecio vulgaris plant	XM8YX9
1979872394	Strophanthus gratus plant	XM9834
439129437	Psoralea corylifolia plant	XM6Z57
461714473	Ricinus communis plant	XM0PR3
955823847	Prunus plant	XM3QL7
926041885	Tartaric acid	XM7EL5
1466896900	Urginea maritima plant	XM46N0
1100395110	Sanguinaria canadensis plant	XM9W70
1896016288	Tanacetum plant	XM58G8
379621779	Poisonous plant berries, not elsewhere classified	XM98M9
631264336	Poisonous plant flowers, not elsewhere classified	XM7MT6
1698191033	Poisonous plant leaves, not elsewhere classified	XM2BH3
1096419356	Taxus plant	XM5YT6
1511359953	Poisonous plant roots, not elsewhere classified	XM0GB3
1334426363	Solanum plant	XM4TE3
1311718136	Schoenocaulon officinale plant	XM0EH6
1795555685	Citronellol	XM4W45
889945848	Diallyl disulfide	XM4XS8
1825434879	Turpentine oil	XM9L39
1120576252	Substance of marine plant origin, not elsewhere classified	XM5NH2
2126209294	Urtica plant	XM84R4
57321735	Rubber	XM8MB5
1874874473	Eugenol	XM6CP3
1167968215	Isoeugenol	XM5AM5
730883332	Poisonous plant thorns, not elsewhere classified	XM56V2
696330235	Evernic acid	XM6635
1200762526	Usnic acid	XM26G6
2140344767	Cotton plant	XM0XN7
1637960164	Plant or herbal extracted compounds	XM21W4
791540540	Poisonous plant sap, not elsewhere classified	XM2CE0
2019165542	Plant protein	XM8A62
892939798	Grains and flours	XM3XH8
1874194901	Poisonous plant stem, not elsewhere classified	XM7KY1
865862171	Sisal	XM1KF1
1163239991	Sesquiterpene lactones	XM6A31
1636541961	Citral	XM9CQ1
734550478	4,4’-Diaminodiphenyl methane	XM2EK8
1286632064	2-Hydroxyethylmethacrylate	XM0BY4
853790639	Cresylglycidylether	XM7AX9
2061180593	Farnesol	XM2TV3
1281002062	Atranorin	XM3B42
1597194117	Veratrum plant	XM5KR7
355116058	Evernia prunastri extract	XM9CZ8
1535841487	Abietic acid	XM88U7
591513815	Diurethane dimethacrylate	XM90H5
647519688	Mercaptobenzothiazole	XM3TN8
45707897	Octyltriazone	XM3YZ8
526082633	Aminoethylisothiourium	XM8VV3
141991413	Ethylhexyl methoxycinnamate	XM2ZT3
1893223235	Bisphenol A-glycidyl methacrylate	XM3MM6
1734533068	Octocrylene	XM63U8
314986069	Wheat dust	XM7XM0
1117018383	Sodium cacodylate (nonmedicinal)	XM7W63
1709642502	Coenzyme A	XM2YA2
1807066039	Diethylenetriamine	XM0L39
1200368286	Methylethyl cellulose	XM82Y6
1374341215	Hydroxyisohexyl 3-cyclohexene carboxaldehyde	XM7N15
1657857488	Pentane	XM39E8
1259247979	Bisphenol A	XM1GH9
1269377307	Triethylenetetramine	XM7QN7
1951227534	2-Bromo-2-nitropropane-1,3-diol	XM1AH4
624777487	Butylated hydroxyanisole	XM6GU7
1092914807	Hexamethylenetetramine	XM2TA7
1247500265	Diethanolamine	XM58E5
911902223	Methyl methacrylate	XM49C3
1940252504	Lactose (as excipient)	XM1X04
2127326350	Cogalactoisomerase	XM4S70
2142491165	Poisonous plant fruits, not elsewhere classified	XM6LL5
1222830547	Betacoronavirus	XN1WB
374543172	Hepatitis D virus	XN99N
145341346	Hepatitis E virus	XN7TG
1932463745	Hepatitis C virus	XN1EZ
592762674	Hepatitis B virus	XN0GA
110725874	Coxsackievirus	XN3MC
1770188563	Gammacoronavirus	XN4ZH
753039484	Alphacoronavirus	XN884
753754020	Hepatitis F virus	XN6BW
1234256487	GB virus C	XN5XD
921112128	Deltacoronavirus	XN9T6
325532858	Echovirus	XN2TU
253152389	Mammarenavirus	XN9YH
1569490869	variegated squirrel bornavirus 1	XN125
1981489535	Rhinovirus	XN19Z
940191770	Mammalian 1 orthobornavirus	XN4P5
1177078517	Hepatitis A virus	XN40D
1065144111	Orthomarburgvirus	XN4XZ
2063470056	Erythrovirus	XN8PS
35921102	Poliovirus	XN3M0
272341183	Henipavirus	XN98T
847746934	Mammalian 2 orthobornavirus	XN53E
337755889	Parainfluenza virus	XN6CR
562891319	Morbilivirus	XN071
182130197	Mumps virus	XN22H
1351447942	Orthoebolavirus	XN2LW
811948787	John Cunningham virus	XN7UP
617990807	Bocaparvovirus	XN447
1967621498	Rubulavirus	XN4QJ
1519747252	Orthopneumovirus	XN08L
1245376177	Human metapneumovirus	XN513
2135216266	Rubella virus	XN2WE
1970879121	gōu virus	XN2QZ
817765768	Amur virus	XN9UC
1616640923	Muju virus	XN8AF
1140399515	Orthobunyavirus	XN4S8
1433763073	Tula virus	XN9G5
791213116	Soochong virus	XN0E0
615699764	Puumala virus	XN28L
2039846250	Anajatuba virus	XN2VY
2128812959	Seoul virus	XN3PV
1761605620	Bermejo virus	XN0A0
1920234328	Araucária virus	XN2C8
1031584707	Andes virus	XN4AP
1287328754	Black Creek Canal virus	XN66E
2016767558	Blue River virus	XN8LW
1029044525	El Moro Canyon virus	XN6XF
487275361	Juquitiba virus	XN8G9
1197143500	Castelo dos Sonhos virus	XN18Y
1731032430	bayou virus	XN2WJ
1193358078	Laguna Negra virus	XN6P0
919590947	Monongahela virus	XN3WK
1940868938	Lechiguanas virus	XN2CJ
378608239	Muleshoe virus	XN5SF
1287705796	Maciel virus	XN2BW
852885101	New York virus	XN9VX
1182910930	Orán virus	XN9BY
1510591617	Tunari virus	XN057
159973701	Paranoá virus	XN5JV
1290376750	Río Mamoré virus	XN2VC
65101497	Pergamino virus	XN65X
684679548	Dabie bandavirus	XN3BT
1248482834	Human papillomavirus 2	XN2FC
532699341	Human papillomavirus 45	XN2KP
598814626	Saint Louis encephalitis virus	XN5QW
437358499	Human papillomavirus 11	XN7T9
1301882838	Influenza D virus	XN67Q
1582189314	Phlebovirus	XN5VU
1274091524	Orthohantavirus	XN5A4
1866658626	Human papillomavirus 1	XN6LA
853183852	Araraquara virus	XN8AQ
764390823	sin nombre virus	XN7R1
1271573822	Rocio virus	XN7C2
1942681105	Japanese encephalitis virus	XN9ZK
37117747	Influenza B virus	XN8SG
1682370028	Human papillomavirus 6	XN7DE
1187852901	West Nile virus	XN4E1
2059158794	Human papillomavirus 18	XN97Y
2060509754	Alkhurma hemorrhagic fever virus	XN7W2
288591293	Louping ill virus	XN6F7
1252453484	Rabies virus	XN796
1624389950	Parapox virus	XN1M0
903359149	Kyasanur Forest disease virus	XN2JR
1996031251	Usutu virus	XN0MH
438616243	Orthoflavivirus	XN5TU
2137887336	Human papillomavirus 31	XN3HA
789990359	Human papillomavirus 16	XN2NK
535370275	Orthopoxvirus	XN32K
1858816640	Gammaherpesvirinae	XN2VN
1480039041	Tick-borne encephalitis virus	XN0L1
759429918	Australian bat lyssavirus	XN6A2
675449443	Influenza C virus	XN8U3
659485056	Betaherpesvirinae	XN8TA
633204745	Omsk haemorrhagic fever virus	XN4YZ
1541786652	Molluscipoxvirus	XN5G8
1892948726	Influenza A virus	XN8WJ
1880662156	Yatapox virus	XN0CV
603154240	Pityriasis Rosea virus	XN9QL
8755303	Irkut lyssavirus	XN3SX
1858344156	Kotalahti bat lyssavirus	XN452
1796588466	Mokola lyssavirus	XN298
251618165	Bokeloh bat lyssavirus	XN2S9
1852023982	Lleida bat lyssavirus	XN6VL
1250456192	European bat 1 lyssavirus	XN9HB
1727997659	West Caucasian bat lyssavirus	XN7NK
983327985	Duvenhage virus	XN9RB
1167400871	Chandipura virus	XN2BR
794025931	European bat 2 lyssavirus	XN3MV
1614266798	Gammaretrovirus	XN4K8
1073057935	Betaretrovirus	XN0TH
88857705	Epsilonretrovirus	XN6HX
82082075	Lagos bat lyssavirus	XN58P
1518964042	Alpharetrovirus	XN2R0
178116404	Vesicular stomatitis virus	XN9XS
1719011513	Alphaherpesvirinae	XN465
554645611	Deltaretrovirus	XN787
1117084875	Ictalurvirus	XN6DH
1115818573	Liponyssoides	XN0ZB
1804782534	Orthoretrovirus	XN0K8
241692479	Oncovirus	XN6JB
62583692	Phthirus	XN84U
1405168187	Sarcoptes	XN3E3
1724313167	Pediculus	XN0D5
956612460	Dermanyssus	XN9EL
1769957085	Demodex	XN4RB
918370302	Trombicula	XN7Z8
1772390949	Aviadenovirus	XN05K
864977850	Atadenovirus	XN0R0
1554206289	Mastadenovirus	XN93P
215521248	Ichtadenovirus	XN728
970937238	Siadenovirus	XN13L
233899498	Dipylidium	XN570
35882872	Brugia	XN0JL
1575081557	Angiostrongylus	XN7A5
228200422	Anisakis	XN574
1296057837	Dracunculus	XN7A6
927942926	Capillaria	XN8T0
2043557977	Dicrocoelium	XN3QD
38309240	Clonorchis	XN9GC
578635068	Ancylostoma	XN9CG
490445916	Dirofilaria	XN15W
2013137163	Echinococcus	XN84K
925123330	Ascaris	XN9PQ
1569381467	Diphyllobothrium	XN6EF
391365536	Fasciola	XN1H3
162097990	Fasciolopsis	XN35Y
575932374	Enterobius	XN1DG
1668087315	Heterophyes	XN23M
136368772	Hymenolepis	XN629
1217499779	Gnathostoma	XN0H2
1834798913	Hookworm	XN69Y
2008826347	Opisthorchis	XN91W
127490582	Mansonella	XN5Z0
1025971954	Loa	XN8ZQ
1226320707	Metagonimus	XN123
1662466337	Phylum Nemata	XN9NR
2013645177	Oesophagostomum	XN7L5
679350472	Nanophyetus	XN3E8
1119585695	Onchocerca	XN9R1
1193810449	Echinostoma	XN801
314596400	Paragonimus	XN27A
412191744	Schistosoma	XN78L
1918114135	Spirometra	XN89M
2086938629	Strongyloides	XN07X
853891410	Taenia	XN0D8
1188717795	Toxocara	XN2L3
598112550	Ternidens	XN8DL
1980528633	Trichostrongylus	XN025
1231285361	Syngamus	XN5RB
1291980045	Necator	XN9T3
1823388083	Sparganum	XN5B9
2041970539	Wuchereria	XN0H3
1341770142	BK polyoma virus	XN0TQ
1124840333	Trichinella	XN597
918005487	Halicephalobus	XN2DD
636776306	New World screwworm	XN4JW
606208893	Acinetobacter	XN25B
792660281	Rotavirus D	XN29P
1785213202	Brucella	XN22N
360793567	Rotavirus B	XN55H
1522409994	Bartonella	XN3NJ
1794942951	Old World screwworm	XN8TR
1286748959	Trichuris	XN4MM
192671035	Rotavirus C	XN0F5
1895651356	Rotavirus A	XN6TN
656800624	Alphavirus	XN6ME
1964711990	Campylobacter	XN7US
509021347	Bordetella	XN9W3
1245910268	Rotavirus E	XN71N
1895892604	Coxiella	XN5H6
1874454144	Anaplasma	XN048
1065383727	Chlamydia	XN27H
718893335	Burkholderia	XN01M
1619465677	Eikenella	XN1VF
465867565	Ehrlichia	XN9M7
1978113063	Citrobacter	XN0FZ
12651959	Fusobacterium	XN4LF
806821549	Haemophilus	XN2HK
1258154716	Francisella	XN94G
1068406335	Helicobacter	XN6XR
984423506	Kingella kingae	XN7EJ
977078705	Legionella	XN3SZ
1889951404	Klebsiella	XN620
809107389	Enterobacter	XN9W5
547766313	Neisseria	XN69X
1409902713	Moraxella	XN90V
1420836726	Shigella spp	XN7HG
1783025664	Leptospira	XN9RA
814156624	Providencia	XN7R2
1634656297	Leptotrichia	XN2JD
192048727	Spirillum	XN23Z
837115999	Neorickettsia	XN8ST
1055740190	Pseudomonas	XN022
1435433976	Escherichia	XN4WC
1537645708	Proteus	XN3BS
2140128219	Pleisiomonas	XN1ZM
1798986860	Streptobacillus	XN708
1248056702	Pasteurella	XN3U2
237808899	Serratia spp	XN71D
749698918	Morganella	XN8G6
507535969	Rickettsia	XN4YH
1852144030	Salmonellae	XN0QE
950578131	Cronobacter	XN9EB
311270238	Herbaspirillum	XN4X0
777929410	Brevundimonas	XN9AS
1225222637	Ralstonia	XN15X
1542213496	Yersinia	XN4QG
1414907878	Vibrio	XN8RL
1879790283	Bacteroides	XN65H
2129504458	Mycoplasma	XN1W2
988763316	Stenotrophomonas	XN1L0
1189225448	Ureaplasma	XN1R2
568542103	Actinomycetales	XN8EK
1137117683	Coccidioides posadasii	XN5TT
1736699377	Coccidioides immitis	XN53F
2122752710	Clostridium	XN198
1372091962	Candida haemulonii	XN0RY
2116096692	Actinomyces	XN3G0
925617298	Elizabethkingia	XN706
1743748165	Mycobacterium	XN2NR
1790998982	Candida auris	XN72N
235145545	Bifidobacterium	XN33F
271224245	Candida albicans	XN31P
1367609484	Treponema	XN36C
1820848989	Chrysosporium parvum	XN8W1
322809168	Orientia	XN6PA
103211928	Raoultella	XN3NY
686273744	Borrelia	XN2DX
1503622535	Aeromonas	XN1J7
1151295060	Bacillus	XN9ZE
428956900	Staphylococcus	XN9ZG
708898123	Corynebacterium	XN3NT
1645734341	Propionibacterium	XN5M7
80817633	Enterococcus	XN1F7
1997317917	Streptococcus	XN3NM
1371953258	Clostridioides difficile	XN0SE
1495276771	Nocardia	XN20K
1992347015	Conidiobolus coronatus	XN3KM
870681014	Erysipelothrix	XN494
1927114867	Listeria	XN4D1
2023517537	Tropheryma	XN7PP
331141188	Conidiobolus incongruus	XN4AQ
1229631135	Basidiobolus ranarum	XN4RM
617728221	Orthonairovirus	XN6Z3
1961284388	Zoophilic dermatophytes	XN2SY
926628760	Geophilic dermatophytes	XN1Z2
376244014	Cryptococcus gattii	XN0LE
752045002	Histoplasma duboisii	XN7YN
1988265319	Pneumocystis	
2091422331	Histoplasma capsulatum	XN8VH
643679471	Anthropophilic dermatophytes	XN655
1930500841	Cryptococcus neoformans	XN3EH
939783218	Rhinosporidium seeberi	XN18W
173800541	Sporothrix schenckii	XN6GM
2022157810	Fusarium chlamydosporum	XN1FQ
403935503	Fusarium sporotrichioides	XN55Z
2085448427	Blastomyces dermatitidis	XN14F
2004643202	Fusarium solani	XN0E6
114347965	Fusarium fujikuroi	XN6XG
378077118	Aspergillus flavus	XN6B8
207448273	Fusarium oxysporum	XN3HT
393615195	Fusarium incaratum-equiseti	XN7KH
1945428601	Aspergillus clavatus	XN6Q9
1190340109	Aspergillus fumigatus	XN5Z7
40720771	Fusarium dimerum	XN5KR
1601798209	Nebovirus	XN8L1
1539577471	Lagovirus	XN4EB
1072961870	Aspergillus niger	XN7Q2
1582439377	Exserohilum rostratum	XN26M
1423948989	Exserohilum longirostratum	XN9SM
2122459907	Sarocladium strictum	XN7ZD
805222894	Exserohilum mcginnisii	XN9LC
702110661	Aspergillus terreus	XN25K
2128882598	Norovirus	XN3Y2
1250375177	Sapovirus	XN9EH
831185816	Sarocladium kiliense	XN8VN
1032874942	Geotrichum candidum	XN0ES
1705270818	Amoeba	XN7S2
14173159	Acanthamoeba	XN0HM
251812336	Vesivirus	XN0R6
903841683	Babesia	XN9YX
149711098	Cyclospora	XN7VL
1595544262	Cryptosporidium	XN8LE
1352899160	Balantidium	XN7ZS
757151034	Isospora	XN4Y2
850910350	Naegleria	XN1M1
1038855312	Entamoeba	XN3S1
1181555119	Giardia	XN6H5
954172274	Leishmania	XN8JE
128981240	Plasmodium	XN5FW
1628320700	Coccidia	XN1XA
1836420527	Sarcocystis	XN92F
415435228	Trichomonas	XN316
1132806419	Pseudallescheria boydii	XN6BV
2013154368	Retortamonas	XN30L
1008325244	Lacazia loboi	XN3NU
134844522	Toxoplasma	XN7HC
1381505932	Chilomastix	XN4BE
866147054	Malassezia furfur	XN25C
1465253611	Hortaea werneckii	XN0EF
400867052	Malassezia globosa fungus	XN0TE
1780340400	Blastocystis	XN6UY
1077921363	Dientamoeba	XN7XH
767872426	Trypanosoma	XN9H4
95400893	Rhizopus	XN6QM
1279052161	Piedraia hortae	XN6H7
2033913333	Talaromyces marneffei	XN0LD
1514454773	Penicillium	XN1ZF
2099325883	Paracoccidioides brasiliensis	XN5UX
266800054	Local limited	XS0E
489218088	Moderate distress	XS7C
932220680	Mild pain	XS5D
589213071	Locally advanced	XS67
2029211037	Severe distress	XS7N
579584480	Severe pain	XS2E
501504598	No pain	XS5B
1926847105	Mild distress	XS3R
671508148	Moderate pain	XS9Q
549508215	Stage IIB: Claudication at a distance < 200 metres	XS6C
137604848	No distress	XS1J
884464639	Stage IIA: Claudication at a distance > 200 metres	XS5V
1824378311	Mild pain-related interference	XS5R
145592658	No pain-related interference	XS71
1721227995	Severe pain-related interference	XS2U
1714449067	Moderate pain-related interference	XS2L
490003542	Chronic	XT8W
1313511357	Persistent	XT6Z
786106375	Acute	XT5R
47514516	Persistent with overlaid attacks	XT5T
1281193286	Intermittent	XT5G
2058324694	Subacute	XT1L
1959476951	Duration of pregnancy 21 completed weeks	XT52
512791588	Duration of pregnancy 24 completed weeks	XT5J
2059567191	Duration of pregnancy 25 completed weeks	XT5M
508941494	Duration of pregnancy 10 completed weeks	XT7G
262697830	Duration of pregnancy 20 completed weeks	XT6T
267586642	Duration of pregnancy 9 completed weeks	XT5C
588506169	Duration of pregnancy 7 completed weeks	XT51
1339847671	Duration of pregnancy 32 completed week	XT4F
1624116357	Duration of pregnancy 11 completed weeks	XT86
884948550	Duration of pregnancy 33 completed week	XT8J
331740963	Duration of pregnancy 5 completed weeks	XT75
1143822583	Duration of pregnancy 12 completed weeks	XT0P
1953874167	Duration of pregnancy 29 completed week	XT79
1755757202	Duration of pregnancy 8 completed weeks	XT7R
1708333073	Duration of pregnancy 30 completed week	XT0D
1358798475	Duration of pregnancy 28 completed week	XT11
181328196	Duration of pregnancy 37 completed weeks	XT28
1569209354	Duration of pregnancy 6 completed weeks	XT6A
1286658892	Duration of pregnancy 14 completed weeks	XT8L
72964198	Duration of pregnancy 38 completed weeks	XT5U
1838903172	Duration of pregnancy 39 completed weeks	XT7E
25234532	Duration of pregnancy 31 completed week	XT24
1450776330	Duration of pregnancy 18 completed weeks	XT22
596499355	Duration of pregnancy 16 completed weeks	XT8P
2001904578	Duration of pregnancy 42 completed weeks	XT6E
510989624	Duration of pregnancy 19 completed weeks	XT6L
1404172210	Duration of pregnancy 41 completed weeks	XT2N
685952825	Duration of pregnancy 15 completed weeks	XT33
164199409	Duration of pregnancy 40 completed weeks	XT4E
1613467025	Duration of pregnancy 26 completed week	XT2H
457752610	Duration of pregnancy 27 completed week	XT23
1492031020	Duration of pregnancy 17 completed weeks	XT5A
1065246846	Duration of pregnancy 22 completed weeks	XT9L
2127070735	Shoulder	XA2ND5
667468098	Elbow	XA9FF8
255216836	Duration of pregnancy 23 completed weeks	XT7J
312192089	Upper arm	XA6809
430791912	Hand	XA5R12
1476052459	Skin of elbow	XA66R9
1149143049	Skin of upper limb and shoulder	
1679928503	Wrist	XA2J63
1477228030	Forearm	XA7WB0
1494375321	Axilla	XA17J1
1894266247	Buttock	XA3VA7
975825478	Skin of lower limb	
1670056745	Knee	XA8KL5
1106248434	Ankle	XA67V4
238202718	Thigh	XA5S78
650081113	Thorax	XA5D93
1363655230	Skin of flank	
622038403	Skin of back	
687060814	Perianal region	XA4B34
463851894	Skin of neck	
1921653290	Side of neck	XA2ZF0
1896004518	Foot	XA47V8
501035478	Lumbosacral region	XA25R8
743024263	Genital region	XA5FG3
1983193090	Abdomen	XA6GV0
106050921	Lower leg	XA3YG1
391324778	Nape of neck	XA1M78
831985561	Breast	XA12C1
225409574	Sympathetic nervous system	XA93B4
570444145	Scalp	XA6CW5
1756775526	Peripheral nerve	XA06U6
2108063439	Cranial Nerve	XA8EK9
1537714794	Meninges	XA0AK4
1274197866	Front of neck	XA4QS6
2030163773	Perigenital region	XA9PX3
512294470	Spinal nerve plexus	XA64F0
376233663	Spinal nerve	XA65L3
277341308	Subdural space	XA1FQ8
420343916	Subarachnoid space	XA1XM6
1150229943	Spinal cord	XA0V83
440868582	Parasympathetic nervous system	XA7EA2
1048482858	Brain	XA9738
228268642	Spinal nerve root	XA6EC2
1392197834	Nerves of the autonomic nervous system	XA2BH4
968129184	Face	XA86S4
1990265196	Adrenal cortex	XA8956
594549745	Embryological structures	XA1MQ5
254881973	Left lobe of thyroid gland	XA8LV3
1793760512	Right lobe of thyroid gland	XA9L72
809026949	Pyramidal lobe of thyroid gland	XA5109
984965865	Isthmus of thyroid gland	XA4NE5
1636396460	Adrenal medulla	XA6SS0
1488061353	Intrathoracic site without further specification	
1678247922	Male genital organs	XA75A2
1031510592	Lymphatic system of the head and neck	XA10P2
465545679	Lymphatic system of the upper extremity	XA23Z9
481430149	Lymphatic system of the pelvis and perineum	XA6709
759198484	Intramedullary space	XA4LQ4
2122474603	Lymphatic system of the thorax	XA52C3
51427988	Epidural space	XA8SS8
276642106	Lymphatic system of the lower extremity	XA0Z86
634685795	Pleural cavity	XA3LX5
481043491	Precordium	XA2RT1
344632447	Female genital organs	XA2GU7
2124171981	Oral cavity	XA1WN1
1682501833	Gingivae	XA54T3
1492238572	Teeth	XA6CZ2
1379637685	Vestibule of mouth	XA5TW5
1196650747	Heart	XA6H07
393131222	Mediastinum	XA7WA2
1933239759	Arteries	XA5999
921977085	Urethra	XA5TA5
157646292	Urinary bladder	XA77K2
970208182	Lymphatic system of the abdomen	XA81G2
1206540937	Blood Vessels	XA21T7
832846369	Veins	XA5J49
720032908	Kidney	XA6KU8
1611801707	Rathke pouch	XA9787
1752769951	Nerve ganglia	XA3PR2
1267519716	Ureter	XA7156
1610684600	Other and unspecified parts of mouth	XA2KN0
1271867350	Abdominopelvic cavity	XA34B0
1421494687	Oral mucosa	XA6NQ7
466270993	Urinary tract, not elsewhere classified	XA4V93
182870946	Genital branch of genitofemoral nerve	XA99Q6
41064915	Infraorbital plexus	XA2B55
246233550	Median nerve	XA0GB0
2141069478	Nerve of the Thorax	XA3M58
164642830	Number of Nerves	
1935818403	Radial nerve	XA8BJ3
1688044607	Ventral ramus	XA4M27
223134782	Ulnar nerve	XA2AS2
12378561	Lymphoblast	XA0TJ1
767917398	Blood cells	XA8UK8
1202131133	Biliary tract	XA0KT3
1062867618	Common myeloid progenitor	XA3K78
1116324290	Plasma	XA7UR0
1073586896	Common lymphoid progenitor	
328366540	Liver	XA5DY0
2116804027	Oropharynx	XA4J67
1540266043	Connective and other soft tissues of pancreas	
79305996	Tail of pancreas	XA0CX6
1734330584	Neck of pancreas	XA8LA4
468902907	Hypopharynx	XA2J67
1875004259	Lateral wall of pharynx	XA7LD9
821534324	Body of pancreas	XA6ZE4
372485507	Pancreatic duct	XA1XL7
1353568491	Pharyngeal wall	
898860496	Retropharynx	XA63B6
1160906971	Other specified parts of pancreas	
668990132	Head of pancreas	XA1412
1079013045	Parotid gland	XA07S5
446130410	Serous fluid	XA2L90
365774724	Posterior wall of pharynx	XA1E04
1848715756	Other and unspecified major salivary glands	
1180195321	Minor salivary gland	XA30Q1
849425461	Submandibular gland	XA9Q61
1467484789	Sublingual gland	XA51Q9
972197718	Synovial fluid	XA0518
1298481291	Salivary duct	XA5CM1
1443934016	Cardioesophageal junction	XA7SR6
786099094	Cerebrospinal fluid	XA1N55
396510934	Interstitial fluid	XA08M4
72252748	Oesophagus	XA0828
1699945558	Mesentery	XA43V8
1070187421	Retroperitoneum	XA6S21
430404896	Upper gastrointestinal tract, not elsewhere classified	XA28R6
704682604	Appendix	XA8PW4
956779537	Omentum	XA6DF7
1493524587	Stomach	XA7MC7
67650550	Male gamete	XA2470
1741413713	Large intestine	XA1B13
1193809293	Mucosa	XA0PT3
772851774	Pelvic peritoneum	XA5PF4
1928625572	Small intestine	XA6452
1920694422	Mesothelium	XA0182
64097017	Mesocolon	XA4QM7
596428981	Mesoappendix	XA46W1
2124732555	Skeletal muscle	XA0DD5
1770830923	Cardiac muscle	XA6283
523680933	Neuron	XA1413
1012095771	Neuroglia	XA1J91
2119219405	Synovium	XA3G85
1992573630	Periodontium	XA7YP0
1841817125	Adipose tissue	XA6R65
1641279043	Female gamete	XA95A3
1258542550	Fascia	XA0FR0
206930443	Smooth muscle	XA0JY3
1494334428	Bursa praepatellaris	XA7P88
1234541117	Tendons of the abdomen	XA4797
1126217939	Tendons of the head and neck	XA3PP9
1023534927	Bursa olecrani	XA12U7
751853343	Soft tissue, not elsewhere classified	XA97C4
183512318	Axial skeleton	XA4S38
1642866302	Periosteum	XA6FQ2
1938945717	Fibrous cartilage	XA8VH7
1421822821	Loose connective tissue	XA51U1
687054421	Tendons of the thorax	XA3SA1
1477031686	Tendons of the upper extremity	XA0WU6
1546367254	Lymphatic tissue	XA8SZ4
1337782270	Perichondrium	XA53R0
1358172427	Elastic cartilage	XA8YS7
1415462031	Peripheral skeleton	XA4TM1
1321950693	Tendons of the lower extremity	XA5L93
320699646	Hyaline cartilage	XA2686
1359586520	Muscle of the thorax	XA19W0
1089203821	Tendons of the pelvis and perineum	XA1SN1
2001178851	Enthesis	XA2C51
625587547	Joints and ligaments of the pelvis and perineum	XA6KC7
955996865	Muscle of the abdomen	XA8PG5
1922573088	Muscles of the head and neck	XA2JQ8
570772363	Number of Ligaments	
864772028	Joints and ligaments of the head and neck	XA7948
1753246500	Joints and ligaments of the upper extremity	XA4XC0
223046766	Number of joints	
1170102886	Tendons of the back	XA9Z26
8274514	Joints and ligaments of the lower extremity	XA5ST4
1041587014	Ligaments and joints of multiple sites	XA2P74
507472176	Muscle of the back	XA8Z76
864968000	Muscles of the lower extremity	XA47J0
107652911	Muscles of the pelvis and perineum	XA2J71
2085220884	Joints and ligaments of the thorax	XA2EL4
720361080	Muscles of the upper extremity	XA4Z20
1761851771	Nasopharynx	XA9AZ1
2037717603	Accessory sinuses	XA3523
1422142995	Larynx	XA2RH5
1331320615	Nasal cavity and middle ear	
208474189	Nasal cavity	XA43C9
1647011694	Glands of the Head and Neck	
1393618433	Inner Ear	XA57R3
1690782134	Lingual tonsil	XA1EM4
903433997	Dermis	XA1QT7
579489467	Waldeyer ring	XA8US7
211935821	Epidermis	XA3JN1
736080627	Lymph nodes of multiple regions	XA4T07
254553021	Intra-abdominal lymph nodes	XA05C1
365733143	Lymph nodes of upper extremity	XA7TQ3
143777109	Spleen	XA7FU9
320372230	Palatine tonsil	XA3V90
280674825	Lymph nodes of head, face and neck	XA9U65
629756149	Lacrimal gland	XA75Y9
1324428010	Intrathoracic lymph nodes	XA9WH0
586230733	Hypodermis	XA2013
1450388690	Autonomic nervous system of orbit	
1902897114	Middle Ear	XA0G74
229333951	Peripheral nerves of orbit	
1627827466	Pelvic lymph nodes	XA5HU6
1999532114	Connective and other soft tissue of orbit	XA9WT4
628961459	Lacrimal puncta	XA8EM9
662741980	Eyeball	XA0M40
257420431	Lymph nodes of lower extremity	XA86X1
1223272140	Meibomian gland	XA9D80
768242906	External Ear	XA6ZY6
640375349	Nasolacrimal duct	XA5SW9
1001188833	Epidermal appendages	XA8113
198809973	Thymus	XA8373
1263812675	Lacrimal canaliculi	XA6C35
1912153731	Eyelid and ocular surface	XA17K1
1107567452	Chamber of eye	XA0BB2
116198899	Eye fluid	XA1TF9
358906806	8965/0	
1926066505	Lipomatous solitary fibrous tumour	
1666342905	Giant cell–rich solitary fibrous tumour	
1841070931	Trachea	XA26H1
1338477196	Lung	XA57M6
549924562	Nephrogenic adenofibroma	
1260836417	Papillary mucinous cystadenocarcinoma	
239485226	Mucinous adenocarcinoma, endocervical type	
775012748	Papillary serous cystadenocarcinoma	
2108331469	Bronchus and lung	
1322869997	Bronchioles	XA5437
1156863197	Serous surface papillary carcinoma	
240090729	8408/1	
2134740241	8460/0	
1809055724	8462/1	
1677819254	8463/1	
874378590	Primary serous papillary carcinoma of peritoneum	
1872452730	8471/3	
2136065488	8473/1	
1955179554	8471/0	
284719687	Papillary mucinous cystadenoma, NOS	
1729925635	Papillary serous cystadenoma, NOS	
779466379	9150/0	
1052716861	9150/3	
462070295	Diffuse idiopathic neuroendocrine cell hyperplasia	
1744164238	Hemangiopericytoma, benign	
1309866431	Papillary mucinous cystadenoma, borderline malignancy	
1545229079	Pancreatic endocrine tumour, benign	
1905826471	Serous papillary cystic tumour of borderline malignancy	
1125548542	Hemangiopericytoma, malignant	
1516631607	Serous surface papillary tumour of borderline malignancy	
1930519093	Eccrine papillary adenocarcinoma	
1463716921	Hyalinizing trabecular adenoma	
732061188	Clear cell cystic tumour of borderline malignancy	
678339882	Aggressive digital papillary adenoma	
1915058407	8151/0	
927330192	8150/1	
1061764584	Hyperplastic polyp	
1992674454	8444/1	
404958523	8336/0	
970616678	Pancreatic endocrine tumour, NOS	
86801216	Gastrointestinal stromal tumour, NOS	
1150369370	Klatskin tumour	
29400323	Carcinoid tumour, argentaffin	
899856825	Pilomyxoid astrocytoma	XH29Q5
249843059	Pilocytic astrocytoma	
639734221	9055/1	
1664929344	Cystic mesothelioma, NOS	
838224632	Clear cell odontogenic tumour	
2105756910	Inflamed juvenile conjunctival naevus	XH8WP0
969943522	Pigmented schwannoma	
351866292	9341/1	
134562581	Glomus jugulare tumour, NOS	
995601127	9726/3	
222997465	Nonchromaffin paraganglioma, NOS	
1843326626	Extra-adrenal paraganglioma, NOS	
360429098	8693/1	
2147249053	8690/1	
168296509	9724/3	
1620041100	9727/3	
1888280769	9671/3	
1770430091	Blastic plasmacytoid dendritic cell neoplasm	XH1DB1
1340308297	9673/3	
148940034	Blastic NK-cell lymphoma	XH42X4
2040703342	Paraganglioma, malignant	
1300247145	Primary cutaneous gamma/delta T-cell lymphoma	XH84A5
1200457122	9725/1	
1963891674	Systemic EBV positive T-cell lymphoproliferative disease of childhood	XH6TZ4
1206414741	Precursor cell lymphoblastic lymphoma, NOS	XH14N1
178958032	9684/3	
364033508	9678/3	
838226406	9679/3	
1168270939	9680/3	
12775732	9687/3	
904689576	9675/3	
1001215195	Hydroa vacciniforme-like lymphoproliferative disorder	XH0AK5
1338653095	9688/3	
371370911	9691/3	
783024684	9689/3	
1996937462	9699/3	
474674275	9695/3	
1396849912	9698/3	
2127901369	9673/1	
1495950092	9690/3	
1131385699	Lymphoplasmacytic lymphoma	XH0QZ9
1006575694	9680/1	
240097656	9695/1	
61150294	Malignant lymphoma, plasmacytoid	XH9TT4
2041190583	Plasmacytic lymphoma	XH3KQ3
414704654	Immunocytoma	XH43K4
1652647741	Primary effusion lymphoma	XH2LN1
489699360	Malignant lymphoma, mixed small and large cell, diffuse	XH1J80
1443830409	Mediastinal large B-cell lymphoma	XH8U09
1187349311	Mantle cell lymphoma	XH1VV1
1985075397	Diffuse large B-cell lymphoma, NOS	XH9B17
1283759661	Malignant lymphoma, centroblastic, NOS	XH1VQ1
59528888	Malignant lymphoma, centroblastic, diffuse	XH9JY8
808906009	Burkitt lymphoma, NOS	XH4KA9
559714177	Primary cutaneous DLBCL, leg type	XH8657
1242604310	EBV positive diffuse large B-cell lymphoma	XH1QK0
1706402090	Primary diffuse large B-cell lymphoma of CNS	XH2MP0
1762364175	Diffuse large B-cell lymphoma associated with chronic inflammation	XH3N15
904346231	Splenic marginal zone B-cell lymphoma	XH0MV1
1071935365	Malignant lymphoma, large B-cell, diffuse, immunoblastic, NOS	XH7Z25
968725119	Follicular lymphoma, pediatric type	XH9RH9
2111517943	Anaplastic large B-cell lymphoma	XH78W3
747609673	High grade B-cell lymphoma with MYC and BCL2 and/or BCL6 rearrangements	XH23Z3
171881782	Burkitt-like lymphoma with 11q aberration	XH8NN2
1230326083	B-cell lymphoma, unclassifiable, with features intermediate between diffuse large B-cell lymphoma and Burkitt lymphoma	XH9L43
955814337	High grade B-cell lymphoma, NOS	XH2WM7
549338191	Follicular lymphoma, NOS	XH0LK1
1951422635	Vitreoretinal lymphoma	XH86B5
2062545636	T-cell/histiocyte rich large B-cell lymphoma	XH0WP6
11697119	Extranodal marginal zone lymphoma of mucosa-associated lymphoid tissue	XH1V99
1830373288	Large B-cell lymphoma with IRF4 rearrangement	XH6SU8
1001180183	Follicular lymphoma, grade 2	XH79L3
336186921	Marginal zone B-cell lymphoma, NOS	XH1X21
1040637003	Burkitt-like lymphoma	XH0H23
1755147698	9835/3	
867653595	Primary choroidal lymphoma	XH6JB5
1737810116	Follicular lymphoma, duodenal type	XH9L76
1445579302	9817/3	
250095878	In situ follicular neoplasia	XH4L38
850879533	9834/3	
317302369	9833/3	
1759947392	9832/3	
829589282	EBV positive mucocutaneous ulcer	XH3SG2
314631311	9818/3	
535308309	Follicular lymphoma, grade 1	XH6Y69
1573399580	9820/3	
728126881	Follicular lymphoma, grade 3	XH6RN1
1044143159	9811/3	
453943052	In situ mantle cell neoplasia	XH8EM2
1586599582	9813/3	
1217473058	9823/3	
560039452	9823/1	
1661422782	9827/3	
1669106576	9837/3	
295263753	9814/3	
444119093	9812/3	
79714353	9815/3	
1478097782	9816/3	
24972466	9819/3	
1468608778	9831/3	
51423145	9701/3	
1160350280	9709/3	
1276669758	9702/3	
4791599	9716/3	
169951955	9708/3	
1329714620	9714/3	
763253943	9705/3	
158922837	9700/3	
1879510236	9719/3	
757007207	9712/3	
1660040034	9718/1	
858797331	Granulomatous slack skin	XH0EH1
190029283	Sezary syndrome	XH8HN3
604895533	9717/3	
876349035	Mycosis fungoides	XH8R56
845943363	9715/3	
432243339	9702/1	
2144702018	9718/3	
1034822759	9709/1	
682977983	Follicular T-cell lymphoma	XH14S3
1901891842	Mature T-cell lymphoma, NOS	XH3HJ2
1831955651	Subcutaneous panniculitis-like T-cell lymphoma	XH3NV1
1228390433	Primary cutaneous CD8-positive aggressive epidermotropic cytotoxic T-cell lymphoma	XH2513
574202966	Angioimmunoblastic T-cell lymphoma	XH1J86
1912691844	Primary cutaneous acral CD8 positive T-cell lymphoma	XH7S84
1696101680	Anaplastic large cell lymphoma, NOS	XH1LC0
1797801084	Anaplastic large cell lymphoma, ALK positive	XH9484
1438631282	Lymphoepithelioid lymphoma	XH92G2
1733899071	Cutaneous T-cell lymphoma, NOS	XH1951
801204949	Hepatosplenic T-cell lymphoma	XH8D49
574148051	Nodal peripheral T-cell lymphoma with T follicular helper phenotype	XH6SR1
824243127	Monomorphic epitheliotropic intestinal T-cell lymphoma	XH1AG7
594531873	Primary mucosal CD30+ T-cell lymphoproliferative disorder	XH0353
1623827010	Intestinal T-cell lymphoma	XH9FT0
1929681219	Anaplastic large cell lymphoma, T cell and Null cell type	XH7EZ9
1753191438	Breast implant-associated anaplastic large cell lymphoma	XH05D8
880623909	9808/3	
668003563	Primary cutaneous anaplastic large cell lymphoma	XH5SC3
2081959742	Indolent T-cell lymphoproliferative disorder of gastrointestinal tract	XH0B02
337871721	9809/3	
1842846717	9800/3	
500345144	Precursor B-cell lymphoblastic lymphoma	
2051155686	NK/T-cell lymphoma, nasal and nasal-type	XH5LU6
1316113862	9807/3	
1298113073	Malignant lymphoma, small B lymphocytic, NOS	
1972413560	Primary cutaneous CD30+ T-cell lymphoproliferative disorder	XH40C0
676461482	Primary cutaneous CD4-positive small/medium T-cell lymphoma	XH7EL2
1167305720	9805/3	
587297271	9860/3	
85486467	Intravascular large B-cell lymphoma	XH50S7
925074187	Primary cutaneous CD4 positive small/medium T-cell lymphoproliferative disorder	XH3QE7
1359106894	Anaplastic large cell lymphoma, ALK negative	XH9T74
1897780812	9806/3	
1841068359	Precursor B-cell lymphoblastic leukaemia	
1641500666	9801/3	
1465206346	9840/3	
1089032457	9869/3	
694758923	9865/3	
1717692064	9863/3	
1390043555	Precursor T-cell lymphoblastic lymphoma	
1458945382	9867/3	
72546942	9897/3	
1812576612	9861/3	
450074026	9876/3	
1348567135	9873/3	
169413660	9895/3	
988175850	9870/3	
1605567171	9874/3	
709348944	9896/3	
614822788	9877/3	
1426706873	9879/3	
196736820	9872/3	
453552568	9920/3	
1883538721	9931/3	
288974744	9912/3	
1050112424	9891/3	
92915296	9871/3	
1264202473	9898/1	
221104649	9866/3	
1409311011	9930/3	
25373972	9910/3	
568192864	9911/3	
890065064	9898/3	
633081380	9875/3	
2063782765	9940/3	
774427880	9878/3	
1218520734	8120/1	
845320195	9948/3	
218958731	9946/3	
1996621674	9945/3	
251495289	Schneiderian papilloma, NOS	
831658225	Transitional cell papilloma, inverted, NOS	
1999341049	Transitional cell papilloma, benign	
640432910	Refractory neutropaenia	
1484478785	Refractory thrombocytopaenia	
119223410	9991/3	
685477755	Extracutaneous mastocytoma	
947171320	9992/3	
684277137	Thymic Langerhans cell histiocytosis	
396797465	Pulmonary Langerhans cell histiocytosis	
2129744611	Refractory cytopenia of childhood	
1997087869	Burns involving less than 5% of body surface	XJ4NH
1487676995	Burns involving 5-9% of body surface	XJ7TR
395160632	Full thickness or deep full thickness burn involving 5-9% of body surface	XJ4FJ
1557989891	Full thickness or deep full thickness burn involving less than 5% of body surface	XJ243
1642088291	Type of sport or exercise activity, canoeing	XE1LG
1336970979	Type of sport or exercise activity, kayaking or white-water rafting	XE99V
711569571	Type of sport or exercise activity, power boat racing	XE4LT
1486416419	Type of sport or exercise activity, jet skiing	XE7BZ
1027724387	Type of sport or exercise activity, rowing or sculling	XE4XV
755743180	Type of sport or exercise activity, football - Australian rules	XE72L
70875427	Type of sport or exercise activity, surf boating	XE0XD
1719815692	Type of sport or exercise activity, basketball	XE9UG
319888867	Type of sport or exercise activity, yachting or sailing	XE0G3
1610277708	Type of sport or exercise activity, football - American tackle	XE3T2
56324172	Type of sport or exercise activity, football not otherwise specified	XE3BA
1221756812	Type of sport or exercise activity, football - American touch or flag	XE31W
343086220	Type of sport or exercise activity, handball - team	XE7D6
408474835	Type of sport or exercise activity, rugby not otherwise specified	XE1XR
259043347	Type of sport or exercise activity, rugby league	XE5XZ
924250932	Type of sport or exercise activity, netball	XE510
585142483	Type of sport or exercise activity, ringette	XE8M1
1562698861	Type of sport or exercise activity, cricket	XE5M7
540973044	Type of sport or exercise activity, rugby union	XE9RW
956160557	Type of sport or exercise activity, field hockey	XE8HB
906501459	Type of sport or exercise activity, soccer - indoor	XE0TN
1683769645	Type of sport or exercise activity, baseball	XE84M
683128710	Type of sport or exercise activity, track and field - racing over obstacles or hurdles	XE1SW
1067438918	Type of sport or exercise activity, track and field - sprinting (1-400 metres)	XE02A
445043700	Type of sport or exercise activity, t-ball	XE5WM
1299089862	Type of sport or exercise activity, tai chi	XE05C
1157187539	Type of sport or exercise activity, volleyball	XE79M
555776403	Type of sport or exercise activity, soccer - outdoor	XE5EU
902362131	Type of sport or exercise activity, hockey not otherwise specified	XE02P
1665024070	Type of sport or exercise activity, aerobic or callisthenics	XE286
229553972	Type of sport or exercise activity, softball	XE63E
2105666195	Type of sport or exercise activity, wallyball	XE0JP
1406214931	Type of sport or exercise activity, soccer not otherwise specified	XE8WP
1282434979	Type of sport or exercise activity, walking	XE2TV
115834374	Type of sport or exercise activity, track and field - running middle distances (401-1,500 metres)	XE2RC
501537437	Type of sport or exercise activity, track and field - triple jump	XE5X4
802537197	Type of sport or exercise activity, hockey - street or ball	XE6B7
867439389	Type of sport or exercise activity, track and field - javelin	XE037
629316026	Type of sport or exercise activity, track and field - long jump	XE10W
1242333357	Type of sport or exercise activity, ice hockey	XE2UD
1514597638	Type of sport or exercise activity, jogging or running	XE5KC
1449995613	Type of sport or exercise activity, track and field - hammer throw	XE1FT
1289450713	Type of sport or exercise activity, ice skating or ice dancing	XE1SZ
614234077	Type of sport or exercise activity, track and field - discus	XE4C5
25524077	Type of sport or exercise activity, floor hockey	XE9N5
838987264	Type of sport or exercise activity, snow boarding	XE7J0
623479488	Type of sport or exercise activity, snowmobiling	XE240
1473826880	Type of sport or exercise activity, speed skating	XE6RE
1709814834	Type of sport or exercise activity, rescue and resuscitation	XE8KM
1089516672	Type of sport or exercise activity, tobogganing	XE8G0
857669735	Type of sport or exercise activity, freestyle skiing	XE8UF
1553013106	Type of sport or exercise activity, synchronized swimming	XE6Y2
1485654559	Type of sport or exercise activity, boxing	XE8AB
1643505503	Type of sport or exercise activity, aikido	XE7K5
1270447538	Type of sport or exercise activity, underwater hockey	XE323
778060786	Type of sport or exercise activity, water polo	XE2YS
712773791	Type of sport or exercise activity, judo	XE6B1
607610023	Type of sport or exercise activity, snow ski jumping	XE471
70048031	Type of sport or exercise activity, karate	XE567
1028944991	Type of sport or exercise activity, jujitsu	XE0U2
850066810	Type of sport or exercise activity, track and field - high jump	XE1X1
181190237	Type of sport or exercise activity, track and field - pole vault	XE8YM
1095059869	Type of sport or exercise activity, track and field - shot putt	XE3M7
811686497	Type of sport or exercise activity, kick-boxing	XE0Y9
298785478	Type of sport or exercise activity, track and field - running long distances (greater than 1,500 metres)	XE4Y7
1532494691	Type of sport or exercise activity, yoga or Pilates	XE7F9
523206024	Type of sport or exercise activity, freestyle wrestling	XE0CG
319077855	Type of sport or exercise activity, kendo	XE8WT
830452744	Type of sport or exercise activity, professional wrestling - entertainment style	XE4QQ
1653325145	Type of sport or exercise activity, bobsledding	XE225
688016025	Type of sport or exercise activity, luge	XE9KF
1042951769	Type of sport or exercise activity, ski patrolling	XE7E1
1496889090	Type of sport or exercise activity, Olympic weightlifting	XE6RQ
1542656025	Type of sport or exercise activity, curling	XE7J1
1389500277	Type of sport or exercise activity, stationary aerobic exercise with equipment	XE9V7
276490201	Type of sport or exercise activity, skiing - Nordic cross country	XE8CR
122848025	Type of sport or exercise activity, skiing - alpine or downhill	XE9X7
659111585	Type of sport or exercise activity, kung fu	XE5QV
643289288	Type of sport or exercise activity, Greco-Roman wrestling	XE8M6
409534847	Type of sport or exercise activity, gymnastics - rings	XE8WK
1309725634	Type of sport or exercise activity, strength training or body building	XE0N6
1788369919	Type of sport or exercise activity, cheerleading	XE2T9
134682952	Type of sport or exercise activity, tae kwon do	XE7RA
1153995391	Type of sport or exercise activity, gymnastics - floor exercise or tumbling	XE5WY
909756671	Type of sport or exercise activity, gymnastics - parallel bars	XE6R6
734653826	Type of sport or exercise activity, timber-related sports	XE3PG
1407252159	Type of sport or exercise activity, gymnastics - balance beam	XE65D
990701249	Type of sport or exercise activity, gymnastics - side horse or pommel horse	XE802
1420200520	Type of sport or exercise activity, self defence training	XE75J
1336225503	Type of sport or exercise activity, fencing	XE4E3
1614813762	Type of sport or exercise activity, power lifting	XE7QE
255944127	Type of sport or exercise activity, gymnastics - rhythmic with or without props	XE4YF
554806335	Type of sport or exercise activity, gymnastics - high bar	XE69D
57320934	Type of sport or exercise activity, gymnastics - uneven parallel bars	XE5KU
502364833	Type of sport or exercise activity, paintball gun shooting	XE1N9
740590081	Type of sport or exercise activity, gymnastics - trampoline or mini-trampoline	XE8V7
630667656	Type of sport or exercise activity, firearm shooting	XE08Q
116579896	Type of sport or exercise activity, darts	XE7NG
299547384	Type of sport or exercise activity, golf	XE416
1066038136	Type of sport or exercise activity, croquet	XE8AU
851402056	Type of sport or exercise activity, ten-pin bowling	XE6YY
182001249	Type of sport or exercise activity, bb or pellet gun shooting	XE0HX
1299917304	Type of sport or exercise activity, billiards, pool or snooker	XE5XX
1308980224	type of sport/exercise activity, diving - unspecified	XE5UC
1496127296	Type of sport or exercise activity, springboard diving	XE7S0
1663819896	Type of sport or exercise activity, archery	XE0KA
735858112	Type of sport or exercise activity, fishing	XE5FN
1515408696	Type of sport or exercise activity, bocce, boules or petanque	XE760
93094976	Type of sport or exercise activity, snorkelling	XE1ZK
681711544	Type of sport or exercise activity, lawn bowling	XE5VJ
1616231040	Type of sport or exercise activity, platform diving	XE3R2
339919142	Type of sport or exercise activity, gymnastics - vault	XE7PU
1022634368	Type of sport or exercise activity, scuba diving	XE1TE
161956967	Type of sport or exercise activity, water skiing	XE167
779477964	Type of sport or exercise activity, orienteering or rogaining	XE8WG
312795392	Type of sport or exercise activity, surfing or boogie boarding	XE48G
512696487	Type of sport or exercise activity, water tubing	XE92F
962430732	Type of sport or exercise activity, river rafting	XE2J8
652829568	Type of sport or exercise activity, competitive swimming	XE1FN
670535143	Type of sport or exercise activity, wind surfing	XE7PV
1243160721	Type of sport or exercise activity, equestrian eventing	XE8JM
1269620108	Type of sport or exercise activity, mountaineering	XE79W
1682565393	Type of sport or exercise activity, equestrian dressage	XE6DF
801119953	Type of sport or exercise activity, mustering or stock work	XE0BK
954759697	Type of sport or exercise activity, equestrian polo or polocrosse	XE6PK
834733888	Type of sport or exercise activity, surf life saving	XE84Q
445871050	Type of sport or exercise activity, trail or general horseback riding	XE1LH
602660490	Type of sport or exercise activity, equestrian trotting or harness	XE2LJ
26269521	Type of sport or exercise activity, pony club	XE4GZ
903697455	Type of sport or exercise activity, rodeo	XE56X
381203345	Type of sport or exercise activity, horse racing	XE0P4
386748044	Type of sport or exercise activity, bungee jumping	XE74G
230364938	Type of sport or exercise activity, equestrian steeplechase	XE7MC
586494191	Type of sport or exercise activity, show jumping	XE7X5
1563509841	Type of sport or exercise activity, endurance riding	XE75K
1426511719	Type of sport or exercise activity, recreational swimming	XE6P1
819980583	Type of sport or exercise activity, cliff diving	XE5RZ
1552202060	Type of sport or exercise activity, hiking	XE5BS
1711019020	Type of sport or exercise activity, abseiling or rappelling	XE08U
1854146704	Type of sport or exercise activity, aerobatics	XE34L
841325456	Type of sport or exercise activity, paragliding or parasailing	XE06C
621674320	type of sport/exercise activity, parachuting/sky diving	XE0JU
1476175312	Type of sport or exercise activity, gliding	XE88Y
641677437	Type of sport or exercise activity, school physical education class	XE49T
1798153956	Type of sport or exercise activity, dancing	XE6H2
1609515894	Type of sport or exercise activity, mountain cycling	XE4SS
1087684880	Type of sport or exercise activity, hang gliding	XE3VS
1721232950	Type of sport or exercise activity, BMX cycling	XE5UJ
524784957	Type of sport or exercise activity, school free play	XE67P
1221011382	Type of sport or exercise activity, road cycling	XE87G
1381305252	Type of sport or exercise activity, marching	XE0R2
190658256	Type of sport or exercise activity, hot air ballooning	XE99S
756947446	Type of sport or exercise activity, track or velodrome cycling	XE8U6
258281519	Type of sport or exercise activity, scootering	XE6X9
2435660	Type of sport or exercise activity, rock climbing	XE6Z2
749462763	Type of sport or exercise activity, go-carting or carting	XE46F
1730286379	Type of sport or exercise activity, riding an all-terrain vehicle (ATV)	XE7HV
407729391	Type of sport or exercise activity, spinning or stationary bike riding	XE72X
1583005291	Type of sport or exercise activity, motorcycling	XE1R5
998473771	Type of sport or exercise activity, motorised scootering	XE1MM
865101453	Type of sport or exercise activity, decathlon - 400 metre event	XE7ND
1447647437	Type of sport or exercise activity, biathlon - shooting event	XE05T
1865545101	Type of sport or exercise activity, biathlon - cross-country skiing event	XE3BK
557177263	Type of sport or exercise activity, street luge	XE78K
1232263851	Type of sport or exercise activity, motor car racing	XE26F
499166989	Type of sport or exercise activity, decathlon - 110 metre hurdles event	XE5C1
183028685	Type of sport or exercise activity, decathlon - 1,500 metre event	XE9AM
539703242	Type of sport or exercise activity, skate boarding	XE1AS
922964746	Type of sport or exercise activity, roller skating	XE2DY
55496822	Type of sport or exercise activity, cycling not otherwise specified	XE7MG
342275254	type of sport/exercise activity, in-line skating/rollerblading	XE5V9
697117811	Type of sport or exercise activity, decathlon - high jump event	XE331
616038989	Type of sport or exercise activity, decathlon - 100 metre event	XE5PT
1096891405	Type of sport or exercise activity, biathlon - unspecified event	XE7ZX
680772118	Type of sport or exercise activity, decathlon - javelin event	XE37C
1051019443	Type of sport or exercise activity, decathlon - long jump event	XE6CK
1949454614	Type of sport or exercise activity, heptathlon - 100 metre hurdles event	XE9EF
1069262550	Type of sport or exercise activity, decathlon - pole vault event	XE7LJ
1516411030	Type of sport or exercise activity, decathlon - unspecified event	XE48E
1591583422	Type of sport or exercise activity, heptathlon - shot putt event	XE294
1082118762	Type of sport or exercise activity, heptathlon - long jump event	XE8WE
1296759894	Type of sport or exercise activity, heptathlon - 200 metre event	XE4LW
1240843902	Type of sport or exercise activity, heptathlon - 800 metre event	XE4CW
1888316222	Type of sport or exercise activity, heptathlon - unspecified event	XE1JE
1662662102	Type of sport or exercise activity, heptathlon - high jump event	XE90J
741144638	Type of sport or exercise activity, modern pentathlon - equestrian event	XE8KQ
1465366186	Type of sport or exercise activity, heptathlon - javelin event	XE7TG
409041730	Type of sport or exercise activity, modern pentathlon - unspecified event	XE2B4
990158078	Type of sport or exercise activity, modern pentathlon - running event	XE84E
177950232	Phase of activity, competition or participation, first 25% of expected event duration	XE66C
357848446	Type of sport or exercise activity, modern pentathlon - swimming event	XE7GA
1738870782	Type of sport or exercise activity, modern pentathlon - shooting event	XE3GA
537344101	Type of sport or exercise activity, triathlon - running event	XE0J9
83700437	Person on foot as counterpart in land transport crash	XE57K
41693630	Type of sport or exercise activity, modern pentathlon - fencing event	XE758
152036091	Mobility scooter as counterpart in land transport crash	XE93R
870572888	Phase of activity, competition or participation, middle 50% of expected event duration	XE0QY
381503521	Phase of activity, strength and conditioning or weight training	XE0BT
1769553055	Phase of activity, not otherwise specified training or practice	XE583
26553569	Phase of activity, scrimmaging	XE07B
1527771944	Phase of activity, competition or participation, events whose time course can not be anticipated	XE20Y
955089313	Phase of activity, sport-specific or skill-specific practice	XE1U5
1277663208	Phase of activity, competition or participation, unspecified stage of the event	XE4ZN
478773497	Wheelchair as counterpart in land transport crash	XE3XF
617318296	Phase of activity, competition or participation, last 25% of expected event duration	XE2CG
1508448144	Skis as counterpart in land transport crash	XE5XW
383901445	Snowboard as counterpart in land transport crash	XE4NZ
113445782	Type of sport or exercise activity, decathlon - shot put event	XE6GN
1654529381	Type of sport or exercise activity, badminton	XE3SV
1288623333	Type of sport or exercise activity, squash	XE629
689433253	Type of sport or exercise activity, table tennis or ping-pong	XE5JM
925850789	Type of sport or exercise activity, triathlon - swimming event	XE8ZK
256450434	Type of sport or exercise activity, triathlon - cycling event	XE2XU
1541845029	Type of sport or exercise activity, racquetball	XE5Z7
1935963745	Phase of activity, cardiovascular training	XE945
1032161173	Person using a pedestrian conveyance as counterpart in land transport crash	XE2ZK
240644581	Type of sport or exercise activity, triathlon - unspecified event	XE01T
1044352613	Type of sport or exercise activity, tennis	XE97B
300642134	Type of sport or exercise activity, decathlon - discus event	XE11Q
1769819242	Skateboard as counterpart in land transport crash	XE5H4
1228299776	Railway train as counterpart in land transport crash	XE320
600791455	Baby carriage as counterpart in land transport crash	XE5SX
1722797816	Roller skates as counterpart in land transport crash	XE9J0
480297495	Scooter as counterpart in land transport crash	XE28X
1794382913	Underbone motorcycle as counterpart in land transport crash	XE4C1
849689351	Sled as counterpart in land transport crash	XE5D9
1982275488	Push chair as counterpart in land transport crash	XE168
1093730051	4x4 as counterpart in land transport crash	XE38X
1634614607	Sport utility vehicle as counterpart in land transport crash	XE6G7
1832251384	Stroller as counterpart in land transport crash	XE2JL
1400981612	Ice skates as counterpart in land transport crash	XE1TJ
1320220739	Motor scooter as counterpart in land transport crash	XE9FR
1252711949	Moped as counterpart in land transport crash	XE0V4
915137890	Motorised bicycle as counterpart in land transport crash	XE1SA
1734776704	Funicular or monorail as counterpart in land transport crash	XE1W8
548175795	Station wagon as counterpart in land transport crash	XE0HH
599895565	Minivan as counterpart in land transport crash	XE0T7
988073984	Ag-bike as counterpart in land transport crash	XE59J
1060804103	Motorcar as counterpart in land transport crash	XE0LP
2036474356	Snowmobile as counterpart in land transport crash	XE60L
117355165	Amphibious vehicle on land as counterpart in land transport crash	XE8AH
1978402667	Microcar as counterpart in land transport crash	XE0ZR
994325712	Jeep as counterpart in land transport crash	XE3BW
1562822130	Hovercraft operating on land or swamp as counterpart in land transport crash	XE28S
59299203	Harvester as counterpart in land transport crash	XE6W7
207247135	Self-propelled agricultural machine as counterpart in land transport crash	XE9HZ
805796895	Fall from horse without counterpart	XE64P
1512509912	Quad bike as counterpart in land transport crash	XE9KN
667693441	Agricultural tractor as counterpart in land transport crash	XE9GD
2131735692	Fall from motor vehicle without counterpart	XE20L
1308199097	Perpetrator-victim relationship, legal spouse	XE041
255960441	Fall from pedestrian conveyance without counterpart	XE929
912976231	Fork lift truck as counterpart in land transport crash	XE1U3
1531662474	Fall from motorcycle without counterpart	XE7JA
1672036665	Perpetrator-victim relationship, noncohabiting partner	XE8GZ
108035961	Perpetrator-victim relationship, Ex-spouse	XE6Q9
2032744447	Perpetrator-victim relationship, step-parent	XE9FD
1443600818	Mototaxi as counterpart in land transport crash	XE9ML
2140096270	Perpetrator-victim relationship, foster parent	XE4BZ
39541286	Trucks, lorries, and other heavy goods vehicles as counterpart in land transport crash	XE590
174240752	Unattended animal as counterpart in land transport crash	XE7A0
322581528	Perpetrator-victim relationship, grandparent	XE9S0
1968089498	Vehicle overturned without counterpart	XE9K8
1243689488	Vehicle out of control without mention of collision with another vehicle or fixed object	XE5YL
282219088	Road tractor with or without semi-trailer as counterpart in land transport crash	XE45E
419647783	Auto rickshaw three-wheeler as counterpart in land transport crash	XE73V
483558985	Fire brigade pump vehicle as counterpart in land transport crash	XE3M3
1488176088	Perpetrator-victim relationship, full sibling	XE9JY
9644005	Fall from pedal cycle without counterpart	XE2K7
1030421912	Perpetrator-victim relationship, other blood relative	XE8EU
290986937	Perpetrator-victim relationship, Ex-partner	XE8TC
1079089855	Perpetrator-victim relationship, father or mother	XE8QX
1954620921	Perpetrator-victim relationship, cohabiting partner	XE8JN
1994590808	Perpetrator-victim relationship, step-sibling	XE4KJ
93017206	Truck with trailer as counterpart in land transport crash	XE4Q6
857349808	Animal being herded as counterpart in land transport crash	XE22V
310438553	Sudden movement of vehicle, without collision, resulting in injury	XE5FP
1190652494	Perpetrator-victim relationship, care giver in institution	XE670
684707068	Animal being ridden as counterpart in land transport crash	XE756
316847899	Tuk-tuk as counterpart in land transport crash	XE9VV
68309208	Perpetrator-victim relationship, offspring	XE10C
1373605518	Perpetrator-victim relationship, health care provider	XE02B
1765536272	Person on foot standing, walking or running at the time of the crash	XE0HE
252889276	Trailer or sidecar attached to a pedal cycle as mode of transport of person injured in transport related event	XE2BW
1735204455	Perpetrator-victim relationship, parent's partner	XE1X5
1749572045	Light transport vehicle with four or more wheels used in sport and leisure activities as counterpart in land transport crash	XE0MB
813519670	Cycle rickshaw or tri-shaw as mode of transport of person injured in transport related event	XE6R4
753199527	Perpetrator-victim relationship, business relation	XE6P9
1228789735	Perpetrator-victim relationship, roommate	XE6WK
1003261287	Perpetrator-victim relationship, neighbour	XE32X
362562791	Perpetrator-victim relationship, friend not otherwise specified	XE5MH
1578480423	Perpetrator-victim relationship, date	XE7GT
45359143	Perpetrator-victim relationship, institutional co-member	XE80F
448332621	Minibus or passenger van as counterpart in land transport crash	XE0ZL
922329945	Perpetrator-victim relationship, acquaintance not otherwise specified	XE39B
709007704	Perpetrator-victim relationship, in-laws	XE8FS
816173806	Cycle rickshaw or tri-shaw as counterpart in land transport crash	XE2PY
1640722072	perpetrator-victim relationship, partial or half sibling	XE9RK
2084367557	Person on foot injured in transport related event	XE645
227633037	Pick-up truck, goods or work van, ambulance or motor home as counterpart in land transport crash	XE4DB
264915300	Trailer or sidecar attached to a pedal cycle as counterpart in land transport crash	XE5GG
338074218	Small loose object as counterpart in land transport crash	XE1RC
1526753309	4x4 vehicle as mode of transport of person injured in transport related event	XE0V3
51314346	Small or light fixed object as counterpart in land transport crash	XE9KG
1725415658	Large or heavy fixed object as counterpart in land transport crash	XE43C
761149226	Vehicle parked at the side of a road or in a parking lot as counterpart in land transport crash	XE3KY
674502377	Microcar as mode of transport of person injured in transport related event	XE9K7
1030557905	Motor car as mode of transport of person injured in transport related event	XE62M
728890556	Station wagon as mode of transport of person injured in transport related event	XE85J
277454813	Light transport vehicle with four or more wheels used in sport and leisure activities as mode of transport of person injured in transport related event	XE2TP
1150666209	Perpetrator-victim relationship, national or official authority not otherwise specified	XE5ZT
1103182901	Skis as mode of transport of person injured in transport related event	XE0FX
1915180298	Perpetrator-victim relationship, stranger in vigilante group	XE0CA
1264580682	Perpetrator-victim relationship, stranger in mob	XE7XG
713887908	Sled as mode of transport of person injured in transport related event	XE036
1901422543	Skateboard as mode of transport of person injured in transport related event	XE96G
1791298657	Perpetrator-victim relationship, official or legal authority, military	XE6AM
77704030	Motorised wheelchair as mode of transport of person injured in transport related event	XE80N
248116386	Snowboard as mode of transport of person injured in transport related event	XE3JS
76081588	Scooter as mode of transport of person injured in transport related event	XE4HS
1638458183	Jeep as mode of transport of person injured in transport related event	XE1CK
782248914	Sport utility vehicle as mode of transport of person injured in transport related event	XE5X0
882609398	Perpetrator-victim relationship, stranger not otherwise specified	XE2XY
558693281	Perpetrator-victim relationship, security group not otherwise specified	XE8PB
1005023802	Baby carriage as mode of transport of person injured in transport related event	XE7RL
912564065	Perpetrator-victim relationship, official or legal authority, civilian authority	XE59K
625069552	Minivan as mode of transport of person injured in transport related event	XE7LL
1269392329	Ice skates as mode of transport of person injured in transport related event	XE08H
1136268012	Mobility scooter as mode of transport of person injured in transport related event	XE0TE
1404936481	Perpetrator-victim relationship, official or legal authority, police	XE2Z7
1953596685	Moped as mode of transport of person injured in transport related event	XE2J1
903299946	Perambulator as mode of transport of person injured in transport related event	XE1BH
689291641	Fork lift truck as mode of transport of person injured in transport related event	XE31K
821273002	Quad bike as mode of transport of person injured in transport related event	XE3SA
1517583389	Tuk-tuk as mode of transport of person injured in transport related event	XE8DK
2056952886	Trucks, lorries, and other heavy goods vehicle as mode of transport of person injured in transport related event	XE10A
558597499	Hovercraft operating on land or swamp as mode of transport of person injured in transport related event	XE5U7
268714364	Fire brigade pump vehicle as mode of transport of person injured in transport related event	XE1VN
761015847	Agricultural tractor as mode of transport of person injured in transport related event	XE872
1964885085	Stroller as mode of transport of person injured in transport related event	XE7KT
531059088	Funicular or monorail as mode of transport of person injured in transport related event	XE3NY
1798035143	Harvester as mode of transport of person injured in transport related event	XE3QK
406005819	Snowmobile as mode of transport of person injured in transport related event	XE63N
799666784	Underbone motorcycle as mode of transport of person injured in transport related event	XE39A
544960766	Motor scooter as mode of transport of person injured in transport related event	XE9BU
1022588333	Ag bike as mode of transport of person injured in transport related event	XE1ZG
1250139363	Truck with trailer as mode of transport of person injured in transport related event	XE5ET
1332687557	Self-propelled agricultural machine as mode of transport of person injured in transport related event	XE3WV
1846490117	Push chair as mode of transport of person injured in transport related event	XE9SV
2122835283	Roller skates as mode of transport of person injured in transport related event	XE2PW
1696327573	Mototaxi as mode of transport of person injured in transport related event	XE1DF
1279382176	Horse as mode of transport of person injured in transport related event	XE1ZJ
838309904	Railway train as mode of transport of person injured in transport related event	XE1KN
1968218525	Pick-up truck, goods or work van, ambulance, motor home as mode of transport of person injured in transport related event	XE165
1652082013	Minibus or passenger van as mode of transport of person injured in transport related event	XE6PF
1313481586	Motorised bicycle as mode of transport of injured person in transport related event	XE9RC
1682994887	Road tractor with or without semi-trailer as mode of transport of person injured in transport related event	XE7XM
1190951244	Amphibious vehicle on land as mode of transport of person injured in transport related event	XE4MT
55596123	Balloons and other lighter than air devices as mode of transport of person injured in transport related event	XE3J3
1241975307	Glider as mode of transport of person injured in transport related event	XE33H
181243198	Auto rickshaw three-wheeler as mode of transport of person injured in transport related event	XE4SA
2036291772	Devices or parts of devices designed for ascent from and landing on earth or the surface of other bodies as mode of transport of person injured in transport related event	XE82G
841510959	Context of assault, contract injuring or killing	XE0NB
477673903	Context of assault, blackmail	XE2QF
1989101988	Context of assault, retaliation or revenge	XE6FN
1023852132	Context of assault, torture	XE580
872533524	Unpowered aircraft as mode of transport of person injured in transport related event	XE6SQ
13726036	Merchant ship as mode of transport of person injured in transport related event	XE3QY
352367425	Device incorrectly disinfected or sterilised during reprocessing identified	XE63T
1341646052	Context of assault, mercy killing or euthanasia	XE3G0
707713700	Context of assault, additional context, mistaken identity	XE92U
1755340052	Parachute used in descent from undamaged aircraft as mode of transport of person injured in transport related event	XE08L
1475432047	Context of assault, drive-by shooting	XE5A7
1373171796	Parachute used in descent from damaged aircraft as mode of transport of person injured in transport related event	XE4VS
1082830183	Hovercraft and amphibious vehicles when in or above a body of water as mode of transport of person injured in transport related event	XE4AK
620762351	Context of assault, kidnapping	XE1N7
965022387	Submarine as mode of transport of person injured in transport related event	XE4FF
1081038327	Helicopter as mode of transport of person injured in transport related event	XE48X
261390897	Robbery	XE6PL
226059092	Powered aircraft as mode of transport of person injured in transport related event	XE2UU
660749122	Context of assault, touching or fondling of genitals	XE29Q
1550901844	Sailboat or unpowered yacht as mode of transport of person injured in transport related event	XE0L4
967433236	Passenger ship as mode of transport of person injured in transport related event	XE9YQ
2062617066	Device incorrectly assembled during reprocessing identified	XE0TU
1877624626	Device incorrectly cleaned during reprocessing identified	XE2RQ
1119552770	Context of assault, oral sex	XE18N
921448305	Context of assault, burglary	XE0LR
1491042340	Context of assault, neglect	XE90G
810180482	Context of assault, sodomy or attempted sodomy	XE85Q
6209432	Context of assault, failure to pay a drug debt	XE1GC
2075372488	Context of assault, malicious misconduct	XE4XA
298888105	Context of assault, gang initiation	XE3QM
682100457	Context of assault, gang rivalry	XE2A5
134778046	Data compression error in device identified	XE006
155382088	Context of assault, altercation about past altercation	XE3KE
772699672	Context of assault, selling drugs or drug business	XE5AY
1363528812	Other specified unpowered watercraft as mode of transport of person injured in transport related event	XE36L
1483268158	Fatigue problem with device identified	XE3Y4
1703379416	Context of assault, probable drug involvement, but no positive evidence	XE1LL
393665368	Context of assault, argument over possession, use, or cost of drugs	XE0Z6
1892534967	About business or financial issues	XE0Z5
1743105655	About sports and other leisure	XE6VD
994327927	About family issues	XE591
37523511	About personal issues	XE9SP
780253396	Fishing boat or trawler as mode of transport of person injured in transport related event	XE9PA
42281938	Incorrect algorithm in device identified	XE62E
396256522	Interface design error of device identified	XE2FL
1277161396	Deformation problem with device identified	XE0WG
1264092820	Other specified powered or motorised watercraft as mode of transport of person injured in transport related event	XE5WL
154333890	Context of assault, rape or attempted rape	XE6U2
1995988611	Software timing problem in device identified	XE3RD
321123126	Non-functional defect in device identified	XE85U
1822150408	Context of assault, bullying, intimidation	XE4P2
1120601736	Context of assault, altercation about traffic	XE8NL
635433550	Person directing or attempting to direct an animal injured in transport related event	XE302
257702058	Network communication problem with device identified	XE5NA
1437222519	Wired communication problem with device identified	XE22K
447769028	Occupant of position provided for patient in an ambulance	XE3FA
1299427046	Mechanical shock problem with device identified	XE1UJ
682099537	Vibration problem with device identified	XE1H3
1607532205	Person with control of steering and braking in the case of a tandem bicycle or similar vehicle injured in transport related event	XE8SZ
198839134	Person riding, operating or controlling a motorcycle or pedal cycle injured in transport related event	XE65U
531421303	Proximal risk factors for intentional self-harm, Work-related	XE70C
1342340145	Person responsible to resume manual control of a vehicle under autonomous or partly autonomous control injured in transport related event	XE3WH
1787270431	Wireless communication problem with device identified	XE1PD
487834214	Incorrect data definition in device identified	XE1X4
353694967	About personally-held views	XE4H5
827744542	Wear problem with device identified	XE1ZQ
1331179515	Occupants of area in a bus provided for standing	XE9CP
122585374	Proximal risk factors for intentional self-harm, Substance abuse	XE2Q7
651457847	Proximal risk factors for intentional self-harm, Dowry	XE4UX
61760357	Vehicle occupant not otherwise specified	XE5X3
1570073407	Energy storage system problem in device	XE4ZM
578950221	Fracture problem with device identified	XE1ZP
343955608	Occupants of wheelchair or mobility scooter located in a position in a motor vehicle provided for carrying such devices	XE9FE
1043737694	Proximal risk factors for intentional self-harm, Postpartum depression	XE79G
1129905148	Person boarding or alighting from a bus, tram, streetcar or railway vehicle injured in transport related event	XE6LC
686895099	Person being transported by a vehicle and occupying space on a running board injured in transport related event	XE9X1
1136460652	Person being transported by a vehicle and occupying space intended for the transport of goods or cargo injured in transport related event	XE7FA
213240825	Person being transported by a vehicle and occupying space on the roof injured in transport related event	XE4CZ
1932089494	Person being transported by a vehicle and occupying space outside the cabin holding onto the vehicle injured in transport related event	XE7PL
420128904	Proximal risk factors for intentional self-harm, Unwanted pregnancy	XE3AG
459835177	Proximal risk factors for intentional self-harm, Conflict in relationship with offspring	XE1A1
948985007	Proximal risk factors for intentional self-harm, Suicide of a relative, partner or friend	XE19R
892882601	Proximal risk factors for intentional self-harm, Conflict in relationship with spouse, partner, boy/girlfriend	XE9SZ
1761927569	Proximal risk factors for intentional self-harm, Other manner of death of a relative, partner or friend	XE8T3
544343496	Proximal risk factors for intentional self-harm, HIV or AIDS	XE5CU
205579241	Proximal risk factors for intentional self-harm, Conflict in relationship with parent	XE6QA
798945120	Person driving a motor vehicle injured in transport related event	XE8ZW
302303857	Proximal risk factors for intentional self-harm, Sexual abuse	XE8HX
2116846929	Proximal risk factors for intentional self-harm, Unspecified manner of death of a relative, partner or friend	XE2FT
491725112	Power fluctuation in device	XE7RB
797983720	Patient data problem	XE7BE
1012138993	Proximal risk factors for intentional self-harm, Neglect	XE2RX
1662114650	Operating system becomes nonfunctional	XE5F1
2089235182	Operating system version or upgrade problem	XE6VL
1660119192	Loss of data	XE992
228942415	Failure to back up	XE72G
844416613	Application program problem, dose calculation error	XE46R
433221063	Failure to convert to back-up	XE8PZ
962066205	Person getting into or out of a vehicle injured in transport related event	XE76V
926676070	Loss of power to device	XE2WJ
1034880535	Problem with software installation	XE5CT
1183712070	Application program version or upgrade problem	XE2CW
1275307050	Application program problem, power calculation error	XE6SW
401351000	Packaging of device compromised problem identified	XE9F7
326535237	Application security problem	XE9XK
492930620	Packaging materials of device problem identified	XE0KG
2012801906	Unintended application program shutdown	XE842
1564959168	Inappropriate audible prompt or feedback	XE0WU
332478517	Unauthorized access to computer system	XE15X
665687503	Inaudible or unclear audible prompt or feedback	XE487
729573169	Proximal risk factors for intentional self-harm, Physical abuse	XE8ND
1220424214	Application program problem, medication error	XE09U
1482549582	Application program problem, parameter calculation error	XE2BJ
588252145	No audible prompt or feedback	XE8MP
1571126478	Application program freezes, or becomes nonfunctional	XE5YA
1970531974	Erratic or intermittent display	XE2ES
1587991240	Dull or blunt	XE4UR
1909356730	Display difficult to read	XE2NW
298058337	Poor quality image	XE5XP
77265656	Packaging contains incorrect device problem identified	XE8TA
516679043	Nonstandard device	XE46G
1745996107	Delivered as unsterile product	XE78P
291746321	No display or image	XE5Q5
499529290	Packaging of device contains unintended material problem identified	XE8S1
468587901	Image orientation incorrect	XE2V3
2147371498	Image display error or artifact	XE7T8
825081185	Output above specifications	XE81P
1333452590	Failure to deliver energy	XE5PU
1250052782	Radiation overexposure	XE0JA
23433689	Visual prompts will not clear	XE1C5
1631354084	Incomplete or missing packaging	XE5YH
1271351570	Intermittent energy output	XE538
248366667	Difficult to open or remove packaging material	XE01Z
1173846082	Energy spectrum incorrect	XE7ST
1873473534	Therapy delivered to incorrect body area	XE1US
1074785730	Radiation output failure	XE5F0
626701033	Output below specifications	XE8XC
1933227713	Tear, rip or hole in device packaging	XE2AN
1312808082	Radiation underexposure	XE74E
744375728	Failure to obtain sample	XE3MS
651420356	False negative result	XE2E8
1654418983	Component missing	XE89V
410425942	Component misassembled	XE9R8
868789276	Signal artifact	XE7TS
429210532	High readings	XE9D6
577664252	False positive result	XE9K2
320380104	Nonreproducible results	XE5E8
459335651	No tactile prompts or feedback	XE963
1745022252	Device displays incorrect message	XE4TX
1082203998	Therapeutic or diagnostic output failure	XE2MC
2126203478	Inappropriate tactile prompt or feedback	XE6CE
82301271	Unsealed device packaging	XE4VM
1203099977	Incorrect measurement	XE3XG
1536421638	No visual prompts or feedback	XE4FQ
736391461	Unexpected or unintended radiation output	XE6UD
100913680	Low readings	XE5KE
1981591394	Loss of or failure to bond	XE9DU
138945650	Missing test results	XE56S
1651220716	Fracture of device	XE1M6
739840973	Program or algorithm execution failure	XE0UN
1740218073	Unable to obtain readings	XE8YH
210662780	High test results	XE485
959316344	Low test results	XE8EM
1921944686	Intermittent program or algorithm execution	XE1WW
511482063	Calcified	XE8J3
331809495	Material fragmentation	XE2ET
1870105218	Solder joint fracture	XE82N
2053948506	Corroded	XE228
1883689800	Pitted	XE9F6
974208547	Flaked	XE0YK
437105807	Naturally worn	XE975
1979452966	Unraveled material	XE9JW
1571929423	Deformation due to compressive stress	XE0JB
1893819190	Material erosion	XE1WE
1915304988	Delayed program or algorithm execution	XE87N
1625768190	Peeled or delaminated	XE3VG
1201506715	Dent in material	XE5NT
698240448	Material twisted or bent	XE47S
429140376	Material invagination	XE8PS
1191425593	Material too rigid or stiff	XE4Z7
1400158641	Material too soft or flexible	XE9WH
930831530	Arcing of electrodes	XE7KZ
1181742953	Melted	XE8ZQ
1179443126	Difficult to interrogate	XE9HR
1721794101	High capture threshold	XE18Z
1814944089	Failure to capture	XE0UH
1753586904	Failure to interrogate	XE3PE
186870057	Intermittent loss of power	XE2A6
601837778	Material puncture or hole	XE0X4
604543369	Complete loss of power	XE1DB
1292906231	Failure to fold	XE0ZV
1477140527	Material frayed	XE37M
576721522	Battery problem with low impedance	XE41Q
877458081	Decreased sensitivity	XE6SM
1412268662	Failure to charge	XE5PM
138249678	Unstable capture threshold	XE350
1587553562	Delayed charge time	XE67U
1799494140	Premature discharge of battery	XE5U8
1039596486	Arcing at paddles	XE4X8
725607301	Unintended power up	XE7Z7
599022302	Stretched	XE5D0
45097634	Intermittent capture	XE1T0
1384564547	Failure to unfold or unwrap	XE06Q
28233285	Failure to power up	XE38R
1305935546	Failure to sense	XE210
229311681	High sensing threshold	XE6H7
658123009	Failure to select signal	XE0K3
686667038	Battery problem with high impedance	XE2MD
1949370584	Aborted charge	XE6QY
583508484	Failure to run on battery	XE548
119972781	Low sensing threshold	XE2P7
125899741	Loss of threshold	XE9TK
1817998426	Fluid leak	XE2ZY
136278125	Accessory incompatible	XE7N5
1391005362	Component incompatible	XE1UE
277510610	Failure to deliver shock	XE12S
93402890	Intermittent shock	XE8BU
1231775878	Over-sensing	XE02C
253530214	Inappropriate shock	XE6T0
395836713	No pacing	XE9A9
65073825	Pacemaker found in back-up mode	XE281
670471039	Incorrect interpretation of signal	XE28F
1891781609	Pocket stimulation	XE99K
385596537	Pacing inadequately	XE10M
2030700242	Pacing asynchronously	XE13R
1931481548	Pacing intermittently	XE1SU
382926487	Failure to convert rhythm	XE19S
476011003	Inaccurate synchronization	XE47M
1572868172	Inappropriate waveform	XE2LL
917113479	Gas leak	XE0RV
1279327992	Gel leak	XE53W
1181411818	Perivalvular leak	XE2JE
1139199978	Under-sensing	XE73Q
767004269	Failure to analyze signal	XE8H3
1368874772	Increased sensitivity	XE7QR
282773549	Inability to auto-fill	XE3T4
1963025816	Overfill	XE97E
806025471	Inadequate filtration process	XE3VH
598819935	Radiation leak	XE0B1
1773759607	Free or unrestricted flow	XE447
1599926824	Backflow	XE9RA
1353134676	Volume accuracy problem	XE1QQ
1126711735	Inaccurate flow rate	XE44F
1133507015	Intermittent infusion	XE2DM
1610302038	Inadequate ultra filtration	XE4UN
1664404251	Gradient increase	XE628
1235609307	Inaccurate delivery	XE667
1751273579	Partial blockage	XE2JF
195559361	Difficult to fold or unfold	XE8ZX
165158050	Reflux with device	XE09Q
1512740152	Short fill	XE8RE
1576774589	Tidal volume fluctuations	XE1V7
208801022	Complete blockage	XE3QL
19552429	Sharp edges	XE3VF
491449276	Failure to deliver flow	XE94H
577047793	Sensing intermittently	XE69X
628842839	Unintended ejection	XE1PM
956068170	Inability to irrigate	XE8L2
1698300986	Structural collapse	XE8H1
184569777	Difficult to open or close	XE2EV
655450060	Restricted flow rate	XE8AY
1096262358	Incomplete coaptation	XE3UJ
82355685	Unintended system motion	XE1Y1
1746196879	Failure to cut	XE0XR
1718349547	Failure to infuse	XE1JK
603868208	Increased pump speed	XE7BN
948631726	Misfire	XE5P4
839344066	Failure to fire	XE666
282793299	Failure to eject	XE0VZ
241500809	Unintended collision of device	XE0QZ
292149280	Coagulation in device or device ingredient	XE49W
231699514	Failure to cycle	XE23L
853714770	Failure to align	XE7KY
991618773	Device slipped	XE1Q1
779716645	Unstable device	XE5CH
811380889	Device dislodged or dislocated	XE6KT
1638480717	Particulates	XE0VB
931742630	Failure to pump	XE5R0
85907370	Clumping in device or device ingredient	XE4BC
513880819	Failure to prime	XE3KR
74618616	Cross reactivity	XE8Z6
1707661873	Low pH	XE657
1866825053	High pH	XE0K7
959938666	Increase in pressure of device	XE6S6
1494530143	Decreased pump speed	XE64X
1381166611	Pumping stopped	XE0TF
1589726050	Device fell	XE5JJ
619982665	Vibration of device	XE76A
557240833	Failure to form staple	XE289
1803758673	Precipitate in device or device ingredient	XE4VP
2081775587	Decrease in pressure	XE3XR
794372185	Increase in suction	XE35T
1362843691	Failure to zero	XE0HZ
736411239	Decrease in suction	XE3Y3
1253459176	Device tipped over	XE78C
1437850664	Suction failure	XE5FE
1838859755	No pressure	XE94J
1880692235	No audible alarm	XE6DH
1537195433	Defective alarm	XE3UE
438084813	Incomplete or inadequate priming	XE63F
735161434	Inappropriate or unexpected reset	XE2T4
1360140997	False alarm	XE2K0
823681056	No fail-safe mechanism	XE6VE
1686033599	Premature elective replacement indicator	XE6KH
197994232	Failure to reset	XE59S
2084670388	Exposure to welding light	XE82Y
771452737	Premature end-of-life indicator	XE6ND
293547392	Delayed alarm	XE3QU
1956937781	Low audible alarm	XE2RK
2056565095	Alarm not visible	XE5JP
1422118315	Fail-safe did not activate	XE659
1802104692	Exposure to other visible and ultraviolet light of man-made sources	XE436
1489616095	Inadequacy of device shape or size	XE584
312365500	Device appears to trigger rejection	XE2CL
1664496912	Exposure to low air pressure	XE67J
1737204528	Exposure to chemical explosion	XE22U
1134515717	Exposure to changes in air pressure	XE4ZB
1012126813	Exposure to explosion or rupture of pressurised materials or object	XE27P
371443588	Biocompatibility	XE7ZE
1128624933	Failure to osseointegrate	XE94Z
742325659	Exposure to high air pressure	XE07M
889774883	Expulsion of device	XE1FH
900682579	Migration of device	XE763
180406491	Loss of osseointegration	XE0Z9
429438452	Exposure to other non-ionizing radiation	XE6JQ
768067594	Shelter for battered women and their children	XE8BC
551557300	Exposure to ionizing radiation	XE5PJ
1597411978	Nursing home	XE498
1589231122	Apartment or flat	XE7DU
1894348690	Detached house	XE9XY
988785866	Military institution	XE138
1209988682	Prison	XE30E
1234295506	Terrace house or row house	XE9P0
355486162	Hut	XE3ZC
1716404170	Home for the elderly	XE8PL
996180050	Farmhouse	XE7F8
742974610	Residential caravan, mobile home, houseboat or motor home	XE1LE
1205128163	Outpatient clinic or health centre	XE8DZ
278907378	Area for growing crops combined with raising and care of animals	XE9C6
1423704985	Power station	XE8Q1
142446745	Factory or plant	XE3U5
1053753458	Area for growing crops, market gardening, horticulture	XE1ES
35138834	Boarding house or hotel	XE6X4
2125227683	Hospital	XE28K
2056047129	Oil or gas extraction facility	XE7GD
1140090713	Shipyard	XE7MT
1289398548	Roadway	XE6NQ
479878845	Bar, pub, saloon or other commercial place primarily for provision of alcoholic drinks	XE03P
1839509209	Mine or quarry	XE0Y1
1358737187	Health professionals' office	XE86F
640506137	Building under construction	XE11T
129477938	Area for raising or care of animals	XE54N
525726809	Demolition site	XE0Z7
1413017725	Parking area	XE3NV
1721061982	Nightclub, restaurant or other commercial place for socialising and recreation	XE7Y2
1973552212	Sidewalk	XE53A
2078741861	Preschool or kindergarten	XE9LH
1030762471	Shop or store	XE319
2016260698	Café or fast food outlet	XE058
152457189	Secondary school	XE3CZ
237419259	Hospice	XE9ZD
1653235860	Cycleway	XE4U4
1117763621	Child centre or day care centre	XE3JM
507390757	College or university	XE9BK
819477985	Area of still water	XE0ZP
2053650941	Public transport area or facility	XE4N9
320923239	Office building	XE58T
161517729	Stream of water	XE17F
658933349	Adult education institution	XE1JM
1426129825	Forest	XE6AV
512291937	Large area of water	XE93X
1825534373	Primary school	XE1ZF
1819913953	Beach, shore or bank of a body of water	XE010
1864528532	Public swimming centre	XE3YG
1110009697	Desert	XE601
67666599	Commercial garage	XE543
500377620	Equestrian facility	XE2LU
1098038036	Outdoor sporting grounds	XE9WC
2013926996	Indoor sporting hall	XE1CY
2068957729	Marsh or swamp	XE5TX
391716718	Computer software driver component of medical device	XE59Z
927307200	User interface component of medical device	XE8V6
1847296334	Non-cultural public building	XE774
1502276581	Cable grip component of medical device	XE77B
1646469473	Memory or storage component of medical device	XE1JS
630355598	Public playground	XE0AJ
197312270	Public park	XE5C2
2033444238	Holiday park or campground	XE4TG
1036530348	Software interface component of medical device	XE2JQ
1078675662	Public religious place	XE0ES
864280980	Skiing or snowboarding area	XE7WU
485153742	Amusement park or theme park	XE35Q
191882269	Electrical capacitor component of medical device	XE845
1330278602	Electrical transducer component of medical device	XE018
1956150652	Electrical inductor component of medical device	XE1UQ
1053790233	Electrical fuse component of medical device	XE38E
714202495	Electrical semiconductor component of medical device	XE27R
953507772	Computer processor component of medical device	XE3Q8
531601113	Display screen component of medical device	XE2JV
133729492	Network interface component of medical device	XE2YC
615220564	Skating rink or ice palace	XE7QG
354562485	Display indicator component of medical device	XE4YD
1635988388	Electrical solenoid component of medical device	XE4VJ
1994370798	Activation failure or expansion failures	XE48N
1655218532	Difficult or delayed activation	XE9Y0
2095412430	Difficult to remove	XE0HC
58496312	Cable sleeve component of medical device	XE2BS
1115197880	Positioning failure	XE41N
407000341	Premature activation	XE6E9
577956717	Difficult to insert	XE2JZ
459917269	Electrical resistor component of medical device	XE2AJ
184241364	Racetrack or racecourse	XE8BN
1466163056	Difficult or delayed positioning	XE74U
1498672700	Difficult to advance	XE9NU
315617913	Self-activation or keying	XE5VT
750836054	Patient electrode component of medical device	XE25C
1407076688	Failure to advance	XE4CG
1226536163	Lead conductor component of medical device	XE7F1
20270144	Relay component of medical device	XE4QR
763964191	Malposition of device	XE8P2
1604506527	Power switch component of medical device	XE1EF
930703497	Difficult or delayed separation	XE6U9
1039454181	Premature separation of device	XE1TT
282764341	Electrode component of medical device	XE5U9
607431554	Joystick component of medical device	XE9TZ
818294425	Wiring harness component of medical device	XE753
454654186	Microphone component of medical device	XE9FY
441910105	Ground strap or wire component of medical device	XE561
783879406	Keyboard or keypad component of medical device	XE6CN
1857275174	Exposure to land transport on-road injury event	XE9EE
1216412544	Touchscreen component of medical device	XE9ZJ
565906867	Exposure to land transport off-road injury event	XE8TM
1290037401	Device contamination with chemical or other material	XE9AH
320130661	Entrapment of device	XE9MQ
868548279	Separation failure	XE9BM
906927338	Microbial contamination of device	XE97G
665030013	Bulb component of medical device	XE5G9
1998530497	Problem with sterilisation	XE2LR
205398674	Residue after decontamination	XE0HG
2073741355	Alarm component of medical device, visual	XE3WT
952209528	Suture thread fastner component of medical device	XE0NL
1374436222	Catheter hub component of medical device	XE8NS
475595578	Bolt fastner component of medical device	XE4V8
1187280875	Fixation wire fastner component of medical device	XE9KR
2120252332	Helifix coil component of medical device	XE8AQ
662584098	Rivet fastner component of medical device	XE9MM
1251323186	Biofilm coating in device	XE9H4
1387493475	Clip fastner component of medical device	XE3VN
1374559611	Alarm component of medical device, audible	XE5DW
417633542	Clamp fastner component of medical device	XE4PG
1407138099	Nail fastner component of medical device	XE7GP
1724011533	Cannula hub component of medical device	XE9FK
845510138	Prong fastner component of medical device	XE059
750166002	Staple fastner component of medical device	XE2HY
1260900671	Needle stick prevention mechanism	XE4HV
1522180108	Connector pin component of medical device	XE4T6
1110139913	Tape for fixation component of medical device	XE8MX
1953477553	Photodetector component of medical device	XE9G5
2026428358	Bubble sensor component of medical device	XE5Q2
452085832	Sensor probe component of medical device	XE7Q4
487815795	Oxygen sensor component of medical device	XE5ZD
521795566	Foot pedal component of medical device	XE08E
1084538465	Luer valve component of medical device	XE229
1781896097	One-way valve component of medical device	XE2LS
1244207373	Control valve component of medical device	XE3YJ
337196764	Capillary tube component of medical device	XE2PZ
963514787	Oxygen analyzer component of medical device	XE0A7
2012596668	Side rail component of medical device	XE0KN
1612233785	Pressure sensor component of medical device	XE5WR
1963193057	Temperature sensor component of medical device	XE3W9
1486055185	Device contamination with body fluid	XE4VF
185263237	Contamination of device ingredient or reagent	XE2AR
110806804	Failure to clean adequately	XE3MN
2038607501	Adhesive fastner component of medical device	XE1A5
591171808	Failure to disinfect	XE4A4
2106753197	Flushing problem	XE0VE
770939982	Retainer fastner component of medical device	XE33C
1009681308	Latch fastner component of medical device	XE6R2
954782358	Pin fastner component of medical device	XE6A2
1726050965	Screw fastner component of medical device	XE3NX
906269830	Nut fastner component of medical device	XE0F0
1674242724	Manometer component of medical device	XE6V2
421535443	Thermometer component of medical device	XE019
2008933674	Flowmeter component of medical device	XE1WJ
734124885	Body of water, puddle	XE64D
415181882	Hang-glider	XE3VU
945194429	Body of water, dam, lake	XE285
1944023677	Body of water, river, stream	XE1CZ
1183588196	Body of water, swamp, marsh, estuary	XE57J
765200735	Canoe, kayak, row boat, pirogue, piragua	XE8BZ
1293382199	Body of water, canal or irrigation channel	XE2QX
1899862623	Sailboat, unpowered yacht	XE9SF
416244808	Wave board, surfboard, paddle ski	XE3CC
1392279657	Sloping surface, not elsewhere classified	XE45P
770457891	Parachute	XE627
51934507	Club, cudgel, rod, knobkierie	XE61H
791823878	Airship, blimp	XE8RL
1606018603	Electrical prod, stun gun	XE9F9
1949873048	Uneven surface, not elsewhere classified	XE1DA
1900925475	Passenger balloon, unpowered	XE96T
1115652661	Commercial fixed-wing powered aircraft	XE7FK
1153054175	Raven, crow, magpie	XE1Q3
218491044	Body of water, beach, seashore	XE636
185900503	Spear, javelin designed as weapon	XE3KV
1472546475	Slope, ramp	XE94G
191157675	Cliff	XE1AK
1654008756	Trench, ditch, pit	XE3EC
1659265998	Knife designed as weapon	XE174
695178254	Sword, dagger, bayonet, machete, panga, cutlass	XE598
982024860	Open drain, channel	XE2G4
1944296824	Merchant ship, cargo ship, oil tanker	XE7NQ
1368954017	Ferry used for short trips across closed waters	XE69F
1396104186	Glider	XE2KU
163238540	Body of water, man-made well, dug well for underground water	XE9TJ
792858232	Passenger ship, passenger liner, ocean liner	XE3HS
759745480	Ostrich, emu	XE99A
740694704	Even surface, not elsewhere classified	XE9CC
689953908	Sewer grate	XE5Y0
1930952000	Airboat	XE3PW
722031640	Submarine or related craft	XE4UQ
1020612752	Houseboat	XE304
164272882	Bullet, pellet	XE4KC
231565287	Hovercraft	XE5ZR
1108331081	Motorised yacht, motorboat, powered boat, personal powered watercraft	XE3WZ
1397134216	Windsurfer	XE3LU
1442016272	Plant seed	XE8XA
1939068166	Helicopter	XE4LN
733057833	Shotgun	XE32H
1114489259	Snake, unspecified whether venomous or not	XE11V
2132582328	Mushroom, toadstool, fungus	XE4DN
1433078258	Hand gun	XE72J
1933008865	Leaves, flowers	XE2ZX
731856820	Non-venomous snake	XE44L
1621098761	Fruit from plant	XE4KB
1093891863	Bucket, pail	XE383
1006735881	Plant thorn	XE8SV
165951083	Lizard, gecko, goanna	XE6A7
443771011	Frog, toad	XE4YK
794995879	Venomous or toxic plant, not elsewhere classified	XE2PR
1385260409	Cow, bull, bovine animals	XE257
2000596148	Venomous snake	XE9H6
1951749770	Cat	XE4V0
743178146	Baboon, monkey, chimpanzee, gorilla	XE7NS
247764543	Buffalo, bison, African buffalo	XE96F
492030167	Deer, moose, antelope, zebra, wildebeest	XE1MH
1165780061	Hamster epithelium	XE08V
177196113	Pig, wild boar	XE3UD
1375379267	Crocodile, alligator	XE4FD
136269613	Horse dander	XE09T
1669943822	Lion, puma, panther, cougar, mountain lion, tiger	XE82S
671131086	Hippopotamus	XE37L
1934966898	Blue mussel	XE6T4
141837603	Scallop	XE6WA
687129994	Dog	XE33Q
1716391594	Rabbit epithelium	XE7TQ
724170441	Branch or stick, separate from branch or tree	XE50M
29754721	Tree, plant	XE9CV
1995414804	Mouse epithelium	XE7CQ
1885989213	Grocery or shopping trolley or cart	XE8JZ
574168993	Guinea pig epithelium	XE5ZB
1629791613	Light truck, Sports Utility Vehicle (SUV), utility van, 4x4 vehicle, jeep, pick-up truck	XE4BF
1161462854	Box or carton containing food or drink	XE5N6
488650883	Vehicle window or windshield	XE8CT
246900331	Interior of vehicle	XE1LF
1740769378	Horse, pony, donkey, mule, ass	XE5VC
999815974	Elephant	XE2Q6
1090927505	Rat, guinea pig, mouse	XE8X3
1457143575	Marsupials	XE4TZ
421040825	Sheep, goat	XE25P
2044258078	Pork	XE9BL
1032140413	Passenger car	XE50Z
754792155	Bee	XE4D9
1158662338	Hornet	XE322
1881017574	Bear, grizzly bear, polar bear	XE7UA
1885119963	Wasp	XE6LT
1427849612	Body of water, water reservoir	XE40U
429594438	Tinned container, tin can	XE1GJ
1417136230	Minibus	XE6DC
442575645	Ultralight powered aircraft	XE0WR
1453969219	Tyre (tire) or battery (attached or unattached)	XE8UK
1824762310	Mouse urine proteins	XE43Q
243678978	Ant	XE4YS
1161728427	Engine of vehicle	XE5D5
675417331	Centipede, millipede	XE11M
362136825	Cochineal	XM6QA5
692140181	Shark	XE765
1976952595	Glass bottle or jar	XE6LK
472324364	Drinking glass, cup made from glass or china	XE532
1085523596	Sea snake	XE48L
1062941018	Vehicle doors, not elsewhere classified	XE954
1677369946	Vehicle seat belts, deploying air bags	XE226
1997266996	Cooking pot, pan	XE9LY
1394907236	Coral	XE75E
1452840490	Scorpion	XE2EP
1793755954	Capsicum spray, mace, pepper spray	XE203
1614308585	Rifle	XE0Q9
1977658261	Other fishes	XE71F
1113099565	Knife, not elsewhere classified	XE8WH
1046221011	Container made from plastic, wood, or clay	XE5G7
1438791033	Tractor-trailer, articulated lorry, 18-wheeler, rig	XE8XB
1082558988	Plate, bowl, dish made from glass or china	XE9Q8
1929774728	Heavy truck, not elsewhere classified	XE5A8
1197558767	Heavy container, box, package, not elsewhere classified	XE0GP
394123148	Sea urchin	XE6ZA
1009830752	Bus, coach	XE60G
129453626	Sea cucumber	XE43L
2006198291	Body of water, open sea	XE5N4
1687726899	Animal-drawn vehicle	XE1CF
1138244790	Crowd of people	XE0TZ
943274035	Animal being ridden	XE0ZZ
1649368903	Train	XE9Q3
1350449975	Three-wheeled motor vehicle or scooter	XE9AX
519642669	Non-electric kettle	XE7VX
968610104	Bag, sack, not elsewhere classified	XE80G
1674312499	Tick	XE779
1015158772	Pressure cooker	XE50Y
385218257	Rubbish bin, trash can, dumpster	XE3SR
1692008976	Trailer or horse-float	XE5KW
965526830	Motorcycle	XE0TY
942067137	Air gun	XE6YZ
487678442	Spider	XE75L
859386766	Sea anemone	XE45C
707445423	Person, self	XE70B
158208021	Hard chair or bench	XE853
2008320716	Folding chair	XE1NC
277929521	Motor home	XE3FP
1461465696	Funicular, monorail, or other similar rail vehicle	XE3P6
1010662668	Rocking or gliding chair	XE5NL
1697469998	Moped, scooter	XE9N6
1439662869	Upholstered chair or sofa	XE33K
1850361064	Motorized wheelchair	XE8C8
1055837255	Streetcar, tram, electric car, car trolley	XE40X
988233492	Transport vehicle drawn or pushed by person	XE38Y
1680069668	Revolving chair	XE7FS
188363084	Marine mammal	XE3UQ
804876655	Powered knife	XE02T
1013854087	Food processor, blender, juicer	XE6DV
1119139168	Electric frying pan, deep fryer	XE3FW
1685096111	Electric toaster, toaster oven	XE5LB
504702560	Electric kettle	XE3WY
1560816623	Microwave oven	XE7D9
452546301	Commode chair	XE61B
2011682887	Electric bread making machine	XE03R
1432924632	Pressurised kerosene or paraffin cooking stove	XE464
733096705	Stove, oven, cooktop	XE6PT
1373080560	Chulo stove	XE5YC
1191178032	Coal pot	XE0U0
438097165	Television	XE6SR
799679460	Stool	XE484
941979113	Dishwasher	XE0U1
1355105314	Folding table	XE6EN
854317032	Cable car, ski chair lift, ski lift with gondola	XE8KJ
1979807697	Coffee table	XE6E5
1417313802	Rack, bookshelf	XE002
773840633	Desk, workbench	XE2AM
789924124	Cutlery, food preparation utensil	XE5CG
1944988436	Video camera, camera, digital camera or accessory	XE5Y8
1940685353	Refrigerator, freezer appliance	XE3JZ
458011618	Television table, stand, cupboard	XE3TY
225843440	Barbeque, outdoor cookers or griller, outdoor clay oven	XE6A4
1186809357	Video recorder, decoder player	XE1PK
710182039	Room divider or partition	XE4B1
2126190840	Operating room table	
1642868620	Kitchen bench	
130581984	Clothesline, clothes drying rack, clotheshorse	XE06L
427241271	Fan	XE5VR
1409150097	Powered cleaning tool, not elsewhere classified	XE7Z3
757560904	Unpowered cleaning tool	XE9H2
1722712456	Vacuum cleaner	XE5PE
1051732128	Clothes iron, press	XE2VW
1887818030	Kerosene heater	XE0KQ
1966727008	Clothes dryer	XE0Y0
483074425	Washing machine	XE4FB
196089652	Special bed, orthopaedic bed, or stretcher	XE7QQ
946330836	Sound equipment	XE59W
1460765748	Bunk bed	XE86G
1171700791	Electric or gas radiator, heater	XE1ZZ
405227996	Bed rails	XE38G
1055095339	Hammock	XE27V
983005034	Baby pram, buggy, pusher, stroller, carriage	XE0CS
192618585	Baby or child car seat	XE52H
5099752	Baby bottle or nipple	XE1JQ
254835255	Playpen, travel yard	XE5QK
1271146280	Diaper, nappy	XE7HA
1727910659	Other specified bed	XE2DR
762586307	Pillow, cushion	XE6R1
979572526	Baby gate or barrier	XE12N
703875526	Baby baths or bathinettes	XE8VC
1089656729	Potty chair, training seat	XE9MB
1973533314	Cot, crib, baby bed	XE8RG
1399163249	Baby exerciser, jumper, or portable swing for home use	XE8U9
1049834071	Harvesting machine	XE0YP
1105153894	Other specified lamp or lamp component	XE5GA
197156686	Tractor	XE0S2
1911218414	Baby carrier, back pack type	XE34A
1969917419	Mattress, sleeping mat	XE0TM
1462686495	Baby or child pacifier, dummy	XE9R1
418152113	High chair, booster seat	XE39K
1964688791	Auger, post hole digger	XE7SF
1466027086	Ride-on lawn mower	XE9HQ
1714873450	Baby walker	XE4JE
2123844145	Diaper fastener	XE5E9
1692984143	Toy vehicle	XE959
1621342497	Infant or child product, toy balloon	XE5E1
951914505	Infant or child product, flying toy	XE5FF
1110233278	Board game or accessory or piece	XE9DY
233733394	Ball, general, other than sport specific	XE1HM
1932847049	Infant or child product, doll, doll accessory or part, stuffed toy	XE30M
944336975	Child's tricycle or other ride-on toy	XE0GX
1720556415	Equipment towed or powered by tractors, not elsewhere classified	XE0LF
2004860327	Toy sports equipment	XE887
604401958	Electric lamp	XE926
1955340925	Battery-operated torch	XE1D7
494853222	Free-standing gas, oil, or kerosene lamp	XE3QJ
511255546	Infant or child product, marble, bead	XE2KV
386357162	Other toy weapon or projectile toy	XE8ZY
1113618375	Burning oil	XE7PM
516023495	Other burning liquid	XE73M
43243471	Infant or child product, toy box or chest	XE7UT
1612414496	Controlled fire, flame in building or structure	XE27S
731023840	Burning gas, not elsewhere classified	XE3K6
415420972	Sewing machine	XE0PW
1938563320	Controlled fire, flame, not in building or structure	XE7W8
223787567	Uncontrolled fire, flame not in building or structure	XE7V9
939906872	Uncontrolled fire, flame in building or structure	XE87S
1898982451	Pin, needle	XE8D1
1147355436	Scissors	XE204
972852564	Tree house, play house	XE7YQ
1652407814	Pedal cycle baby carrier	XE8HU
380807861	Other playground climbing apparatus	XE8K7
480715999	Baby or child changing table	XE49V
1992966332	Playground equipment, seesaw, teeter totter	XE9AU
207323149	Powered amusement rides	XE59P
135322211	Playground equipment, slide, sliding board	XE0R1
1134112163	Playground equipment, swing, swing set	XE5W3
1409955444	Grader	XE4MS
145466740	Front-end loader, bulldozer	XE69J
1039714413	Excavator, digger, mechanical shovel	XE6XP
1987133357	Road roller	XE3GR
1700601428	Playground equipment, flying fox	XE8H2
1343124299	Playground equipment, monkey bar	XE27W
252762346	Wood - timber, board, splinter, not elsewhere classified	XE2JN
1637866090	Mirror or mirror glass	XE962
930520015	Rock, stone, not elsewhere classified	XE83R
777877446	Holiday decorations	XE4CE
964784962	Roller or venetian blind or indoor shutter	XE92A
1438632809	Forklift or lift truck	XE21P
152983657	Mobile crane	XE8TB
706096554	Portrait, picture, picture frame, or other wall hanging or similar decoration	XE05Q
1422702451	Christmas tree	XE1FR
1913160834	Window covering hardware	XE3EA
1011692914	Battery-powered airport passenger vehicle	XE6VY
916445867	Race car	XE387
1683201114	Coal-car in mine	XE6B4
1600988338	Ambulance	XE80A
63748018	Fire truck, fire engine	XE5BQ
977516017	Natural grass	XE233
2098605419	Snowmobile, ski-scooter	XE2LT
1853977475	Special all-terrain vehicle or off-road vehicle	XE6R9
981159707	Belt, braces, suspenders, sash	XE42F
1401532674	Other specified clothes fastener	XE8H8
1374215389	Private fixed-wing powered aircraft	XE7MP
215096923	Draperies, curtains	XE003
724192993	Infant or child product, inflatable toy	XE4HX
1460564418	Grain in bulk	XE410
1962673437	Coal	
83470056	Textiles	XE5XN
1441846330	Infant or child product, play tent, tunnel, or other enclosure	XE1X0
1150889770	Gravel, soil, sand, not elsewhere classified	XE9D4
1357007672	Razor, razor blade	XE22C
1968014067	Nightclothes, pyjamas, nightwear, underwear, undergarment, lingerie	XE4AP
957396257	Hair dryer, curling iron, curler	XE7FF
2009383602	Logging car	XE13Q
1585735126	Hay, straw	XE36E
802843546	Tram, truck, or tub in mine or quarry	XE1BG
1706108449	Comb, hairbrush	XE2CA
150790672	Electric toothbrush	XE1RS
1681662422	Artificial grass	XE59G
460045560	Electric shaver	XE39S
1312832496	Other toothbrush	XE88G
1725619227	Button	XE06P
1075769322	Shirt, blouse, t-shirt, trousers, slacks, jacket, coat, outerwear	XE6A6
476823155	Cold drink - non-alcoholic	XE6SF
1474447795	Cold solid food	XE3VM
1446362956	Cane, walker, walking stick, walking frame	XE90Y
578066542	Plastic	XE7K4
268230811	Hot solid food	XE3KH
1265763889	Metal - sheet, part, piece etc.	XE1FP
984583554	Hot cooking oil or fat	XE5VU
2053779782	Paper, cardboard	XE63Q
325889817	China, ceramics - sheet, part, piece	XE1LM
1070022997	Eyewear	XE5EM
1667682901	Wheelchair	XE293
194451498	Shoelace, shoe buckle	XE0MQ
1148524379	Hot drink	XE36T
900242666	Brick, concrete, concrete block	XE6MG
231661519	Molten metal	XE983
237704804	Rubber bathtub mat	XE6ZS
1840657858	Glass - sheet, piece, shard	XE4KU
950356030	Wristwatch, jewellery	XE79Y
1025066612	Cleaning agent for contact lenses	XE5U0
1127726317	Hair removal preparation, depilatory	XE1T3
722136126	Molten glass	XE57U
967212124	Hair colouring preparation	XE8PE
526536619	Soap	XE1H5
1199367811	Perfume, cologne	XE5DV
146688813	Nail polish	XE3EV
779778268	Suntan or sunscreen products, self-tan products	XE8NY
1038951988	Body or facial cream or lotion	XE7DF
1471483607	Arrow or bolt designed as weapon	XE9PM
217387331	Deodorants	XE1B1
976485773	Crushing or pressing machinery or fixed plant	XE0VT
1156147028	Refrigeration machinery or fixed plant	XE76C
257986708	Heating or cooking machinery or fixed plant	XE1WC
1720872589	Cutting or slicing machinery or fixed plant	XE43P
486002300	Hoist machinery	XE77A
1467890108	Lifting machinery	XE14G
1639503220	Dental care products	XE5CY
698655589	Crane machinery or fixed plant	XE3BT
415011860	Conveyors	XE6T6
455677381	Essential oils, oils used in aromatherapy	XE4KX
1647137957	Elevated work platform	XE9U1
1424734315	Cotton swab, cotton bud, Q-tip®	XE94F
1648132759	Body of water, flood water	XE0CX
1986318836	Body powder, talc	XE8W8
498878604	Prosthesis	XE5W4
1911118024	Parrot, parakeet, cockatoo	XE69N
1936176450	Spacecraft	XE346
846702567	Vaporizer, humidifier	XE1NP
1084374332	Threshing machine	XE02Q
1859532007	Oil burner	XE1PV
1047706698	Artist paint	XE0NW
1468684796	Chaff-cutter, fodder-cutter	XE8KN
1535465982	Condom, or other contraceptive device	XE7S6
1048094691	Press	XE6AF
269266494	Sex aids	XE9GS
60551382	Alarm clock, clock	XE030
1209141014	Umbrella	XE9R0
202074798	Chopping tool	XE56E
470398353	Canvas	XE8ZP
1978748963	Garbage compactor	XE0JX
770701579	Dairy or milking plant	XE6VH
962070455	Hammer, mallet	XE0VV
1710855351	Unpowered push lawnmower	XE8P1
1199742318	Cutting tool	XE9CU
1396007892	Mains - gas, water, sewerage, steam, hot water, electricity	XE99N
2101438991	Coins	XE3T5
1717964491	Shearing plant	XE8FD
1280925050	Hand-held fan	XE6N6
437347169	Fishing boat, trawler	XE801
1017953135	Telephone, mobile phone, cellular phone	XE2A3
1432241526	Fax machine and other related equipment	XE38S
1611475055	Personal computer or related accessory	XE9K5
222358622	Other stationery item	XE1RG
1436565147	Nail gun, stud driver	XE3E3
729457732	Powered garden tool	XE8T6
1468023377	Glazes	XE6E6
530330694	Lifting tool	XE3KL
1632022175	Fishhook used for work-related activity	XE3W7
467103274	Rat or mouse trap used for work-related activity	XE8KL
517452470	Pen, pencil	XE38A
1682729388	Drill	XE88U
1115038134	Typewriter correction fluid	XE5V8
955120300	Chainsaw	XE8MJ
1791019504	Lighter, match	XE4U8
1021577721	Scaffolding	XE7RK
1643145190	Gas cylinder	XE5VQ
442667829	Industrial vacuum cleaner	XE0N1
1615174393	Ladder, movable step	XE9P7
1178034291	Welder, welding equipment	XE0TD
1626559364	Powered push lawn mower	XE89A
387257400	Personal protective equipment, not elsewhere classified	XE7RJ
230594483	Other power saw	XE66P
1603511543	Aids to quit smoking	XE0Q7
163013856	Helmet	XE5F6
1370082760	Welding mask	XE2PS
691848837	Other specified sports projectile	XE557
796088081	Fire extinguisher	XE7HB
477080478	Bow, arrow, crossbow bolt, crossbow, not elsewhere classified	XE9CT
1660996696	Gymnastic equipment	XE8C0
1656041797	Bat, hockey stick	XE23P
1087256734	Spear, javelin, not elsewhere classified	XE3H8
984324205	Ice pick	XE1HX
1108361147	Soft ball	XE9X9
1888981680	Sports mat for playing sports or exercise	XE76Q
1170538409	Exercise, fitness equipment - fixed	XE6G9
230502299	Military fixed-wing powered aircraft	XE6FD
1165113044	Roller skates, rollerski, in-line skates, roller blades	XE38Q
172292924	Ice skate	XE2AY
1728659211	Waterski	XE9XZ
239929449	Exercise, fitness equipment - movable	XE1EH
500848257	Rugby pole, net pole, goal post	XE9R3
1058510371	Snow board	XE6DZ
1103957244	Sled, toboggan, sleigh, snow disk, snow tube	XE0AR
1956536803	Snow ski	XE5W5
680082328	Trampoline for playing sports or exercise	XE6HE
991847792	Diving board, platform	XE9TW
746637515	Folding scooter	XE06X
1153944527	Aqualung	XE1WX
1723646486	Goggle or mask, flipper or fin, snorkel	XE3NW
1243404103	Personal protective equipment (PPE) designed for use in sports	XE92X
758461910	Wetsuit	XE8X8
409360591	Diving belt, weight	XE85D
1116491700	Hot tap water	XE396
504026030	Fitted counter, counter-top, kitchen top	XE8P0
1175747206	Bathtub, spabath, shower cubicle	XE2C6
506055003	Grinder, buffer, polisher, sander	XE3UP
1905856698	Glass door	XE4YT
1934038941	Pit latrine	XE429
256084579	Bars on windows	XE6FE
1165983936	Floor - wood	XE6M6
1154121123	Security door or gate, fly gate	XE4NX
483710091	Window	XE4BD
758678458	Door, door sill	XE68A
251033472	Floor - mud, clay, animal dung	XE6ZE
1079134355	Steam, hot vapour	XE77R
747470503	Floor - carpeted	XE0SK
506322100	Boiling water other than tap water	XE4WG
1881992615	Floor - tile, brick, concrete	XE19Z
1465721675	Exterior window shutters	XE5B1
1028781286	Pressurised hose, pipe	XE974
912349936	Cigarette, cigar, pipe	XE01N
1111397152	Earplugs	XE67K
1098630529	Net for sports or exercise	XE2EM
1098281965	Wall - brick, concrete, tile	XE0WS
679775732	Fireplace	XE19W
433300948	Skateboard	XE7TJ
514960571	Puck, hard ball	XE7M5
184517677	Wall - wood	XE7CH
1948589812	Built-in barbecue	XE1B2
426302149	Wall - mud, clay, animal dung	XE3GJ
669674593	In-ground swimming pool	XE39L
93414842	Lift, elevator	XE8PC
512934177	Above-ground swimming pool, external spa, or hot tub	XE4PB
1021954298	Stairs, steps	XE3HC
1747501519	Ducted air-conditioning unit or related fitting	XE9HH
1310233210	Moving ramp, escalator	XE9QW
2068578145	Fence, gate	XE7FP
656280615	Electrical transmission line in or around building	XE6T1
1821899751	Fittings or pipes for gas, steam or hot water	XE7UU
799666991	Artero-venous dialysis lines, one needle	XD5BR1
98379391	Artero-venous dialysis lines, two needles	XD0B51
369507154	Handrail, railing, banister	XE2VG
287134907	Immunoabsorption filters and columns	XD8NE7
2470911	Endotoxin removal filters and columns	XD3RD1
866060384	Artero-venous dialysis lines - accessories	XD8QE4
2130748687	Electrical fixture	XE871
1576196234	Dialysates, without acetate buffer - AFB	XD9594
2088183512	Haemodialysis, adaptors	XD8Q72
132210373	Dialysates, without acetate buffer - other treatments	XD6W13
184642769	Dialysates, basic solutions, powder	XD2JY9
1310962520	Dialysates, basic solutions, liquid	XD5240
1090517496	Reinfusion dialysis lines	XD5ED6
564153775	Hemoperfusion carbon filters	XD27T5
1635387302	Hemoperfusion filters - others	XD9GN2
1920899160	Peritoneal dialysis, catheters	XD7RE0
434887950	Artero-venous dialysis lines - others	XD0270
1259262712	Hemoperfusion resin filters	XD2RV2
803334165	Dialyzers - UHF < 18 ml/h/mmHg	XD2KJ5
1360194206	Dialysates, acid solutions, non-sterile	XD3V66
2070298572	Dialysates, acid solutions, sterile	XD1KF2
383367553	Peritoneal dialysis, adaptors	XD39M3
1477070090	Peritoneal dialysis - others	XD47T0
414019492	Jellyfish	XE8BW
1463298439	Peritoneal dialysis lines - others	XD2WX9
1770819091	Permanent peritoneal dialysis lines	XD51F1
912760288	Temporary peritoneal dialysis lines	XD8H28
220966860	Peritoneal dialysis lines - accessories	XD4SJ0
741588624	Dialyzers - UHF > 35 ml/h/mmHg	XD1904
1324763000	Dialyzers for special hemodiafiltration and other therapies	XD8VS0
1504475155	Dialyzers - UHF = 18 - 35 ml/h/mmHg	XD4WX5
6655714	Venturi masks	XD5RM4
1228057164	Permanent haemodialysis, catheters	XD3AU4
320941057	Vascular access devices (only for haemodialysis) - others	XD3297
822324204	Oxygen administration tubings	XD5AL4
148630794	Cabinet, cupboard, side board, chest of drawers, tall boy, dresser	XE3BY
1706959703	Air/oxygen masks	XD0VQ3
1665564446	Temporary haemodialysis, catheters	XD9YY6
1592922435	Air/oxygen nasal cannulas	XD61Z5
1410712454	Digging or tilling tool	XE9GT
1715907604	Pedal cycle	XE94Q
1032355857	Dining room or kitchen table	XE1DK
1710460700	Cosmetics, not elsewhere classified	XE79N
1528375793	Small-sized motorized vehicles for children	XE4D7
1371246166	Toy gun or related accessory	XE93L
402671298	Shoe, sandal, slipper, boot	XE1KG
949859030	Bitumen	XE7CA
718231903	Nail, screw, tack	XE7VR
1658007370	Chalk, crayon	XE2EN
1349750107	Rug, mat, loose carpet	XE3WK
2055737837	Dialysate tanks, reinfusion	XD1ZR7
1057347005	Candle, candlestick	XE01B
2052002221	Other hair care product	XE8EH
1898082221	Racquet	XE9MP
1704339769	Night table, end table	XE2C9
803636381	Flush toilet	XE766
161818494	Toy - art, craft, or kit	XE1DG
1726097137	Snow, ice	XE3LV
1723787934	Dialysate tanks, collection	XD6LH4
1775563203	Alpha-adrenoreceptor antagonists	
158940008	Beta-adrenoreceptor antagonists	
777103533	Acetylcholine derivative	XM3GM3
1531783447	Alpha and beta blocking agents, antagonists	XM77E7
1590887200	Benzpyrinium bromide	XM0000
678573990	Anticholinesterase agents	
194835823	Aceclidine	XM4AJ3
1809106774	Arecoline	XM7494
2086270207	Alpha- and beta-adrenoreceptor agonists	XM36U7
464753737	Predominantly alpha-adrenoreceptor agonists	XM3LR7
720125587	Cholinergic (drug)	XM4LE7
2080089716	Parasympathomimetic drug	XM8JX6
1639749802	Cholinergic trimethyl ammonium propanediol	XM6VJ2
948718343	Choline esters	XM9223
2061604265	Agents predominantly used for gastrointestinal disorders	XM9FY5
192482815	Pilocarpine	XM0RX5
289288997	Cholinergic muscle tone enhancer	XM4ZZ7
1365937074	Bethanechol chloride	XM0MZ4
1050358043	Acetylcholine chloride	XM1EC3
1792101820	Choline alfoscerate	XM63Q0
818072561	Cytisinicline	XM7HS1
1977619578	Amifampridine	XM4C58
2082382492	Anticholinergics predominantly used for Parkinson disease	XM6WD2
1396003388	Agents predominantly used for urinary frequency and incontinence	XM1JA8
448143009	Varenicline	XM6PN9
808219067	Benzilonium bromide	XM54W7
238005091	Benztropine anticholinergic	XM8NZ1
640720342	Butropium bromide	XM5ML2
746680186	Adiphenine	XM1Q67
1521200142	Amprotropine	XM1Q22
1672868399	Butyl scopolamine bromide	XM1T59
930332066	Carpronium chloride	XM8JS6
1259173098	Belladonna alkaloids	XM5098
1873569912	Aniscoropine	XM3HR2
1355019250	Artane	XM66R0
1291126913	Caramiphen	XM9633
1580661680	Pilocarpus extract (jaborandi)	XM5EY0
634570739	Benaprizine	XM3NJ0
369325662	Clorotepine	XM8KY2
462640587	Aminopentamide	XM0TL7
1084594414	Cevimeline	XM31K4
1463521179	Clidinium bromide	XM2619
452924571	Anticholinergic	XM0B31
1707358084	Antimuscarinic	XM5BE4
1074358856	Atropine derivative	XM7LZ6
566813117	Benactyzine	XM29D7
103552892	Cyclopentolate	XM7VB2
533412709	Belladonna herb	XM2YW9
425657952	Duboisine	XM1M52
1233350559	Ethaverine	XM17M9
1178265357	Etomidoline	XM62B7
1307300595	Diphemanil	XM89R5
1239967121	Flopropione	XM3L41
476785058	Dibutoline sulfate	XM4CZ8
332570932	Cycrimine	XM93T2
1612046570	Ambutonium bromide	XM0DF0
66961430	Cogentin	XM2HD0
171281709	Belladonna extract	XM6RQ9
675472484	Euphthalmine	XM1VS4
1301891537	Emepronium bromide	XM0CR7
1179774211	Extrapyramidal antagonist	XM6L51
601967288	Dyphylline	XM3A08
847980578	Isopropamide iodide	XM4QH8
1040063182	Cyclodrine	XM0VC2
1289505391	Hexasonium iodide	XM8WX2
1008511236	Mepiperphenidol	XM1FH6
866460050	Methanthelinium bromide	XM39X0
947734656	Muscle affecting agents relaxants smooth	XM3YV6
1661112163	Octatropine methyl-bromide	XM4U03
415658660	Pipethanate	XM6MG0
1021942958	Profenil	XM3CK8
1575267627	Penthienate	XM8U27
2099531973	Methscopolamine bromide	XM0E13
1749342511	Pramiverine	XM7711
53574252	Hyoscyamus dry extract	XM4FB2
909557278	Hyoscyamus	XM1EF8
939953998	Mepenzolate bromide	XM0WK8
1832042033	Methylbenactyzium bromide	XM14X3
156837272	Homatropine	XM7832
1506215095	Levsin	XM5ED5
1016792974	Propantheline bromide	XM7VK4
1387846953	Oxapium iodide	XM5YT3
1294873757	Parasympatholytic	XM3A77
1470476345	Scopolia extract	XM3UE6
1468854999	Methylatropine nitrate	XM3KR9
656874422	Smooth muscle relaxant	XM31L2
401672366	Spasmolytic autonomic	XM6RA6
1735631651	Spasmolytic anticholinergics	XM14Z1
1284427699	Spasmolytic quaternary ammonium	XM9NH9
142743946	Tigloidine	XM8346
1554099861	Spacoline	XM7PY1
598986596	Milverine	XM5F96
1573777349	Tiemonium	XM9WW9
694530502	Thiphenamil	XM0GS2
1222025501	Quaternary ammonium parasympatholytic	XM1JN1
1727666915	Tiquizium bromide	XM2595
1463830697	Toquizine	XM8YD7
205492150	Triampyzine	XM64P0
1482584139	Tridihexethyl iodide	XM17K9
308451106	Triperiden	XM2M46
1226657853	Tropacine	XM2973
1302382083	Tricyclamol chloride	XM2TJ3
1619781023	Propiverine	XM9FU4
490191666	Tropicamide	XM4466
660951892	Trimeprazine (tartrate)	XM5S52
1018339529	Darifenacin	XM1N89
384208590	Emepronium	XM6190
961164617	Desfesoterodine	XM5QR7
1407494672	Mirabegron	XM5L72
1390609637	Tritiozine	XM4YB7
1445478188	Anticholinergics predominantly used for obstructive airway diseases	XM1CE8
299617205	Trospium chloride	XM8F25
631847448	Tolterodine	XM82U8
673836652	Flavoxate	XM0CH2
1289090006	Solifenacin	XM2Z66
382104985	Fesoterodine	XM4265
1721837188	Trospium	XM7V08
164043318	Oxybutynin	XM0LB8
1605812510	Mecamylamine	XM13Z0
1451133989	Meladrazine	XM0M49
1058737079	Pentamethonium bromide	XM68K9
1075849386	Tetraethylammonium chloride	XM6JW6
1440653026	Quaternary ammonium ganglion blocking	XM3YS6
1372569763	Terodiline	XM4DW3
791964305	Hexamethonium bromide	XM90S5
450254453	Trimethidinium	XM9BT3
9529519	Trimethaphan	XM4BZ9
1496155860	Interferons	XM58E0
899067099	Trimetaphan camsilate	XM3YZ9
274460953	Pentolonium tartrate	XM2A33
2116285042	Tetrylammonium chloride	XM9MS2
307874107	Interleukins	XM2Q27
948612123	Colony stimulating factors	XM9VN3
1844622088	Pegademase	XM9D28
76446410	Pidotimod	XM30D0
2057200718	Pempidine	XM8JB8
788180892	Poly I:C	XM1R32
465511184	Tasonermin	XM94J4
1754780826	Thymopentin	XM7N26
1587412103	Immunocyanin	XM9D43
1896987735	Melanoma vaccine	XM99P5
24571722	Histamine dihydrochloride	XM5KS2
536534126	Sipuleucel-T	XM2ZJ6
1533372679	Glatiramer acetate	XM4PM9
721566236	Mifamurtide	XM97M6
684747905	Roquinimex	XM48E5
898500928	Cridanimod	XM4ZS8
1872596851	Dasiprotimut-T	XM9BT1
1847649683	Plerixafor	XM19S3
1249061199	Alkylating agents	XM09D9
1037960242	Antineoplastic antimetabolites	
252952104	Monoclonal antibodies	
1403389787	Antineoplastic natural products and derivatives	
1791497107	Sensitizers used in photodynamic or radiation therapy	XM3T47
614429170	Other antithrombotic agents	XM1AM0
1606317219	Direct factor Xa inhibitors	XM4SD9
1961437655	Poly ICLC	XM4J95
1449892617	Other antineoplastic drugs	
1241485875	Amino acids	XM4Z15
2068528862	Tranexamic acid	XM8GE2
1791272148	Aminocaproic acid	XM4BG8
1441120507	Cytotoxic antibiotics and related substances	XM4DQ7
6720716	Protein kinase inhibitors	XM1CT6
44349905	Lentinan	XM6GW5
974703893	Aprotinin	XM6Y53
1172920867	Elapegademase	XM3R87
1354125902	Hemostatic drug, systemic	XM8X82
797798739	Fibrinolysis inhibitor	XM3QV9
2144424960	Anticoagulants	XM3W80
899761543	Aminomethylbenzoic acid	XM41G3
957185846	Monoclonal antibodies and antibody drug conjugates	XM1JG6
1885920110	Platelet aggregation inhibitors	
802760638	Heparin and heparin derivatives	XM2YP8
2047405651	Anticoagulant and antithrombotic enzymes	XM17B1
626294994	Vitamin K antagonists	XM7S34
823972793	Epsilon amino-caproic acid	XM7XD3
176183340	Calcium compounds	XM0SA0
1847362316	Oxidized cellulose	XM6EK6
974050072	Combinations and complexes of aluminium, calcium and magnesium compounds	XM0D52
1509870567	Tetragalacturonic acid hydroxymethylester	XM1MS7
124343368	Adrenalone	XM6BS8
1980502532	Absorbable gelatin sponge	XM3RF2
1660851999	Mecobalamin	XM2AT9
698357546	Calcium alginate	XM1JS6
2141037294	Antifibrinolytic drug	XM0UH4
1429459919	Direct thrombin inhibitors	XM5PV9
258348025	Voxelotor	XM8F45
937371377	Magnesium compounds	XM7GM7
1670567503	Cobalamine	XM2RU3
2126320302	Folic acid	XM7R82
1996497239	Hydroxocobalamin	XM7CP9
581578634	Cyanocobalamin	XM9KD4
176303901	Leucovorin (factor)	XM16W1
1380021610	Erythropoietin	XM9130
583198774	Camostat	XM9QH4
928291266	Hematinic preparation	XM20E6
1215068013	Alfa1 antitrypsin	XM9PF3
994972483	Cyanocobalamin tannin complex	XM09N3
1908297302	Darbepoetin alfa	XM7M42
1906400637	Aluminium compounds	XM3JP8
2066999610	Methoxy polyethylene glycol-epoetin beta	XM66M0
1327229314	Daprodustat	XM27M4
1369621756	Peginesatide	XM9D96
2078799521	Alidase	XM6Y81
449021388	Pancreatic dornase	XM2P48
192980412	Enzyme fibrolytic	XM3TF2
1586872054	Cobamamide	XM2NR4
1272192299	Deoxyribonuclease	XM1819
1808308103	Sutilains	XM8183
1590645747	Streptodornase	XM93U7
873121446	Penicillinase	XM9J86
1309002309	Enzyme thrombolytic	XM5GS9
1517471181	Serrapeptase	XM94J1
590931948	Cocarboxylase	XM8P48
717243445	Vadadustat	XM59J5
1087374215	Diffusin	XM3HF5
273556136	Trypsin	XM40V6
706057936	Chymotrypsin	XM7NZ6
1046649178	Alpha amylase	XM0KX8
17629904	Pronase	XM52N4
1413674143	Hyaluronidase	XM0543
1483688486	Reteplase	XM6RN7
671619387	Drotrecogin alfa (activated)	XM8K47
41733227	Saruplase	XM04S7
517631542	Icatibant	XM7TQ2
1594874592	Fibrinolysin	XM4XM2
515025290	Ferric pyrophosphate	XM2C90
99333269	Berotralstat	XM2UN9
1657624083	Fibrinolysin and desoxyribonuclease	XM32Y3
733310464	Ferritin	XM55G4
883866472	Ecallantide	XM9192
670009754	C1-inhibitor, plasma derived	XM9AX4
1515401886	Ferrous fumarate	XM04C6
1900221219	Calcium ferrous citrate	XM8ZX9
1259906901	Ferrocholinate	XM8GJ1
609136012	Iron sorbitol citric acid complex	XM3EH2
683259720	Sodium feredetate	XM5HE0
290023930	Isomaltose, ferric complex	XM8KK0
999951578	Ferropolimaler	XM1018
300865928	Iron ammonium	XM6FS8
185489188	Sodium iron edetate	XM5SE8
2115986209	Ferrodextrane	XM3SU9
1317746907	Polyferose	XM1Y67
1422657025	Jectofer	XM77C5
1311541419	Iron salts	XM54R9
2011552199	Tissue plasminogen activator	XM9PZ9
4240593	Ferrous chloride	XM6UB4
72748912	Protein C	XM35D2
1881663436	Ferrous gluconate	XM3N76
343983637	Chondroitin sulfate-iron complex	XM6CK7
1690150251	Dextriferron	XM6S51
568144388	Ferrous fumerate, gluconate, lactate, salt, sulfate (medicinal)	XM7EW8
1056183109	Ferric oxide polymaltose complexes	XM5AW9
691258166	Ferrous glycine sulfate	XM7E86
1977578060	Ferrous ascorbate	XM0S20
1857895723	Conestat alfa	XM7M63
1365219727	Ferrous salt	XM8L47
801960961	Ferrous sulfate	XM3SQ1
1318273112	Ferric sodium citrate	XM7FV2
557370004	Ferric chloride	XM5DJ4
1097922729	Ferric hydroxide colloidal	XM60G9
2138251889	Ferric hydroxide polymaltose	XM9W49
1831519922	Tenecteplase	XM5ZA2
95953233	Ferrous tartrate	XM0FD3
745483128	Saccharated iron oxide	XM85E8
708075905	Ferrous carbonate	XM2865
619257342	Iron (compounds) (medicinal)	XM8Z42
1692898570	Ferric hydroxide	XM4HF0
195684178	Iron dextran injection	XM7PP8
821931461	Ferrous iodine	XM1BG1
1683512827	Ferrous phosphate	XM2LA7
1605084958	Ferrous aspartate	XM8638
1164077912	Ferrous succinate	XM8SK2
293098389	Ferric maltol	XM4J31
1714996755	Sodium dipantoyl ferrate	XM6435
2061859842	Menadione	XM1KN2
1369577886	Ferric acetyl transferrin	XM5L86
990676677	Ferric proteinsuccinylate	XM8NX7
1265358296	Ferrous amino acid complex	XM0216
764816777	Acetomenaphthone	XM0M37
1504251964	Anticoagulant Antagonist	XM5LG4
1231260046	Antihemophilic globulin concentrate	XM0D26
174577549	Etamsylate	XM1VC9
1482875164	Vitamin K	XM6DJ4
1553809350	Antihemophilic plasma, dried	XM2KH0
421023805	Antiheparin drug	XM0RA5
56585959	Coagulant	XM4Z99
1405177800	Menatetrenone	XM55W0
1676846156	Gelfoam	XM5WF6
911780499	Cotarnine	XM3RB9
1943913834	Cytozyme	XM8MM4
482969427	Hexadimethrine (bromide)	XM9CA7
1178597776	Protamine sulfate	XM4U16
1498212524	Heparin action reverser	XM35E4
1769931552	Menaquinone	XM8912
1035553967	Prothrombin activator	XM0SY7
2082866458	Russel's viper venin	XM8RT8
754609369	Menadione sodium bisulfite	XM7MA9
701383463	Menadiol	XM3AJ3
602166331	Thromboplastin	XM0HF1
1775809362	Snake venom or bite hemocoagulase	XM6QQ2
58076169	Vitamin K1	XM3W89
477515682	Batroxobin	XM7KW2
19532824	Tumour necrosis factor alpha inhibitors	XM9PG4
1813060797	Eltrombopag	XM95R8
956619409	Menadiol sodium sulfate	XM2JG9
2029033770	Vitamin K2	XM1YD0
1802446839	Immunosuppressive drug	XM1079
906140400	Carbazochrome	XM5UU0
97211358	Azathioprine	XM99R8
1040814934	Albumin bovine	XM5WD4
1181075949	Romiplostim	XM96S9
1295148110	Albumin human serum	XM7150
1479092886	Coagulation factor VIII	XM9766
646616770	Lenalidomide	XM5Q10
2016780348	Albumin human serum salt-poor	XM1YW8
317732205	Blood fraction	XM5GG5
936939583	Blood plasma	XM04N3
832624378	Thalidomide	XM6B78
1089065754	Diroximel fumarate	XM9UK4
195537780	Selective immunosuppressants	XM5140
118391589	Blood dried	XM1GJ9
1060964225	Mepolizumab	XM8X05
885534974	Calcineurin inhibitors	XM3CM4
1467308692	EPO	XM9TT2
1034997699	Blood (derivatives) (natural) (plasma) (whole)	XM2NV9
594674498	Dimethyl fumarate	XM2EM8
1576599032	Factor III (thromboplastin)	XM3ZZ2
1677403936	Coagulation factor IX	XM44Z6
2003423290	Human albumin	XM6HF0
2026991225	Coagulation factor VII	XM58W5
907731571	Thrombin	XM3GR1
1761556878	Factor I (fibrinogen)	XM3TM8
151442960	Darvadstrocel	XM0LG0
1239194649	Pomalidomide	XM6S50
155103863	Erythropoietin human	XM79U3
217990032	Pirfenidone	XM7952
1732686112	Epoetin alpha	XM6BM2
1530497621	Interleukin inhibitors	XM5ZL1
1831792356	Fibrin	XM9JK6
1114510412	Natural blood (product)	XM0XT3
872025968	Catridecacog	XM4S88
420598609	Normal serum albumin, salt-poor (human)	XM3YQ9
1134386285	Coagulation factor VIIa	XM0A85
1776912701	Von Willebrand factor	XM25U1
1554777513	Susoctocog alfa	XM6B13
102231510	Platelet-rich plasma	XA3JX0
1559068923	Serum complement (inhibitor)	XM7JU3
146160996	Factor VIII inhibitor bypassing activity	XM3P96
313132302	Thrombocytes	XM7KC2
1659787811	Serum hemolytic complement	XM08V1
463957920	Serotonin receptor antagonists	XM4S40
2077976562	Alverine	XM5RS2
265096095	Red blood cells, packed	XM26D5
431685328	Chlorbenzoxamine	XM30Q8
1404001099	Fenoverine	XM3CZ9
325442688	Pinaverium	XM2GC8
1481555319	Isometheptene	XM27M9
764195056	Migalstat	XM6UH6
1039380976	Coagulation factor XIII	XM1UV6
428792354	Coagulation factor X	XM2RZ4
1175391236	Idanpramine	XM7F16
1220117315	Stem cells from umbilical cord blood	XM6GB5
1192554173	Diisopromine	XM2493
368661756	Blood substitutes and plasma protein fractions	XM1596
2035933546	Whole blood (human)	XM8TU6
1746583838	Hematin	XM8K98
1820055894	Fenpiprane	XM49K4
471632457	Proxazole	XM8N97
1686982881	Tegaserod	XM2SC1
1705894585	Atosiban	XM8R05
1254473132	Laxatives	
1324975537	Plecanatide	XM78V7
1219307181	Oil	XM6DL1
1809705057	Epoetin beta	XM8VX7
1339635689	Flibanserin	XM5EY9
912809753	Trepibutone	XM2SK3
1934262416	Caroverine	XM3R36
184281184	Agni casti fructus	XM19G4
890988067	Glycerol	XM5348
350880766	Linaclotide	XM3086
1050597036	Prucalopride	XM2396
434380745	Phloroglucinol	XM66E5
1669800354	Cimicifugae rhizoma	XM6DH4
996557612	Carbon dioxide producing drugs	XM7DT2
865127065	Trimethyldiphenylpropylamine	XM7ZC5
1784512148	Valethamate bromide	XM9K48
2118425765	Lubiprostone	XM4U05
360727041	Mifepristone	XM4RW1
370730815	Ulipristal	XM04R5
623308324	Aluminium, aluminium hydroxide-magnesium carb. gel	XM9DS4
538100186	Aluminium, aluminium silicate	XM8FL6
715089590	Aluminium, aluminium carbonate (gel, basic)	XM8YP0
1888280827	Alexitol sodium	XM6347
257047414	Anti-gastric-secretion drug	XM5XT4
1863977295	Aluminium, aluminium chlorhydroxide-complex	XM3Q55
1885935723	Antacid	XM37S3
904689554	Aluminium, aluminium sodium silicate	XM0BM4
1697652307	Burimamide	XM5R07
1603162805	Chalk, precipitated	XM1WQ5
2144375033	Benexate	XM9KD3
615471078	Bismuth salts aluminate	XM1F19
977737249	Dimethicone	XM9BS9
797051814	Metiamide	XM9414
716579928	Potassium glucaldrate	XM7W08
621784266	Pepstatin	XM7K87
821107330	Ornoprostil	XM01K0
795341622	Dihydroxyaluminum aminoacetate	XM1622
1087635839	Simaldrate	XM64X9
1778869343	Methylpolysiloxane	XM1EN3
902116732	Milk of magnesia	XM7SH2
1617902499	Magnesia magma	XM6YR9
1593876523	Magnesium trisilicate	XM8L43
89222790	Rosaprostol	XM87Z0
1519599525	Simethicone	XM38C5
284004400	Magnesium carbonate	XM7V20
1872034769	Soda bicarb	XM0QL9
725899948	Sodium glucaldrate	XM43U8
1682739775	Vitamin ulceroprotectant	XM5QM5
1085137488	Dehydrocholic acid	XM00U8
740432227	Pepsin digestant	XM17U7
570615053	Fetoxilate	XM15K3
2102281906	Antiflatulent	XM8A26
1417640373	Triple carbonate	XM38H3
151698481	Florantyrone	XM2Q01
860948551	Pancreatin	XM6HM1
311869175	Antidiarrhoeal drug absorbent	XM8A95
436944204	Cetraxate	XM7Y04
843484709	Carminative	XM5TC9
656377885	Dill	XM0365
1756426490	Betaine	XM0090
1014415223	Anise oil	XM2663
279959758	Rolaids	XM7Z18
1748894310	Difenoxin	XM8ET0
1736936180	Intestinal motility control drug	XM3ZU0
1214300202	Carbo medicinalis	XM3962
150520515	Bile salts	XM0TD5
1237056568	Ginger	XM1TN8
1282026330	Peppermint (oil)	XM1XP0
1648187286	Choleretic	XM6RN6
1539764519	Sodium polyhydroxyaluminium monocarbonate	XM7M59
1021870293	Papain digestant	XM72V4
1189579830	Tilactase	XM4U70
1674520934	Elastase	XM4RK4
106351667	Pancrelipase	XM9Z07
121277795	Hydrochloric acid medicinal (digestant)	XM15D5
1772582554	Phenylpropanol	XM7L34
2110814484	Papain	XM6DW4
2092709954	Glutamic acid	XM0994
1007515717	Gastric enzymes	XM5BH7
43031871	Kaolin light	XM2GB1
1735573338	Gentian	XM63F8
1920548028	Kaolin	XM7CN8
1570666082	Charcoal	XM0S42
489633381	Bismuth salts	XM5U61
932665675	Lactobacillus acidophilus	XM0EB5
1565707292	Lactobacillus bulgaricus	XM1TF2
1928842788	Saccharomyces boulardii	XM4X08
391358045	Cerium oxalate	XM4H25
849573557	Pectin	XM2HR7
2017715868	Mustard black	XM2WE8
133238147	Chlorobutanol	XM5SW7
768632721	Lactobacillus bifidus, lyophilized	XM0QG1
1835083672	Lignin hemicellulose	XM48X2
501451803	Lomotil	XM8683
651458877	Lactobacillus sporogenes	XM4KH7
660455677	Miyari bacteria	XM2UP7
97707192	Casopitant	XM2633
799420906	Rolapitant	XM41Y6
1606509301	Aprepitant	XM1DC1
1404996108	Copper sulfate medicinal emetic	XM9FG8
209509167	Copper emetic	XM3ME7
2082441930	Pipamazine	XM2170
349059506	Arachis oil cathartic	XM5FL6
1974843301	Metopimazine	XM46N1
748495942	Trimethobenzamide	XM8SN3
1847905731	Carmellose	XM3EV1
243861352	Atonia drug, intestinal	XM5993
1637696849	Cathartic bulk	XM99E9
1273597953	Ethylhydroxycellulose	XM2UB3
1632763695	Metamucil	XM2J55
886223648	Cathartic mucilage	XM2Y48
1259104401	Bran (wheat)	XM9281
566885832	Agar	XM8K92
775044532	Konsyl	XM5CR2
1911581847	Fiber, dietary	XM1RJ7
1688824495	Cellulose hydroxyethyl	XM22V5
456522178	Karaya (gum)	XM1J98
1408811028	Pyrathiazine	XM9FU8
242024440	Fecal softener	XM6CL0
553994170	Peach kernel oil (emulsion)	XM3CM0
2114694373	Bulk filler cathartic	XM21B3
733048582	Carbenoxolone	XM2H82
1421067211	Polycarbophil	XM9PF1
512697504	Soap enema	XM0ZU4
1829987274	Tartrate, laxative	XM3DH4
77673577	Poloxamer	XM95P7
139547839	Acetoxolone	XM1LT9
1635302849	Sulglicotide	XM2689
1686120513	Peanut oil	XM85Z3
41632675	Methiosulfonium chloride	XM1F15
1270928111	Olive oil (medicinal)	XM1VV2
1865632673	Proglumide	XM6WX3
113054383	Zolimidine	XM9SW3
1105905139	Sodium dioctyl sulfosuccinate	XM6J59
329669751	Bismuth subnitrate	XM84X1
1276243052	Lactobacillus acidophilus compound	XM1N12
1552543746	Cisapride	XM3346
663845507	Amylopectin	XM62S7
230107663	Enzyme intestinal	XM5H83
1409073902	Ox bile extract	XM2702
1469916050	Cytochrome C	XM5CH0
1460916494	Attapulgite	XM6V74
666384493	Cholagogues	XM5QD3
673772049	Bacillus subtilis	XM4SG9
233156563	Bismuth salts subcarbonate	XM98L3
698436561	Charcoal medicinal antidiarrhoeal	XM8D61
1741013526	Aluminium, aluminium tannate	XM6Q06
1671277754	Charcoal activated	XM46T5
581260669	Charcoal medicinal (activated)	XM2269
2077916043	Carboxymethyl-cellulose	XM0HS3
1095595395	Phosphate laxative	XM4PD5
453801490	Pirenzepine	XM6690
55288099	Bromopride	XM2Q19
12138044	Sucralfate	XM0044
114640397	Mosapride	XM6ZM7
1770212566	Itopride	XM2KJ6
940793075	Domperidone	XM3GF5
1488885336	Alizapride	XM6AH6
1061674184	Plastic intrauterine contraceptive device with copper	XM0B44
1140300164	Cinitapride	XM1W04
2065089013	Methylcellulose laxative	XM0X73
792033002	Psyllium hydrophilic mucilloid	XM4YU2
163972687	Clebopride	XM4GL7
1093218645	Plastic intrauterine contraceptive device	XM92Y5
556533080	Cellulose cathartic	XM3000
1025995533	Metoclopramide	XM3XX3
1126111670	Alginic acid	XM4H50
1837824266	Bismuth subcitrate	XM1BG6
2129548405	Dioctyl sulfosuccinate (calcium) (sodium)	XM6ZN5
194275960	Mucilage, plant	XM5VW0
2092333160	Cyclofenil	XM7P20
1719645218	Bazedoxifene	XM8818
153730811	Ospemifene	XM8HF1
1275814260	Lasofoxifene	XM4JW0
1245844258	Ormeloxifene	XM1ZT8
1046418548	Calcium dioctyl sulfosuccinate	XM0ML8
529035262	Ispagula husk	XM4A22
902462372	Plastic intrauterine contraceptive device with progestogen	XM7P32
110786125	Ammonium sulfonate resin	XM3KJ5
1013723759	Raloxifene	XM2CF9
166119373	Potassium bisulfate	XM06D3
2028852610	Cathartic saline	XM69K0
1544999897	Gefarnate	XM0HB8
198924856	Eluxadoline	XM8136
204518851	Troxipide	XM1Y11
605563562	Cathartic emollient	XM4DA2
1069442292	Vaginal ring with progestogen and estrogen	XM2AH3
1456180092	Clomiphene	XM74M2
1030273657	Epsom salt	XM40M7
217196977	Charcoal medicinal poison control	XM8NM7
420257785	Charcoal medicinal specified use other than for diarrhoea	XM4GA5
1738458278	Laxative saline	XM5NK8
1290066374	Intestinal motility control drug biological	XM7EV4
1013346891	Ion exchange resin anion	XM9S11
1879044575	Pancreatic digestive secretion stimulant	XM73P5
1019331131	Dimethyl polysiloxane	XM7ER1
910976343	Carrageenan	XM4663
46274787	Gastrointestinal drug biological	XM30A7
757420605	Olsalazine	XM0TN5
1729738070	Ion exchange resin intestinal	XM1AX0
1661178648	Gastrointestinal drug specified	XM0KJ8
1406500868	Histamine H2-receptor antagonists	
580362916	Delalutin	XM4DR7
46751984	Dimestrol	XM49U4
1659525339	Gonadal tissue extract female	XM7JV9
1187958492	Bacillus lactobacillus	XM4KK2
1985647906	Mesalazine	XM8UW6
873295980	Prostaglandins	XM4ML1
2033877949	Progestogens and estrogens, sequential preparations	XM0ZZ0
1914749293	Dimethisterone	XM5RK3
1213347829	Antineoplastic combination estrogen	XM0W29
1377110319	Conjugated estrogenic substances	XM76F9
1157497127	Progestogens	XM9HA7
1941382353	Progestogens and estrogens, fixed combinations	XM9N33
1481905213	Estrogen with progesterone	XM2GR3
108849333	Estropipate	XM6133
311233478	Mestranol	XM3AK8
1671701354	Liquorice extract	XM0UP4
556117140	Estrogens	XM70N0
434766081	Quinestradol	XM9HS1
1054023053	Progestogen	XM8FT3
2002017556	Laxative osmotic	XM4WX6
1772883607	Ovarian hormone	XM3MJ7
1543293635	Proton pump inhibitors	XM2WX5
564137129	Steroid antineoplastic, hormone estrogen	XM0SU9
1203961225	Hexestrol	XM8WE5
1856554046	Pregnandiol	XM1K26
1105739410	Ovarian stimulant	XM26R0
117048400	Hydroxyprogesterone caproate	XM5A00
917175215	Mestanolone	XM0E55
1655181371	Noretynodrel	XM1SH1
87712906	Sodium amylosulfate	XM7M46
460063761	Oxymetholone	XM7WQ1
1086262129	Sulfated amylopectin	XM7AL9
1675955680	Stanozolol	XM8VE0
771803755	Norethandrolone	XM5115
941368840	Estradiol benzoate	XM39W0
2016119548	Methyltestosterone	XM4TC8
933605014	Epiestriol	XM1P34
1471140943	Normethandrone	XM1B43
621073607	Oxandrolone	XM6327
778813541	Oxymesterone	XM1E21
1410762970	Oxendolone	XM8AV0
1902455610	Fluoxymesterone	XM29P0
783516148	Quinbolone	XM8788
1009212611	Methandrostenolone	XM24D1
1216050459	Hydroxyestrone	XM4NZ9
565789433	Mesterolone	XM3QK3
1683433232	Prasterone	XM5Q72
457524991	Androsterone	XM89R1
513053073	Dromostanolone	XM1RM3
1859813476	Testosterone	XM3HM6
1589651718	Androstalone	XM3478
1846950430	Calusterone	XM0T50
1527905896	Congener, anabolic	XM1SV6
288168195	Durabolin	XM81H5
776110731	Antineoplastic steroid	XM7LM1
1149704156	Androgen-estrogen mixture	XM5CT6
1366925716	Androgen	XM65R6
70670299	Anabolic steroid	XM3BT9
995740755	Macrolide anabolic drug	XM6R95
327235733	Glucurolactone	XM7L13
809345276	Sodium alginate	XM2K96
1745325494	Hepatic secretion stimulant	XM9Q94
712678950	Polysilane	XM0EK0
1246944800	Epitiostanol	XM76Q0
706407461	Gonadal tissue extract male	XM7X01
859399201	Metenolone	XM2GQ1
1687919986	Estradiol with testosterone	XM3UJ6
2137272061	Ethylestrenol	XM54A1
953195642	Anhydrohydroxy-progesterone	XM6CL2
1803920786	Methyl androstanolone	XM8HC6
858347945	Dimethyl sulfoxide	XM1JS5
1362880886	Methandriol	XM6966
1620637038	Quinestrol	XM3HH8
619079433	Steroid androgenic	XM3KV3
300000125	Steroid antineoplastic, hormone	XM1KA5
1709088462	Zeranol	XM50S2
1665318290	Nandrolone	XM8NZ0
365605286	Oxabolone cipionate	XM6RN8
13892905	Phenyl salicylate	XM1TG5
803371429	Testolactone	XM5T49
1613105998	Mepitiostane	XM21D8
814481531	Succinimide	XM6VX1
1494625565	Phenazopyridine	XM2VJ5
1136953616	Tiopronin	XM2D76
1788839478	Prunus africanae cortex	XM3WK8
231760532	Pentosan polysulfate sodium	XM8GM2
732616749	Acetohydroxamic acid	XM5549
1748704485	Strychnine medicinal	XM20G5
1307984167	Hydrastine	XM7E87
1180607451	Duchenne muscular dystrophy therapy	XM8NV1
495818902	Bruceine	XM0WW2
1372828706	Hydroquinine	XM6TG6
2074567028	Aceneuramic acid	XM0TQ8
1986479941	Viltolarsen	XM0U21
1009822240	Casimersen	XM4VE2
1835288985	Botulinum toxin derivatives	
607418053	Nedocromil	XM4TP3
565503807	Nusinersen	XM90G7
197145199	Fenspiride	XM42T9
302931102	Roflumilast	XM53U2
1875075214	Cromoglicic acid	XM3R34
947554768	Seratrodast	XM8DS8
1209916115	Eprozinol	XM40T5
2083581633	Ethebenecid	XM0M93
1822721045	Monoclonal antibodies used in airway diseases	XM4U85
410324246	Prostaglandin F2 alpha	XM5606
248402187	Amlexanox	XM82N7
1836607942	Aminophylline, theophylline and other xanthines	
1812149349	Antileukotrienes	XM0B09
1269171770	Tezepelumab	XM9Y50
1192481827	Neocinchophen	XM5VG7
443180825	Preparations increasing uric acid excretion	XM7F05
926283706	Muscle affecting agents oxytocic	XM8BU6
2103581405	Ergot derivative	XM0Q45
769016180	Cinchophen	XM3WA0
1378017395	Ergotocine	XM5NB5
1473858965	Oxipurinol	XM6FA5
1939712407	Urate oxidase	XM56G7
406093202	Uric acid metabolism drug	XM95S3
1483261424	Pegloticase	XM9TL4
1109916637	Phenoquin	XM3JP7
1453291085	Ergot prepared	XM77J5
2023339835	Spindle inactivator	XM9DH5
480481574	Hormone oxytocic	XM4534
146773152	Vetrabutine	XM6MR2
1710683254	Preparations inhibiting uric acid production	XM2ZB4
767380348	Atophan	XM2D08
1571885673	Uricosuric agent	XM6953
107692313	Tranilast	XM5Y33
490808040	Tocosamine	XM7F20
997074191	Bufrolin	XM2351
897325715	Second-generation antihistamine	XM3B95
710714941	Tritoqualine	XM0J21
366396709	Pyrrobutamine	XM57C9
681778702	Decamethonium bromide	XM7DG2
150854722	Hexafluorenium bromide	XM9QC2
818162925	Epinastine	XM5BJ5
388594964	Atracurium besilate	XM5GC4
893172077	Sequifenadine	XM40P7
117840946	Aclatonium napadisilate	XM3V06
419614044	Muscle relaxants, peripherally acting	XM8SY4
66700012	Hexanuorenium	XM9WH2
1787104046	Myoneural blocking agents	XM3SC6
1237656967	Methocarbamol skeletal muscle relaxant	XM3RJ7
1089164136	Dapoxetine	XM8BX6
1158924008	Fexapotide	XM2Y08
800938431	Sabalis serrulatae fructus	XM5B91
1564268689	Lututrin	XM7C89
1418121718	Muscle affecting agents relaxants skeletal	XM4W78
314237596	Laudexium	XM3676
1647855895	Hexcarbacholine bromide	XM82Z5
1900776502	Suxethonium chloride	XM7142
1577809562	Skeletal muscle relaxants	XM8QC2
260788917	Doxantrazole	XM9L77
854005938	Hartmann's solution	XM5Y58
1184700415	Ivacaftor and tezacaftor	XM2QZ5
1100848942	Woorali	XM9502
41108300	Antikaluretic	XM62S0
1109426625	Ivacaftor and lumacaftor	XM15G5
1689598590	Spasmolytic skeletal muscle	XM91M0
347038695	Solutions producing osmotic diuresis	XM0N15
1717538448	Dantrolene	XM5ZN8
1516942260	Ivacaftor	XM3CW0
189038805	Neuromuscular blocking drug	XM2UG5
633947887	Electrolyte solutions	XM9SL7
497541662	Levulose	XM9XU2
112529990	Sodium removing resins	XM4EK0
1819313937	Potassium-removing resin	XM03B7
951503006	Sucrose	XM9Y86
1500988261	Peritoneal dialysis solution	XM39C1
681584236	Invert sugar	XM0KH7
1456393207	Potassium-retaining drug	XM5KE7
323724302	Replacement solution	XM3UA2
232653854	Electrolytes	XM5S14
1206051703	Trometamol	XM9QW3
1765765085	Electrolyte balance drug	XM7UQ5
1713461055	Oral rehydration salts	XM39B5
314170110	Dextrose	XM7BR0
337055985	Ademethionine	XM7345
1000034337	Mercaptamine	XM85F8
1362481016	Glutamine	XM1P36
395179268	Caloric agent	XM51Y8
1432803803	Carbohydrates	XM4YU3
259350422	Protein hydrolysates	XM55C2
2131889291	Fat emulsions	XM9GM1
849157791	Carnitine	XM6JX1
1338976030	Bromhexine	XM8CT0
821298177	Ambroxol	XM6JV7
172640487	Ammonium chloride expectorant	XM4A47
1133835689	Cough mixture (syrup)	XM2NU9
2059985772	Calcium iodide	XM9FP2
1825836807	Creosote syrup	XM4C87
871605940	Glycyrrhizinate potassium	XM8EW0
2043625951	Guaimesal	XM48K1
857103908	Carbocisteine	XM3XU8
663005502	Iodide potassium (expectorant)	XM3E62
2107060081	Cough mixture expectorants	XM1MJ1
475440268	Creosote	XM81Q9
116679362	Glycyrrhizic acid	XM3CL2
373226360	Iodinated glycerol	XM60L0
1025929080	Glycyrrhiza extract	XM86G0
1840795223	Ipecacuanha	XM8BL3
52802992	Glyceryl guaiacolate	XM7QX2
744836864	Dornase	XM28N4
934004764	Deglycyrrhizinized extract of liquorice	XM68U4
1241295445	Guaiphenesin	XM8GY5
425888630	Domiodol	XM1KM0
300909937	Carglumic acid	XM0977
1620301862	Nitric oxide	XM4HQ2
1478604161	Dimethyltubocurarinium chloride	XM6XS1
1363143564	Deptropine	XM8ZS4
1739314841	Anesthesia muscle relaxation	XM9RW1
2086461009	Liquorice	XM9Q09
1230707237	Letosteine	XM2K57
968014758	Quillaja extract	XM8A78
1275346901	Respiratory drug expectorant	XM44A1
550568273	Pimethixene	XM70F3
1823459381	Carbolonium (bromide)	XM8PU1
1720619785	First-generation antihistamine	XM2JE5
653486448	Muscle relaxants, centrally acting	XM9YY8
2002865967	Flaxedil	XM8A87
1665451387	Sodium dibunate	XM06E7
1991930675	Sputum viscosity-lowering drug	XM2BM5
1402132065	Sulfogaiacol	XM1PU5
1718676101	Mucolytic drug	XM4DQ1
906703668	Organidin	XM4KG8
159469614	S-Carboxymethyl-cysteine	XM4Y94
292191053	Dornase alfa	XM61F4
1546514989	Antimony pentasulfide	XM1KG9
430846220	Terpin hydrate (cis)	XM0ES0
1220127211	Stepronin	XM7BF1
233864300	Guaiacol derivatives	XM0G60
578567358	Sobrerol	XM92P8
1181507625	Superinone	XM6JE5
1998227485	Eprazinone	XM71N5
478144102	Senega	XM1Y62
1189253815	Mecysteine	XM6MB5
1543642141	Hydriodic acid	XM31Y1
2020588273	Tenoglicin	XM1CP3
749335934	Tyloxapol	XM1F74
53918684	Althaeae radix	XM48C4
1934747847	Levoverbenone	XM5QU8
1495612823	Guaiacolsulfonate	XM8983
913520464	Hederae helicis folium	XM48W4
1558030359	Cineole	XM7Q79
1990819143	Neltenexine	XM66E3
629424343	Benzonatate	XM8G23
364358493	Butamirate	XM8WM3
277054627	Benproperine	XM6NJ7
296586515	Dropropizine	XM6995
2130413516	Bibenzonium bromide	XM1U36
437134287	Clobutinol	XM4D27
750451466	Erdosteine	XM7Y66
1255295502	Dimethoxanate	XM9KL2
977005453	Ethyl dibunate	XM61F3
1543135350	Levodropropizine	XM97D0
625539753	Oxeladin	XM2ET3
336620269	Chlophedianol	XM9DL9
1519788328	Zipeprol	XM9KN8
362736051	Prenoxdiazine	XM8JR1
714094609	Morclofone	XM2W89
91094999	Butetamate	XM06F9
789178299	Cloperastine	XM80M9
360386851	Fominoben	XM5BB1
635836105	Crotethamide with cropropamide	XM3465
15002945	Nepinalone	XM7UA5
1876619682	Central nervous system stimulants analeptics	XM7BN2
1966285592	Methorate	XM3WX2
536262223	Oxolamine	XM9FU3
438788385	Picoperine	XM7G25
1358855900	Isoaminile	XM8300
1057396835	Almitrine	XM0AP5
1139601875	Meprotixol	XM1G75
1056237201	Nikethamide	XM0001
1096328764	Pipazetate	XM84C4
582466652	Etamivan	XM6D72
546909639	Piperidione	XM0HR9
1432665414	Dimorpholamine	XM2ZT4
615766091	Leptazol	XM6YR1
609729683	Gefapixant	XM4SL3
720466491	Pentoxyverine	XM4331
801463749	Fedrilate	XM0SA9
2049198058	Central nervous system stimulants opiate antagonists	XM6938
1685675902	Amiphenazole	XM9QA2
880361981	Pimeclone	XM5VY2
441851161	Amisometradine	XM2E81
793893229	Aminometradine	XM5W29
562558901	Prethcamide	XM4901
114175580	Dibunate	XM6SJ0
776321045	Bicuculline	XM5T65
264479071	Benzothiadiazides	XM8TM1
2144083800	Lobeline	XM4CU0
1246154406	Anhydron	XM8U06
524839997	Mepixanox	XM1D17
827158019	Doxapram	XM3FP9
625059513	Bemegride	XM0WB3
2118493846	Pentetrazol	XM0Q86
440211223	Benzylhydrochlorothiazide	XM0JW3
1174357556	Chlorazanil	XM80T6
608095695	Carbonic acid gas anhydrase inhibitor	XM3ER5
1895334466	Chlormerodrin	XM6946
1617131824	Dimefline	XM0A24
709670013	Diurgin	XM04R3
1050413957	Diuretic benzothiadiazine	XM68T7
1972299102	Diuretic saluretic	XM43Q2
1965643056	Diuretic carbonic acid anhydrase inhibitors	XM8B36
95157923	Diuretic furfuryl	XM1N83
469165623	Diuretic thiazide	XM58W3
827529431	Flumethiazide	XM5L31
1709427866	Diuretic	XM4D06
1880980178	Diupres	XM4JM8
1621194918	Mercaptomerin	XM1SB8
1617974038	Diuretic sulfonamide	XM3558
1806001676	Meralluride	XM8HM6
1000142683	Sodium mersalate	XM7J43
1853141350	Purine diuretics	XM6BR0
1590966720	Diuretic mercurial	XM6VW0
1408951305	Loop [high-ceiling] diuretics	
1587716734	Merbaphen	XM5R34
1321002410	Low-ceiling diuretics	XM3K70
1441068082	Thiomercaptomerin	XM9VJ2
563708257	Mercumatilin	XM3PF7
21606835	Xanthine diuretics	XM93H5
468915173	Aldosterone antagonists and other potassium-sparing agents	XM3L93
1700452188	Ascorbic acid	XM7XY8
1255517688	Hydromox	XM8T28
345916693	Mercurophylline	XM3L13
874872777	Thiomerin	XM1177
347539451	Tripamide	XM3YV1
185102791	Carbonic-anhydrase inhibitors	
939242685	Thioctic acid	XM9CG5
2062194955	Eliglustat	XM0K95
1365864114	Chlorophyll	XM4BD4
784396256	Retinol	XM4BT6
1799397020	Regroton	XM7660
553197384	Glycerol phenylbutyrate	XM4F44
2066262495	Pangamic acid	XM2EM5
104869739	Octyl gallate	XM1SD9
1261402662	Vasopressin antagonists	XM7VU2
1665660316	Sodium metabisulfite	XM88X6
867708346	Miglustat	XM19C6
1420093711	Vitamin D	XM5G71
117285166	Sodium phenylbutyrate	XM5SC6
364680148	Migalastat	XM6QN8
561805809	Saluretic	XM9409
1101264644	Choline chloride	XM53N4
177064470	Sapropterin	XM6ZV0
1534293264	Osmotic diuretics	XM4B84
1352551515	Sodium benzoate	XM2QP5
755758891	Inositol	XM7291
1559111523	Nitisinone	XM1843
880988089	Salicylate theobromine calcium	XM01E9
561604466	Tocopherol	XM1PU6
2131427395	Adenine	XM9J35
1335843769	Betacarotene	XM7E89
1522375347	Flavine adenine dinucleotide	XM3CJ7
1820619680	Thioctamide	XM31S0
200618029	B complex vitamins and derivates	XM4H09
1151849542	Tiamizide	XM0YS2
1379136935	Chlorprothixene	XM2H35
367892317	Lonafarnib	XM4L78
1258632321	Clopenthixol	XM87S1
1862755116	Fosdenopterin	XM7ZH6
1956918130	Choline dihydrogen citrate	XM3KK0
336322526	Zuclopenthixol	XM3MW6
299501748	Loxapine	XM8FG8
1027619728	Flupentixol	XM4EY8
1756875366	Clozapine	XM8UG6
273382567	Asenapine	XM90C7
1552003179	Tiotixene	XM6B79
1928282997	Olanzapine	XM6GK7
746079020	Veralipride	XM9Q20
1190055972	Coal tar medicinal analgesics	XM60M2
1802140150	Quetiapine	XM4G70
1006904405	Isopropylaminophenazone	XM2FJ5
1727158922	Myochrysin (e)	XM8762
1612585365	Aminophenazone	XM7045
871279264	Levosulpiride	XM0624
689924749	Antipyrine	XM22E9
1333298480	Analgesic pyrazole	XM7840
568976184	Clotiapine	XM9DC4
432634263	Noramidopyrine	XM53Q3
1492222034	Nifenazone	XM4YB4
599494415	Suxibuzone	XM9CV5
419808233	Pyrazolone analgesic	XM5L33
1095650789	Other antiepileptics	XM9GA9
1941984960	Sulfamidopyrine	XM1SG0
1010996579	Triptans	XM6FB9
500391897	Propyphenazone	XM6GV7
1129378964	Acetic acid derivatives and related substances	XM74U4
1226117208	Pyrazole (derivatives)	XM5H28
1527345983	Succinimide derivatives	XM3C23
57393117	Dipyrone	XM4T98
520594761	Fatty acid derivatives	XM4521
1551936528	Ramifenazone	XM0K68
741033331	Feprazone	XM37T1
1288043787	Iprazochrome	XM2G27
1239200939	Glafenine	XM7AM9
1934879380	Benzydamine	XM73Q0
1497329651	Glucosamine	XM6SR1
204656990	Floctafenine	XM3WB0
200974729	Nimesulide	XM5C49
158744989	Clonazepam	XM2909
1985402803	Oxetorone	XM7N03
471379705	Azapropazone	XM6SW5
22592916	Oxazolidine derivatives	XM4DR6
53284587	Fenamates	XM9DC7
1263264144	Nabumetone	XM8WS4
621211868	Dimetotiazine	XM81Q8
453260921	Hydantoin derivatives	
1672438194	Niflumic acid	XM4KV5
1232790414	Propionic acid derivatives	XM2S54
363313437	Proquazone	XM8GX7
383155014	Pizotifen	XM4WH4
331887279	Orgotein	XM9Z19
658548743	Butylpyrazolidines	XM7W23
968681471	Glucosaminoglycan polysulfate	XM5Z51
1922533112	Chondroitin sulfate	XM9352
934631807	Avocado and soyabean oil, unsaponifiables	XM0H27
1491293094	Oxaceprol	XM4L54
679739579	Morniflumate	XM1019
1295230793	Analgesic antirheumatic	XM46B3
49337835	Tenidap	XM7Z95
1212867756	Ethoxazene	XM9C36
1084884914	Fenflumizol	XM85Z4
1239241728	Oxicams	XM0UL8
986380427	Carboxamide derivatives	XM70W8
1458236710	Diacerein	XM51H0
491290362	Antirheumatic	XM95N2
341400066	Mepazine	XM2VU6
268514478	Dioxopromethazine	XM7WF8
1291432252	Oxycinchophen	XM5L52
891916798	Ethyl aminophenothiazine	XM5EP8
1481604722	Propylaminopheno-thiazine	XM6GY2
532200508	Compazine	XM83L8
1327930653	Mellaril	XM2WD3
1495482144	Thiazinamium metilsulfate	XM6YW4
673721709	Tranquilizer dimethylamine	XM0EE9
686295806	Aurothioglycanide	XM8526
795782952	Isopromethazine	XM9C32
1817682801	Methoxypromazine	XM8ZW1
940002379	Phenothiazine (psychotropic)	XM52V9
637816046	Sodium aurothiosulfate	XM4DJ6
913651193	Tranquilizer piperidine	XM5KD3
224852107	Bucillamine	XM0VQ7
371980213	Tindal	XM87F3
1507553336	Coxibs	XM16D6
1379627359	Farnesil	XM4XH9
1439044535	Metofenazate	XM4TX5
1489834241	Antiphlogistic	XM8DE1
1424211820	Penicillamine	XM1QA0
132866023	Gold preparations	XM3LE3
288878795	Phenothiazines with piperidine structure	XM9HH5
1171653850	Antagonist Aldosterone	XM44R0
1671263176	Sparine	XM2XX6
2085212818	Tranquilizer phenothiazine	XM1QV8
596345777	Tranquilizer piperazine	XM7057
837368169	Desoxycorticosteroid	XM6PJ9
1117708319	Carphenazine	XM7KE0
1866934556	Desoxycortone	XM9HZ6
1603353088	Corticosteroid mineral	XM8CC8
1514204526	Fludrocortisone	XM6JQ6
1627300234	Mineralocorticosteroid	XM9X54
735787505	Lurasidone	XM9EW5
819004542	Oxypertine	XM84W2
320854091	Stelazine	XM5JH1
2034218382	Piperacetazine	XM0F82
1289587048	Sulforidazine	XM5Z28
214661407	Tranquilizer ethylamine	XM9B27
1214259032	Stemetil	XM9Q32
1248824392	Deoxycortone	XM9SX2
1962940354	Salt-retaining mineralocorticoid	XM4HZ4
1326912040	Phenothiazines with aliphatic side-chain	XM4SG0
1945131520	Tranquilizer propylamine	XM3Z20
2146995952	Sertindole	XM69Z2
465196967	Phenothiazines with piperazine structure	XM1YC7
2075667861	Molindone	XM61G1
1066844495	Chenodeoxycholic acid	XM7KX6
1362218370	Ziprasidone	XM8YM0
1029224135	Cholic acid	XM37T5
303582313	Diastase	XM1F53
935727008	Multienzymes	XM5888
730550921	Hydrochloric acid	XM6F61
938253945	Pepsin	XM3UE5
371943499	Obeticholic acid	XM51F9
1124764297	Betaine hydrochloride	XM7Y97
875776374	Alglucerase	XM96V4
1274807102	Imiglucerase	XM7EN2
715372389	Alglucosidase alfa	XM3EE9
1492842589	Ursodeoxycholic acid	XM8MG9
681967759	Citric acid	XM3RH9
1636357740	Agalsidase alfa	XM3EW0
1890595114	Sacrosidase	XM69V4
794501861	Velaglucerase alfa	XM8J61
1173732798	Idursulfase	XM3Z98
615123429	Agalsidase beta	XM1CJ9
2058302473	Glutamic acid hydrochloride	XM3UT3
1597796856	Elosulfase alfa	XM7QH6
1967695018	Asfotase alfa	XM5U98
1583433254	Atidarsagene autotemcel	XM56M4
370218312	Magnesium	XM5TD2
1441553684	Fluoride	XM1VS5
125756262	Calcium	XM8KC2
1177021223	Pegvaliase	XM8F43
1232167085	Lactated potassic saline	XM8UU5
1935828915	Idursulfase beta	XM98F5
1145734644	Sodium	XM1ZS4
1177060375	Zinc	XM1U95
1522852984	Laronidase	XM4PC4
1849577638	Potassium	XM8278
16177541	Avalglucosidase alfa	XM9F01
1499333003	Glycerol intravenous	XM02Y3
50672814	Vestronidase alfa	XM3FP4
1285601219	Dialysis solution (intraperitoneal)	XM1619
624968565	Pegunigalsidase alfa	XM30U5
1404611817	Acetic acid irrigating solution	XM6777
498544420	Polyaminostyrene resins	XM6P40
87029685	Taliglucerase alfa	XM8HN5
695329280	Cerliponase alfa	XM9L40
1494659811	Velmanase alfa	XM5U91
14115381	Galsulfase	XM11U1
1734204243	Glycine	XM7NQ3
1714526723	Mineral salt	XM5FN3
1543578747	Aminoacetic acid (derivatives)	XM7KG7
1612405018	Water balance drug	XM1DP8
1727575237	Selenium	XM47M7
1978003282	Travert	XM7JQ2
812284705	Sebelipase alfa	XM6UN5
1023940358	Glucose with sodium chloride	XM6598
863923278	Potassic saline injection (lactated)	XM3UT8
163586218	Ringer solution (lactate)	XM11X8
404795990	Electrolytic agent	XM6YF0
1289944867	Sodium free salt	XM6XG7
631125729	Water distilled	XM5N49
894742359	Water purified	XM9V59
153475130	Carbacrylamine (resin)	XM6DF0
1230077523	Cobalt medicinal (trace) (chloride)	XM8323
2139047596	Propacetamol	XM8QF6
1395455805	Acetanilide	XM45S5
66014909	Amphenicols	XM0MG9
1795533926	Dietary supplements rich in vitamins and antioxidants	XM3046
2130785624	Ready-to-use therapeutic food	XM40J4
1393967241	Copper medicinal (trace)	XM5DN1
1426822138	Bucetin	XM7HP8
139669538	Acetaminosalol	XM24R8
1825953775	Penicillins	
173693607	Acetaminophen	XM5DJ7
1379972717	Bromo-seltzer	XM4T97
465488545	Para-aminophenol derivatives	XM75Y5
130122647	Streptogramins	XM69N7
369906047	Sulfonamides and trimethoprim derivatives	XM8SY8
293779222	Macrolides	
715706942	Nitrofuran derivatives	XM2CE2
839418966	Phenacetin	XM43A6
1728037107	Cephalosporins and other beta-lactam antibiotics	
2038836452	Beta-lactamase inhibitors	XM9XT2
1645882916	Lincosamides	XM7E36
1956737599	Quinolones and derivatives	XM7YK9
1332969353	Glycopeptides	XM8S33
1075842300	Dopaminergic agents	XM5Y20
1639595239	Combinations of antibacterials	XM3GX9
2139155550	Antitoxin gas gangrene	XM81Z0
794592671	Antivenin, antivenom spider bite	XM6D91
1695246586	Gamulin	XM7MC6
901516085	Antivenin, antivenom (sera)	XM5TW5
1889457342	Gamimune	XM7VG2
1882809548	Antivenin, antivenom crotaline	XM2T48
1626602874	Antidiphtheria serum	XM9L34
718215697	Antiscorpion sera	XM9D37
1895161522	Glandular extract (medicinal)	XM1AG2
1696737812	AHLG	XM6MB2
983180054	Aminoglycosides	
1362360081	Tetracyclines	
1627340633	Polymyxins	XM3DZ3
896577867	Globulin antilymphocytic	XM8MQ7
891009861	Gamma globulin	XM6Z81
824762341	RhoGAM	XM67L1
184210003	Homo-tet	XM5443
2054715870	Horse anti-human lymphocytic serum	XM3KZ0
2058666912	Antitoxin	XM5CP2
554155715	Human immune serum	XM7BR5
2057142606	Serum antibotulinus	XM3HE6
169814723	Serum anticytotoxic	XM9V23
1522746114	Serum antitetanic	XM5F14
1076088234	Serum anti-Rh	XM77D4
1792666216	Black widow spider antivenin	XM4XP6
1710133354	Pegademase, bovine	XM5DZ4
1790107752	Globulin antivenin	XM3LT2
2135709216	Globulin antiviral	XM9XP6
632957181	Hypertussis	XM42S1
792170385	Globulin antirhesus	XM6UW5
1440578530	Serum antimeningococcus	XM7HP0
1963805490	Anti-human lymphocytic globulin	XM9CH0
437818906	Other antibacterials	
179870387	Serum convalescent	XM9QJ7
524692731	Serum antitoxic	XM8MX1
1971567022	Serum protective	XM0SJ2
1224917928	Immunoglobulins	XM1RS8
55914179	Immune sera	XM6VF9
1618808806	Spider antivenin	XM5CC6
1205580227	Vaccine antineoplastic	XM8Y67
576463426	Fiorinal	XM72N6
1814486355	Tetanus toxoid or vaccine immune globulin (human)	XM2GK5
698593962	Tetanus toxoid or vaccine antitoxin	XM2042
820254273	Salsalate	XM68K3
1875099636	Diflunisal	XM5UX6
1221805740	Aloxiprin	XM2JA1
284728557	Choline salicylate	XM0GX7
445694737	Salicylamide	XM4WV7
1734280826	Morpholine salicylate	XM49Y6
134810787	Benorilate	XM1UA7
1028423735	Ethenzamide	XM3ZP5
782101479	Imidazole salicylate	XM5UF9
372746086	Acetylsalicylic acid	XM4G06
1082344796	Calcium salicylate	XM8F16
1807692910	Carbasalate calcium	XM4TV1
476051610	Carbaspirin	XM0XT0
1434317588	Carbethyl salicylate	XM5X48
1432798351	Triazole and tetrazole derivatives	XM4GT1
1506115238	Metisazone	XM6SP8
538770050	Neuraminidase inhibitors	XM6DT0
467167091	Potassium salicylate	XM2CV1
1419372365	Nystatin	XM32L5
1512145686	Sodium thiosalicylate	XM8FA6
1821242072	Trifluridine	XM6WB2
1692191507	Flucytosine	XM3BU7
1874035303	Antivirals for treatment of hepatitis C infections, combinations	XM3SJ3
758085321	Inosine pranobex	XM8AQ1
1565009366	Enfuvirtide	XM1EQ6
233228731	Moroxydine	XM5GV1
148891299	Foscarnet sodium	XM9VL0
620861330	Cyclic amines	XM7QR0
1103880512	Guacetisal	XM1DD2
1053826342	Micafungin	XM1F82
1080475084	Sodium salicylate	XM6PW4
1935233922	Dideoxyinosine	XM7SG2
1722279370	Anti-infective antiviral	XM63K0
1690540907	Caspofungin	XM0K47
1847955770	Antifungal antibiotics	XM7S10
1814708902	Ibacitabine	XM1R42
2000482436	Pleconaril	XM23V6
41082267	Antivirals for treatment of human immunodeficiency virus infections, combinations	XM3U67
1239883622	Fosfonet sodium	XM6CJ2
1270860355	Lysozyme	XM60K5
2050820540	Magnesium salicylate	XM6M40
346343544	Anidulafungin	XM0HG4
889697370	Nucleoside and nucleotide reverse transcriptase inhibitors	XM3EZ0
1294717740	Dipyrocetyl	XM9TC0
85630941	Terbinafine	XM7HQ1
714169838	Antivirals for treatment of hepatitis C infections	XM9DH8
1257254203	Phosphonic acid derivatives	XM90G3
2056049505	Griseofulvin	XM8YE6
409664093	Raltegravir	XM82D3
1925473540	Maraviroc	XM3FG0
1066013494	Non-nucleoside reverse transcriptase inhibitors	XM5PT4
983006758	Nucleosides and nucleotides	XM56B8
1487974486	Maribavir	XM7HJ6
1677492802	Tilorone	XM1UC2
328978781	Enisamium iodide	XM8CN1
1282458256	Baloxavir marboxil	XM9A16
212502681	Ibalizumab	XM2KW1
375604445	Amenamevir	XM1QY5
971965453	Letermovir	XM01X3
200366896	Imidazole derivatives	XM2SD6
1711544258	Tecovirimat	XM7FP8
1008177549	Favipiravir	XM2L29
1233671952	Pentanedioic acid imidazolyl ethanamide	XM90X2
1844788418	Umifenovir	XM3S98
44250649	Elvitegravir	XM7WY9
1108611193	Cyclopyrabital	XM0M53
59464144	Darvon	XM3YJ4
1398222863	Clonixin	XM3J63
685237065	Dolutegravir	XM6K45
1408270463	Doloxene	XM2PY3
382885878	Cropropamide	XM1LX8
959780136	Fluradoline	XM5YR6
376827784	Diclonixin	XM7K04
423794058	Phenicarbazide	XM0D38
1719252629	Pyrabital	XM49C9
1228491835	Piroxicam beta-cyclodextrin complex	XM0X95
1575491087	Lenacapavir	XM85A9
857670198	Acetylphenylhydrazine	XM2XD8
745280274	Crotethamide	XM0LT4
750493429	Cobicistat	XM1KL9
1671979515	Nefopam	XM4WT5
2094756063	Jamaica dogwood (bark)	XM7983
1400795873	Piscidia (bark) (erythrina)	XM63V3
1351238255	Etomide	XM9455
213656514	Phenyramidol	XM2DH4
119182237	Clorgiline	XM9VZ7
503251894	Pyridium	XM3WM4
393389274	Zactane	XM0794
1448162632	Bacterial vaccines	XM3KV2
1487078798	Nialamide	XM0158
371356889	Pheniprazine	XM4A50
1294428301	Phenelzine	XM4S21
64420073	Alantolactone	XM2NT3
985416963	Methoxyflurane	XM3P63
753401613	Amiflamine	XM3533
859193564	Rimazolium metilsulfate	XM4PW4
472653966	Tanezumab	XM70Q6
1338138560	Ziconotide	XM5XN0
1448035230	Mebanazine	XM2K50
644503649	Iproclozide	XM2WY9
577797679	Monoamine oxidase inhibitor hydrazine	XM2GX9
673295873	Parnate	XM3KZ3
722270030	Methopholine	XM03M0
1347156717	Viral vaccines	XM61M7
1181039673	Lefetamine	XM6233
123819183	Tranylcypromine	XM1023
1290312533	Perisoxal	XM8QV3
1236778661	Emorfazone	XM7SA1
1509346064	Monoamine oxidase inhibitor	XM6944
2109157775	Tiaramide	XM3375
972281066	Bacterial and viral vaccines, combined	XM7C66
701747443	Isocarboxazid	XM4T23
325950485	Iproniazid	XM6DW5
477543028	Tinoridine	XM9YA8
957958469	Antidepressant monoamine oxidase inhibitor	XM8CW9
948372797	Anti-infective anthelmintic	XM95R7
398983059	Antifilarial drug	XM43K9
979212579	Rimazolium	XM6Z00
109371365	Antinematode drug	XM16G5
2011430690	Safrazine	XM96M0
1177919460	Antitapeworm drug	XM6500
1814708414	Amphotalide	XM1PP4
1287141520	Antihelmintics	XM4EC0
182485047	Flupirtine	XM5WQ7
762950517	Antihookworm drug	XM9637
1467400084	Ascaridole	XM7QL4
1021275027	Bitoscanate	XM5L27
1295089998	Antiplatyhelmintic drug	XM2078
670307353	Antiwhipworm drug	XM5273
1035152067	Antischistosomal drug	XM60W7
946011565	Chenopodium	XM4WY5
1983274654	Benzimidazole derivatives	XM3JR4
388105987	Bephenium	XM3667
201947273	Aspidium (oleoresin)	XM9GK4
1114501452	Ivermectin	XM05F2
1732596768	Anthiolimine	XM8LU8
224737753	Dichlorophen	XM0ZD3
1738583184	Bithionol anthelminthic	XM6FY4
2020871642	Levamisole	XM5W42
1837808530	Lucanthone	XM9Z70
227544687	Pinkroot	XM3T27
683191101	Santonin	XM9KL1
1770017530	Pyrvinium	XM5PX0
654386095	Pumpkin seed extract	XM7SZ5
958297051	Nitrothiazol	XM7NR1
2102455554	Viprynium	XM3AT4
1463089014	Male fern extract	XM4SZ4
41695679	Zimeldine	XM6WB9
854547137	Filix mas	XM2RX7
2027142572	Dithiazanine iodide	XM8C12
225834751	Stibophen	XM5VV1
1575737310	Pelletierine tannate	XM9FH0
1491073056	Oxamniquine	XM5JZ6
36275965	Praziquantel	XM8205
1650570440	Niridazole	XM2WY0
431326753	Niclosamide	XM2034
2075805962	Alaproclate	XM7ZN2
154089079	Metrifonate	XM9H59
1673376326	Indalpine	XM5R26
455439488	Triclabendazole	XM7VW8
499085129	Spigelia (root)	XM3FE9
850012837	Cianopramine	XM0HR7
1856047058	Escitalopram	XM7PX8
1986676452	Diclofensine	XM7U12
691081981	Urea stibamine	XM2621
1749850438	Moclobemide	XM14X9
1764758826	Mianserin	XM0T46
1835460136	Tetrahydropyrimidine derivatives	XM6U56
1675016266	Fluoxetine	XM7LE6
1140098988	Teroxalene	XM4GA8
1012310409	Bifemelane	XM03J9
1273145486	Paroxetine	XM3PJ6
760727839	Citalopram	XM6WT9
703225633	Antidepressant selective serotonin reuptake inhibitor	XM2NP3
499356389	Nomifensine	XM6X89
118722319	Desaspidin	XM0399
1680646334	Etoperidone	XM4MF4
1574265490	Femoxetine	XM24M0
952268121	Fluvoxamine	XM64L1
1899490918	Sertraline	XM5TZ9
1953726119	Moxidectin	XM7F99
2104383566	Bupropion	XM03E6
39156561	Other specified antidepressant	XM78C1
1715808198	Oxitriptan	XM6AP8
683955857	Minaprine	XM5QV7
1195970964	Tetrachloroethylene medicinal	XM7PN4
1209360790	Perchloroethylene medicinal	XM5ZH0
1756257098	Veroxil	XM5C18
1886266101	Toloxatone	XM1TG1
1387767772	Tetramisole	XM93X2
953516795	Wormseed, American	XM4555
662560259	Prazitone	XM4WM9
1741463044	Viloxazine	XM5L45
1363479058	Medifoxamine	XM80H8
190221407	Tryptophan	XM54Q7
2127121092	Reboxetine	XM70H2
618318991	Vilazodone	XM7T91
150052563	Mirtazapine	XM0B23
418888987	Trazodone	XM62E7
847472715	Thiazesim	XM0ST5
1643647750	Hyperici herba	XM4230
555899151	Nefazodone	XM85H1
1421713298	Gepirone	XM5KP8
246290911	Agomelatine	XM5F11
209760915	Tianeptine	XM5DV5
2066865988	Oxaflozane	XM4ML8
312009390	Vortioxetine	XM0EP0
342349211	Pivagabine	XM4ZF1
368656080	Orlistat	XM0NL0
1275512496	Serotonin	XM8FB6
1120624477	Benfluorex	XM9UB7
169063736	Antimony dimercaptosuccinate	XM4W96
535626624	Anti-infective antiprotozoal	XM4GE4
1409996809	Hydroxyquinoline derivatives	XM21E9
1516792967	Aminitrozole	XM0FS7
1066265474	Rimonabant	XM7GX4
931415874	Centrally acting antiobesity products	XM2AF4
1256242641	Misonidazole	XM1HA1
1076843101	Antitrichomonal drug	XM2HL1
1197495162	Eflornithine	XM9JL2
2139911083	Oxophenarsine	XM3E43
146003507	Metapramine	XM0227
252631080	Ornidazole	XM3WL0
1725269446	Dichloroacetamide derivatives	XM4RW6
264397402	Glaucarubin	XM1RE2
734645852	Antimalarials and drugs acting on other blood protozoa	
1254333257	Trimetrexate	XM6BF7
1337956385	Teclozan	XM05U5
1687047887	DHE	XM8DJ7
649139645	Acetarsol	XM3Y85
153370479	Nitroimidazole derivatives	XM7BM9
789729930	Tryparsamide	XM5R30
1788296563	Trichomonacides	XM6XS3
710155640	Amfetamine and amfetamine derivatives	XM2520
1885270327	Melarsonyl potassium	XM5NQ7
1965594153	Antiprotozoal drug	XM4393
1599882105	Bialamicol	XM83L5
20900212	Tinidazole	XM7Z72
903585488	Melarsoprol	XM4UC9
432530487	Antimony compounds	XM64G7
1784383245	Carbarsone	XM8E05
1258425887	Stilbamidine isetionate	XM0CL7
276678916	Stibogluconate	XM45H6
816708048	Antimony sodium dimercaptosuccinate	XM9GG8
337389696	Metronidazole	XM5YM6
1705002879	Hydroxystilbamidine	XM1LB9
860857333	Acterol	XM8MB3
218696531	Antidepressant triazolopyridine	XM8D31
51259507	Arsenic compounds	XM4787
1099934067	Pentamidine	XM0067
1094119987	Miltefosine	XM71Y7
1217160364	Antidepressant selective serotonin norepinephrine reuptake inhibitor	XM0PE4
484901901	Milnacipran	XM6J21
1194576605	Angiotensin-converting-enzyme inhibitors	XM72L5
1216765650	Other agents against amoebiasis and other protozoal diseases	
93069805	Duloxetine	XM10Q5
2050681946	Imidapril	XM4MG6
411779255	Suramin sodium	XM11F5
86741405	Desvenlafaxine	XM3KS5
1442218231	Atovaquone	XM9CB1
1175550674	Levomilnacipran	XM17Z4
686625919	Imipramine	XM6PZ9
920760657	Antidysrhythmic	XM0KK7
1273023505	Quinupramine	XM34S5
207617463	Cardiac depressants	XM9ZL3
1200774216	Venlafaxine	XM36V6
392461102	Somatostatin and analogues	XM9XC3
1172314796	Antiarrhythmics, class III	XM1AP6
1966629316	Dimetacrine	XM3MV6
807059019	Imipramine oxide	XM4SZ9
1024696887	Doxepin	XM1LC7
1637095745	Nortriptyline	XM79G5
318040297	Iprindole	XM24M7
1688221375	Trimipramine	XM9WZ5
1530627296	Clomipramine	XM76Z6
1551210942	Lofepramine	XM7T42
1104874060	Amitriptyline	XM7BL0
514800224	Protriptyline	XM2WA4
66420863	Oxaprotiline	XM5RG3
733556589	Desipramine	XM6FC9
1991576006	Quinaglute	XM1NG6
1218782790	Amineptine	XM1190
1954250320	Dosulepin	XM2T20
1109950762	Dibenzepin	XM6H22
857969509	Amoxapine	XM8TQ9
540784409	Antiarrhythmics, class Ic	XM0NC9
1384350514	Gonadotropin releasing hormones and analogues	
2571701	Antiarrhythmics, class Ia	XM2FU1
1015672493	Pilsicainide	XM0Y13
1791748620	Other antiarrhythmics, class I and III	XM5JW0
844900207	Cardiac rhythm regulator	XM88L7
2060306884	Antiarrhythmics, class Ib	XM7844
692011102	Non-selective calcium-channel blockers	XM2JS2
2085173699	Selective calcium-channel blockers	XM8BT9
1953148681	Noxiptiline	XM7GY1
1031508063	Moxonidine hydrochloride	XM0T83
109445838	Tiracizine	XM7MH8
1647577988	Maprotiline	XM41L8
2045344196	Cardiac rhythm regulator specified	XM2W76
1743117546	Butriptyline	XM8QA6
42611829	Prajmalium bitartrate	XM64X0
1731892176	Adrenochrome derivative	XM7NH6
1507635592	Ethoxazorutoside	XM8AB2
789932054	Opipramol	XM37K4
1035211335	Melitracen	XM1575
1011176659	Adrenochrome semicarbazone (mono)	XM20Z9
908921647	Pholedrine	XM6EY7
1940415702	Phenopyrazone	XM6102
933540591	Leucocianidol	XM63M1
2081549380	Metescufylline	XM4U20
161966135	Hesperidin	XM0WZ5
1667431776	Escin	XM1H36
1091421698	Felypressin	XM3MT8
235212439	Melanocyte-stimulating hormone	XM7399
1946813048	Enterogastrone	XM9EQ9
1103344434	Capillary stabilising agents	XM50P4
990038755	Leuprolide	XM3GP5
1593326557	Gonadotropin	XM10K7
2050634532	Placental hormone	XM0J12
1500320001	Camphora	XM5FW1
475651711	Flavodic acid	XM6BM1
209108825	Aurantiin	XM8ZY5
2096370900	Benzopyrone	XM6YS0
1296975518	Chlorisondamine chloride	XM53V8
1994478033	Fructose 1,6-diphosphate	XM2PV3
27806145	Agents used in antivaricose therapy	
1179277364	Calcium dobesilate	XM3LU4
11321815	Ranolazine	XM9DF5
847918171	Vardenafil	XM9AZ1
558232633	Pituitary extracts (posterior)	XM00P3
982217507	Gonadal tissue extract	XM6X07
850147437	Vasopressin and analogues	XM25M7
500819155	Brovincamine	XM3FH5
718804103	Ivabradine	XM09Q3
909843418	Creatinolfosfate	XM6619
1050266234	Bencyclane	XM3GB4
24132731	Thymus extract	XM7LM2
940882193	Cyclandelate	XM16K3
754112412	Ubidecarenone	XM4MP2
248100073	Vasopressor drugs	XM1Y33
219381093	Cinepazide	XM7LH3
1931068497	Crataegus glycosides	XM7F77
1181391282	Tadalafil	XM6G82
206995163	Sildenafil	XM65A3
582385499	Etofylline	XM9CH9
1933844266	Dihydroergokryptine	XM7K86
55068217	Trimetazidine	XM3PB7
204797881	Adenosine	XM62Q1
871718701	Ifenprodil	XM86J1
1134878021	Acadesine	XM2UJ1
1553302657	Fosfocreatine	XM8R77
44758519	Cetiedil	XM1UQ0
904482115	Tiazotic acid	XM2DH5
824197864	Aluminium nicotinate	XM7DC4
541761794	Posterior pituitary hormone	XM5714
122839159	Prostaglandin E1	XM67M9
385136785	Nylidrin	XM6B85
2022489082	Nicofuranose	XM5TA2
1836191154	Nicotinyl alcohol	XM0274
847046381	Dihydroergotoxine	XM3WW1
403190717	Hepronicate	XM8317
601505291	Buflomedil	XM3B71
1753913394	Hydromethylpyridine	XM2LT4
1667989004	Dihydroergocornine	XM9Q04
1784645109	Azapetine	XM1269
1206067312	Phenoxybenzamine	XM12T2
394068305	Moxisylyte	XM8YE5
1221876350	Kallidinogenase	XM8MZ0
844473347	Raubasine	XM1B47
1531078607	Visnadine	XM68C7
1038888081	Suloctidil	XM9761
2025565072	Avanafil	XM1WB2
661946899	Vasodilan	XM1UM9
1232380242	Thymoxamine	XM79S2
232829266	Ergot alkaloids	XM0XY6
1992067754	Minoxidil	XM46T4
767774135	Lipo-alprostadil	XM6F75
416869693	Oxytocin and analogues	XM1DB3
2004319114	Thurfyl nicotinate	XM4074
1473003862	Nicametate	XM2GA2
1653198274	Tetranicotinoyl fructose	XM07V4
477700093	Naftidrofuryl	XM3J93
1152767022	Imidazoline derivatives	XM0B82
1026800841	Vinburnine	XM3LG1
1882958234	Purine derivatives	XM5NF4
415533507	Kallikrein	XM5TC7
1941097884	Viquidil	XM51E4
1449096592	fasudil	XM4CT2
1533363119	Vincamine	XM3VH9
1776736608	Butalamine	XM6XW8
270045615	2-amino-1-phenylethanol derivatives	XM0BT5
1438985169	Pinacidil	XM9PA9
157389421	Yohimbine	XM5021
1216690362	Xanthinol nicotinate	XM0122
1880161092	Niacin	XM3PK2
1389330114	Udenafil	XM4914
350703473	Ganglion-blocking antiadrenergic agents	XM7NT3
191997637	Peripherally acting antiadrenergic agents	XM8SX7
1615220064	Centrally acting antiadrenergic agents	XM4X84
523597510	Antagonist serotonin	XM3WP0
110105147	Alkavervir	XM4NN7
326018163	Alseroxylon	XM28Y3
91375648	Benazepril hydrochloride	XM4FW8
1490561519	Agents affecting arteriolar smooth muscle	XM1AF9
1089939431	Budralazine	XM5E71
1521490237	Amiquinsin	XM6T97
975033238	Guanacline	XM5ET8
438836182	Harmonyl	XM1LN2
1441556799	Dihydrazine	XM24X9
1867654617	DHE 45	XM1TT7
1791081047	Guanoctine	XM7TE8
69077326	Guanadrel	XM5JL6
515690244	Cryptenamine (tannates)	XM9W04
277675608	Apresoline	XM0CY8
707965616	Antihypertensive drug	XM2PT6
504083016	Todralazine	XM5T36
449700678	Metirosine	XM1F18
883101786	Sodium nitroprusside	XM2W66
254531675	Syrosingopine	XM8AK5
298450408	Moderil	XM7HA8
546723634	Hypotensive drug	XM4EP4
1623388069	Protoveratrine (s) (A) (B)	XM1GS9
1067912952	Saralasin	XM00F2
1519999955	Methyldopate	XM7W35
975969327	Serpasil	XM6E07
1057013382	Rautina	XM74W2
1710669915	Pargyline	XM1U35
721291470	Rautotal	XM5FH0
1870358327	Rauwoldin	XM5PW7
1002252474	Raudixin	XM01D4
200606720	Teprotide	XM3HS0
253368292	Guanabenz	XM7NV2
1412912419	Veratrine	XM48R9
932717504	Benzyl nicotinate	XM4WS4
941730606	b-sitosterol (s)	XM4KW6
1769241389	Detaxtran	XM8K49
769596774	Binifibrate	XM43X4
1658312177	Clinofibrate	XM2LR7
676102890	Clofibric acid	XM6DX0
124271762	Nicotinic acid and derivatives	XM0563
577148408	Benzalbutyramide	XM6BA8
994002889	Guar gum (medicinal)	XM6DW9
1039170628	Antiarteriosclerotic drug	XM3N68
25234223	Ion exchange resin cholestyramine	XM2WA3
1959950286	Linolenic acid	XM5VN6
1141138646	Halofenate	XM4E46
320811804	Bile acid sequestrants	XM1W44
1315715882	Pirozadil	XM68L2
557462003	Sunflower seed oil	XM3C43
885295035	Soysterol	XM2LX5
1886380530	Polidexide sulfate	XM1Q10
102920694	Cholesterol-lowering agents	XM35X4
1301753695	Cholestyramine (resin)	XM8FB5
313558764	Antilipemic drug	XM4FN5
1237047398	Magnesium pyridoxal 5-phosphate glutamate	XM10P8
523889451	Triparanol	XM95B1
179553526	Tiadenol	XM2AL6
369955028	Antihyperlipidemic drug	XM3108
1640577302	Ethylparachlorophen-oxyisobutyrate	XM8FC2
2070675296	Oleic acid	XM45F6
1674513716	Meglutol	XM44B6
2097042674	Alipogene tiparvovec	XM52K4
1279479270	Alirocumab	XM1LB0
122564772	b-benzalbutyramide	XM2GM2
1210630032	HMG CoA reductase inhibitors	XM5SK2
1299371983	Anticholesterolemic drug	XM2EA3
447378597	Mesoglycan	XM0KD7
290165401	Etiroxate	XM0TN1
1979481726	Sitosterols	XM5F26
1699118654	Evinacumab	XM2KT4
1009000185	Lomitapide	XM3RL5
1467458037	Cyamopsis tetragono-loba	XM2R17
343915879	Linoleic acid	XM0H99
10343307	Volanesorsen	XM4RG7
1912211681	Amikhelline	XM6801
1949032335	Dilazep	XM1E15
260319298	Trinitrine	XM8YZ8
185662608	Cromonar	XM0SG8
1262765063	Bendazol	XM5QW3
374393769	Mipomersen	XM7049
1595033866	Dimoxyline	XM8Q26
614251586	Oxyfedrine	XM5YA6
798024327	Carbocromen	XM38C7
558721840	Sweet niter spirit	XM2BJ0
1374061133	Fenalcomine	XM3E93
942843226	Cinepazet	XM0UA6
724399289	Hexadiline	XM4A49
531319144	Octyl nitrite	XM1VC4
729350104	Omega-3-triglycerides	XM2KC4
1142436869	Fluorosol	XM6QE9
903846966	Piridoxilate	XM7FE6
1154780795	Nitrous ether spirit	XM4J35
772873006	Nicorandil	XM7HW6
984264410	Etafenone	XM3ZB0
1802603589	Prenylamine	XM4K89
828508682	Organonitrate	XM0A82
2048650973	Heptaminol	XM8Y13
1399363896	Organic nitrates	XM2856
243491616	Khelloside	XM39T6
454483800	Molsidomine	XM5720
1093409787	Efloxate	XM5M47
1646338837	Imolamine	XM6V17
1589310031	Benziodarone	XM3K91
998549354	Khellin	XM9PV4
876425208	Isoamyl nitrite	XM5B68
1268890775	Hexobendine	XM5MP5
688538140	Nesiritide	XM2460
1466216321	Linsidomine	XM5AY1
1318425449	Diisopropylamine	XM0MW9
1856002859	Pentrinat	XM3VX9
20638606	Itramin tosilate	XM5BS6
1361721395	Nitrite, amyl (medicinal) (vapor)	XM5YX5
1041709286	Coronary vasodilator	XM38U6
306606088	Cloridarol	XM30L8
1258687719	Mannitol hexanitrate	XM30P9
58627918	Serelaxin	XM1M18
1522485148	Regadenoson	XM2VG8
1892389578	Meldonium	XM1HP8
456589985	Trilostane	XM7DQ5
1157483669	Veratrum	XM8BQ9
1403510800	Ketanserin	XM0YY0
1777715051	Fibrates	XM1KP1
2087021396	Osilodrostat	XM8676
552373371	Carbimazole	XM35K1
367740943	Benzylthiouracil	XM1H03
2073250664	Diiodotyrosine	XM6Y24
185379907	Etofylline clofibrate	XM6B07
970754937	Ezetimibe	XM5BK7
883920309	Unsaturated fatty acid	XM3PL9
774113553	Probucol	XM4UK3
1679355516	Safflower oil	XM2YX6
1327314644	Potassium perchlorate medicinal	XM9LL4
329801257	Policosanol	XM9HP8
560772823	Proloid	XM9RU3
1025087567	Propylthiouracil	XM5DE7
849350877	Methimazole	XM38T7
1616759932	Iodine 131 therapeutic	XM8492
2071933084	Dextrothyroxine	XM2YU4
634954629	Iodine for thyroid conditions (antithyroid)	XM6VL9
1254941118	Thiouracil (benzyl) (methyl) (propyl)	XM8X98
1276283396	Methylthiouracil	XM54P6
1714919604	Evolocumab	XM9F64
826529777	Hormone thyroid	XM93X7
881983647	Sodium L-triiodothyronine	XM65J7
201169687	Dextrothyroxine sodium	XM27J7
1226893248	Dibromotyrosine	XM2MJ8
1852079684	Tiratricol	XM4H64
723363707	Pergonal	XM4QA7
830993050	Triethanolamine trinitrate (biphosphate)	XM5770
1533262390	Titroid	XM5590
75511532	Trapidil	XM24R2
86528725	Thyroxine	XM5685
1595541857	Pentaerythritol	XM2N57
670635749	Thiourea	XM3G29
1978793960	Adrenocorticotrophic hormone	XM5Y80
616391097	Levoid	XM10Z7
805702451	Perhexiline	XM7F31
1213593157	Flosequinan	XM23M8
1898142711	Quinagolide	XM96P1
942520241	Levothyroxine sodium	XM2WC1
295955357	Human growth hormone (HGH)	XM1NX7
1855506562	Pituitary extracts anterior	XM0Y82
1120627568	Somatropin and somatropin agonists	XM03E8
201472073	Thyroid gland preparations	XM8CX3
1530444934	Cosyntropin	XM1EM4
79469930	Follitropin alfa	XM4K30
1335360611	Corifollitropin alfa	XM5M71
505045775	Menotropins	XM92R5
1588534055	Follitropin beta	XM6EZ5
784877628	Serum gonadotrophin	XM5ZL8
768803321	Levothyroxine	XM5G81
177756459	Potassium perchlorate antithyroid	XM6V39
2050207816	Somatotropin	XM3LZ6
1067425119	Iothiouracil	XM7TM9
1849653492	Follicle-stimulating hormone, human	XM4MB2
1800425918	Thyroglobulin	XM66B8
1963284301	Chorionic gonadotrophin	XM49L1
1837611376	Liothyronine	XM2XB6
1147590499	Human menopausal gonadotrophin	XM2J59
1960562295	Lutropin alfa	XM8TP5
1438020598	Detrothyronine	XM68B8
724622780	Terguride	XM3MG0
2045972468	Metergoline	XM7828
1135131524	Cabergoline	XM4S44
285498349	Anterior pituitary hormone	XM7309
838406654	Choriogonadotropin alfa	XM6HX4
1743775380	Euthroid	XM5M40
364498387	FSH	XM1027
614739945	Luteinizing hormone	XM86N5
179379141	Prolactin	XM77Q1
1068949425	Seractide	XM9NW5
2143463076	Liotrix	XM0P56
645328153	Liothyronine sodium	XM47Z3
1864957584	Urofollitropin	XM8HC4
1970257994	Antiandrogen	XM7JF4
979831007	Danazol	XM0FW7
260387899	Thyrotrophin	XM4WS0
1709386035	Follitropin delta	XM0RZ5
75573911	Thyrotropic hormone	XM7J71
1163668418	Cyproterone	XM3C58
224956671	Aromatase inhibitors	XM9X91
1885073332	Antigonadotrophin	XM8MB2
1891505956	Tetracosactrin	XM52T6
273680488	Oxycodone	XM4SL9
264731867	Taleranol	XM0P47
1630539813	Diamorphine	XM05B3
1960919828	Opioid receptor antagonists	
851045332	Nalfurafine	XM9UH3
1005672857	Relugolix	XM5XB7
8320073	Nafoxidine	XM9QT3
10129874	Morphine, morphine derivatives and metabolites	XM69R4
1550103509	Methadone, methadone derivatives and other drugs used to treat opioid addictive disorders	XM1ZY9
93777015	Thyrotropin alfa	XM26R5
1666428199	Nalmefene	XM4PD9
1879124483	Mepartricin	XM40Q3
1620145666	Antiestrogen	XM10A6
419245241	Gonadotrophin-releasing hormone antagonists	XM6W81
850829277	Abiraterone	XM1517
1633360427	Codeine, codeine derivatives and other opioids used in cough suppression	XM4587
1078019794	Cloprednol	XM4AF4
492740878	Opioid anaesthetics	XM4MV8
169293502	Other opioid analgesics, natural, synthetic and semi-synthetic	XM4S22
1967555236	Compound E (cortisone)	XM3R56
1103691536	Adrenal (extract, cortex or medulla) (glucocorticoids) (hormones) (mineralocorticoids)	XM51K6
1361937054	Difelikefalin	XM4M74
394835343	Cortisone	XM5AE3
482803112	Glucocorticoids	XM4Z52
1576928353	Fluprednisolone	XM2GK4
957063268	Hormone adrenal cortical steroids	XM0XY8
1164231230	Hydrocortisone	XM21H0
1444003334	Rimexolone	XM3SM4
1064986063	Corticosteroid	XM6TY3
19717929	Fluticasone	XM5PW9
1663536390	Triamcinolone	XM4J30
1805323810	Flunisolide	XM9VX0
645443904	Fluorinated corticosteroids	XM48E4
927861341	Ciclesonide	XM4TY1
2063534646	Cortate	XM6FJ6
490397453	Fluticasone furoate	XM1XF3
1187969783	Cardiac glycosides	XM5JS3
811883821	Cortone	XM25L1
1444930141	Prednylidene	XM3YJ1
584749239	Budesonide	XM3UP9
1598617320	Mometasone	XM8PN0
1768978901	Meprednisone	XM5V41
652948897	Methylprednisolone	XM3FX7
2089734045	Kenacort	XM2UL5
691366480	Betamethasone	XM6SU0
90413401	Cortivazol	XM17S1
1014356255	Dexamethasone	XM72R5
415386253	Beclometasone	XM3293
1935178708	Testosterone-5-alpha reductase inhibitors	XM3028
1072738174	Gestrinone	XM7E94
1341705796	Compound F (hydrocortisone)	XM4HH6
1346225156	Fluocortolone	XM5FR6
765024126	Steroid	XM8JY6
241666037	Deflazacort	XM5CF7
1933002511	Paramethasone	XM4RH1
112394384	Phosphodiesterase inhibitors	XM2PQ4
353284255	Clocortolone	XM0XB5
1120355264	Prednisolone	XM6JJ4
1035351644	Prednisone	XM39W4
62254212	Percorten	XM5AM2
969819660	Opium	XM4ES0
950683441	Cardiotonic (glycoside)	XM91S1
2100242634	Cerberin	XM1W74
1670206891	Predominantly alpha-adrenoreceptor and dopamine receptor agonists	XM1K71
1184107373	Predominantly beta-adrenoreceptor agonists	
60666391	Alpha acetyldigoxin	XM7YK1
760541561	b-acetyldigoxin	XM0SY1
1734874644	Ch'an su	XM5NG4
1741661794	Digitalis lanata	XM2SP4
585988587	Convallaria glycosides	XM11U7
924045219	Crataegus extract	XM4Q19
946273615	Lanatosides	XM7KP5
719121745	Digitalin (e)	XM7RY5
1388864024	Digitalis purpurea	XM3Y64
1188325266	Oleandrin	XM6AA6
1120869671	Angiotensin II	XM11H1
1918507558	Digitoxose	XM0V98
588174944	Glimidine	XM06A4
916154904	Glisolamide	XM2584
1436544614	Gitaloxin	XM8K74
98842583	Gitalin	XM0DG3
132947543	Ouabain (e)	XM0N63
472057144	Biguanides	XM5DC4
139794117	Meproscillarin	XM2X57
675036629	Xamoterol	XM45U9
1197261355	Antidiabetic biguanide and sulfonyl combined	XM9AX5
1822535355	Antidiabetic	XM8S35
1771405637	Antidiabetic combined	XM5SK7
850680945	Sodium iodide	XM8AS5
971921652	Biguanide derivatives, oral	XM6932
642905006	Hormone antidiabetic agents	XM4M26
491673629	Strophanthin	XM2AW9
1555761119	Insulin injection, soluble	XM1DZ9
397011206	Protamine sulfate zinc insulin	XM3J06
2087401229	Sulfonylureas	XM11C9
105740548	Isophane insulin	XM73L8
688751532	Insulin slow acting	XM0KT2
1229304215	Biphasic insulin injection	XM16M5
1008127348	Glymidine sodium	XM88E8
699020254	NPH iletin (insulin)	XM8VX4
860536182	Insulin zinc suspension (amorphous) (crystalline)	XM0US2
1012172182	Neutral insulin injection	XM8502
1986552575	Sulfonylurea derivatives, oral	XM73P6
1653651391	Other blood glucose lowering drugs	XM9EK1
1317664663	Thiazolidinediones	XM4UA3
1210708167	Insulin (amorphous) (globin) (isophane) (Lente) (NPH) (Semilente) (Ultralente)	XM2JC7
2039718541	Glycyclamide	XM6861
1982474783	Insular tissue extract	XM4C63
504878774	Glucagon-like peptide-1 analogues	XM4MK4
1674878039	Iletin	XM5MV9
213966448	Insulin intermediate acting	XM9728
1819088069	Glyclopyramide	XM0K09
854284835	Pengitoxin	XM02F5
1890874196	Angiotensinamide	XM0EP6
2003790115	Levosimendan	XM88B5
1392676685	Insulin defalan	XM3RW5
1235241223	Globin zinc insulin	XM4SE3
532098458	Insulins and analogues	XM99F8
1553163165	Insulin lispro	XM6NY5
470435802	Insulin protamine zinc	XM54Q2
2043800173	Lente iletin (insulin)	XM9AZ3
1687562441	Alpha glucosidase inhibitors	XM2WY1
1190934789	Insulin human	XM21C9
878904296	Dipeptidyl peptidase 4 inhibitors	XM9SM6
188528881	PZI	XM8QQ1
1539675983	Sulfonamides (heterocyclic)	
583285509	Squill	XM77L9
1530202431	Meglitinide	XM0FD1
2005662055	Sodium-glucose co-transporter 2 inhibitors	XM0615
2038089192	Teriparatide	XM59Z3
754200704	Insulin (beef)	XM29C4
1994897101	Insulin (pork)	XM8YE2
1532464807	Tolrestat	XM65E7
802022425	Imeglimin	XM93G5
1730040496	Parathyroid gland extract	XM7GD6
1500247581	Insulin detemir	XM96W1
1931420493	Insulin glulisine	XM7WH3
1378931764	Parathyroid hormone	XM4RN4
58224722	Insulin degludec	XM6R62
431078420	Insulin aspart	XM0HQ0
902035656	Calcitonin preparations	XM0S16
515740669	Doxercalciferol	XM48A9
1704761004	Etelcalcetide	XM0NY4
1293608359	Nabilone	XM3UF9
1869188632	Tetrahydrocannabinol	XM4HM2
338703505	Paricalcitol	XM9LS5
277717679	Cinacalcet	XM40P9
1384909843	Dronabinol	XM1W83
2099842605	Magic mushroom	XM79N5
585850638	Hawaiian Woodrose seeds	XM9438
1619853955	Salvinorin A	XM5SB5
1414658795	Cannabidiol	XM5B55
924182854	Dimethyl tryptamine	XM6LV4
218895824	Phencyclidine	XM5M84
1650073353	Bufotenine	XM9WX3
1922074303	Diethyltryptamine (DET)	XM9DQ3
1101057402	Psilocybin	XM7642
485000662	Heavenly Blue (morning glory)	XM52J2
1494364133	Methylenedioxymethamphetamine	
1273909681	N,N-Dimethyltryptamine	XM9T61
940298662	Peyote	XM0QA2
1746600475	Yohimbic acid	XM0075
1916221135	Morning glory seeds	XM32H5
554797182	Chymopapain	XM2UE2
1506433631	Pearly Gates (morning glory seeds)	XM4B51
1211026009	Mescal buttons	XM0169
216179727	Collagenase clostridium histolyticum	XM0NQ8
836440524	Bromelains	XM6F64
1539387543	Muscimol	XM50E4
518254368	Ibotenic acid	XM1PJ8
1434448731	Aeruginascin	XM78V1
1982664833	Mescaline	XM0T53
2007279937	Lysergic acid diethylamide	
1562166895	Psilocin	XM5JH5
1152524723	Lysergic acid amide	XM9CL3
573039984	Central nervous system depressants hallucinogenics	XM0XQ5
761748063	Pamidronic acid	XM55G3
728130131	Clodronic acid	XM7171
48962191	Dibotermin alfa	XM5GF1
2004147218	Alendronic acid	XM94M8
1921796498	Risedronic acid	XM5CM8
1464037583	Etidronic acid	XM6UW3
1269975501	Sultopride	XM9G21
1085691745	Sulpiride	XM7Z05
1492688068	Zoledronic acid	XM5908
303304444	Megahallucinogen	XM7DW4
527697474	Tiapride	XM8KD4
1654039927	Psychodysleptic drug	XM31A7
1271500543	Amisulpride	XM1DG3
404936395	Ibandronic acid	XM93D5
1560283460	Tiludronic acid	XM2M01
1352218183	Remoxipride	XM3WA3
659793523	Antimycobacterial drug combination	XM5K63
2035819117	Hallucinogen	XM8X97
369888425	Glyconiazide	XM7945
602812493	Antituberculars	XM6DX3
681562079	Eptotermin alfa	XM8NB9
1984183954	Calcium benzamidosalicylate	XM2754
1892703871	Drugs for treatment of lepra	XM8Q31
212781795	Aminosalylum	XM6QT5
2083283310	Anti-infective antimycobacterial	XM4TV0
868307307	Bromosalicylhydroxamic acid	XM3307
2128637741	Aminosalicylic acid and derivatives	XM8781
971720311	Morinamide	XM8UX1
487068165	Methaniazide	XM3XE5
746519089	Salinazid	XM7SC9
2027143088	Promacetin	XM8DJ8
265249472	Isoniazid	XM5FH2
1395577632	Pentylsalicylamide	XM4Q32
1673169114	Chaulmosulfone	XM7TM4
1939204604	Benzoylpas calcium	XM18Y4
1463088494	Glucosulfone sodium	XM4RF4
2093586942	Ethyl chaulmoograte	XM64N2
512508616	Ethambutol	XM4N96
2052978963	Thiocarbamide derivatives	XM3BE3
420483158	Psychotomimetic agents	XM3Z58
206254707	Fenamisal	XM23G7
598505645	Potassium aminosalicylate	XM3UQ6
216826371	Morphazinamide	XM6LM1
1812136008	Cyanacetyl hydrazide	XM95S8
1778095560	Rimifon	XM4GU0
854546651	Pasiniazid	XM2QH1
824787192	Promin	XM8CP2
1440539891	Pyrazinamide	XM4611
1720624932	Isonicotinic acid hydrazide	XM2ZK2
728661550	Acetosulfone sodium	XM3070
1101785979	Solasulfone	XM06Z9
1133461658	Thioacetazone	XM0AR8
274750166	Antimycobacterial antibiotic	XM7AQ6
1825552950	Terizidone	XM9TD0
1957261186	Rifamide	XM38J6
1263524795	Delamanid	XM1FD5
2103012470	Ornithine	XM1GT0
101330785	Thioacetazone with isoniazid	XM5MQ5
1043822612	Tiocarlide	XM62H2
1012907291	Nicotinyl methylamide	XM1R31
291266040	Bedaquiline	XM60U0
1578916958	Arginine glutamate	XM4HD8
1292127765	Silymarin	XM5RS5
1617360973	Citiolone	XM0413
1242705181	Tidiacic arginine	XM0F81
747205760	Anethole trithione	XM7600
268544848	Hymecromone	XM0HT0
335668644	Aldesulfone sodium	XM72Q4
1450309330	Thiambutosine	XM99P0
73715741	Epomediol	XM6T01
980778498	Cyclobutyrol	XM2EM9
474812859	Sulfonazide	XM3SD9
1506311748	Sulfones	XM3SN8
733064431	Maralixibat chloride	XM3VV1
2079216392	Odevixibat	XM30B2
280381922	Amperozide	XM4GQ2
835093022	Benzperidol	XM9VY2
2112977815	Amphenidone	XM3JM5
1983281368	Orazamide	XM44G8
1526929225	Antipsychotic drug specified	XM7AA5
1446657864	Tidiacic	XM3E24
264151028	Tranquilizer carbamate	XM0ES8
2062410519	Phenaglycodol	XM9799
830786304	Nemonapride	XM7B44
1164410895	Setoperone	XM7KX5
908596654	Sodium dehydrocholate	XM8B34
34162021	Monooctanoin	XM56J1
1780972193	Prothipendyl	XM3BH3
729922756	Azacyclonol	XM23M7
260509736	Oxanamide	XM5F36
75697802	Mosapramine	XM88L2
1252380591	Mebutamate	XM7EB1
1541861337	Hydroxyphenamate	XM9097
827899324	Raclopride	XM7L04
2116792859	Enpiprazole	XM3KB9
1166178463	Tranquilizer thioxanthene	XM0GN3
464742	Tybamate	XM06W2
440412604	Tranquilizer hydroxyzine	XM7Z64
1778989062	Cariprazine	XM1SS2
1878109574	Aripiprazole	XM67P4
904014795	Risperidone	XM1Z15
10987359	Iloperidone	XM0FR9
573778612	Trifluperidol	XM4U52
1081994584	Brexpiprazole	XM8504
2038260370	Piprozolin	XM03F0
2127448715	Lithium salts (carbonate)	XM5C35
351151950	Droperidol	XM6FV0
20567020	Haloperidol	XM9580
1166375128	Paliperidone	XM7H28
87242904	Spirilene	XM6YS4
2114121973	Butyrophenone(-based tranquilizers)	XM2HT3
134117240	Spiperone	XM1UG0
341890514	Pipamperone	XM5AB4
1801189069	Melperone	XM26W9
889246484	Zotepine	XM4EU4
140681432	Lumateperone	XM9NX2
1686729809	Lithium gluconate	XM0W09
560402856	Timiperone	XM7RP6
1886481940	Melatonin receptor agonists	XM0GA0
1311841151	Benperidol	XM12B1
1606764101	Tranquilizer specified	XM3ES1
357489762	Bromperidol	XM4QG3
1692565087	Tranquilizer butyrophenone	XM5NL7
876484510	Fluanisone	XM0FM0
1340745571	Pimozide	XM1FB1
415207821	Mephebarbital	XM7MG1
1583100601	Lenperone	XM6E81
862242056	Cannabinol	XM8E16
1342638565	Benzperidine	XM56Y5
512204773	Diphenylmethane derivatives	XM8CM3
910435646	Moperone	XM7DW6
2067216480	Barbiturates and derivatives	XM4YG0
1908055860	Piperidinedione derivatives	XM6R00
443443995	Pimavanserin	XM0715
622320307	Aldehydes and derivatives	XM3XU7
712171085	Bromine compounds	
1003821776	Penfluridol	XM5SZ6
1415215560	Central nervous system stimulants, not elsewhere classified	XM3GQ0
894677403	Z-drugs	XM4843
262884427	Catha (edulis) (tea)	XM0VG7
1318303118	Khat	XM0238
2029495222	Hexethal (sodium)	XM1VL2
1871832402	Tipepidine	XM37E2
1620462750	Pipradrol	XM8EX0
277691729	Benzodiazepines	
137656509	Vinpocetine	XM8029
757065097	Methitural	XM0217
2092769006	Idebenone	XM5CY6
1085754138	Other sedatives, hypnotics and antianxiety drugs	
1054712959	Prolintane	XM84X9
2034600814	Phenibut	XM3J14
1111922085	Stimulant central nervous system psychotherapeutic	XM7125
386441453	Carbamates	XM96H3
3833831	Linopirdine	XM1MZ1
1973795194	Deanol	XM3HZ4
1310218641	Fluspirilene	XM0Q81
1607560236	Fipexide	XM2AB6
900162402	Nizofenone	XM8QG2
1456065472	Acetylcarnitine	XM77H2
1512700332	Pirisudanol	XM6EM2
1885154554	Oxiracetam	XM5N75
96660071	Pyritinol	XM1LB1
454097341	Meclofenoxate	XM1SE2
1869378880	Aniracetam	XM0Z60
1253055504	General anaesthetics	
800472887	Piracetam	XM5207
801604344	Xanthine derivatives	XM2XU4
1600022374	Cerebral stimulants psychotherapeutic	XM0854
1633533374	Cerebral stimulants	XM93X4
1354688777	Centrally acting sympathomimetics	XM7LR7
1310988220	Benzamine lactate	XM79Q0
554581423	Deanol aceglumate	XM45U3
592842019	Adrafinil	XM3WZ9
1141768354	Tar distillate	XM8W74
1634516383	Tolpropamine	XM4543
2117702818	Diphenhydramine methylbromide	XM29P8
1974751980	Quinisocaine	XM6A20
2057988616	Juniper tar	XM6PP6
1881656676	b-eucaine	XM32B6
349333857	Ether-soluble tar distillate	XM96H7
1241027194	Pramiracetam	XM59Z4
279172185	Thonzylamine topical	XM9UN5
1270319156	Phenolic preparation	XM96T6
1395744320	Mebicar	XM94C0
1222380273	Mepyramine topical	XM2833
452178851	Citicoline	XM5TT1
1594666172	Promethazine topical	XM6WM2
1581858428	Phenol medicinal	XM8YS8
439251765	Thenalidine topical	XM7JY5
999461839	Coal tar	XM8MM9
171757885	Local anaesthetics	XM7Y85
1902300892	Tar ointment	XM8WM2
1272742460	Allylthiourea	XM8U60
81021609	Barrier cream	XM8SU9
1579299956	Acrylic resin	XM7MV6
1323871682	Aminobenzoic acid (-p)	XM1S82
1977571556	Aluminium, aluminum ointment (surgical) (topical)	XM06X6
835948253	Arachis oil	XM3VB3
1002164513	Cellulose nitrates (topical)	XM2EP3
1095837008	Bentonite	XM5L08
570224635	Benzophenones	XM7D95
352005007	Betula oil	XM08U7
70365753	Corn starch	XM7033
463952781	Acetic acid with sodium acetate (ointment)	XM4B01
95947769	Chlordiethyl benzamide	XM9ZA9
1334111380	Calamine (lotion)	XM7K00
1850971934	Cottonseed oil	XM8P34
825652813	Cornhusker's lotion	XM38M3
1597566692	Mecrilate	XM7TK2
831637053	Diethyl toluamide medicinal	XM0XB3
1309496658	Cold cream	XM88R8
1947511236	Dimethyl phthalate	XM9U76
634526357	Mineral oil topical	XM9TZ7
1269438974	Octafonium chloride	XM3214
1862993264	Flaxseed (medicinal)	XM8KY4
1350657654	Lanolin	XM8WH4
517029011	Demulcent (external)	XM5PK1
800736617	Melanizing agents	XM7VP7
1622314494	Hydrophilic lotion	XM8M74
1066738767	Mexenone	XM8EY7
1967930294	Homosalate	XM6694
1243848764	Methoxsalen topical	XM9CQ4
1707404002	Para-aminobenzoic acid	XM9AG3
1353196696	Plaster dressing	XM8J96
622764267	Polyethylene adhesive	XM2BL7
249810043	Pyroxylin	XM9VE3
2122620774	Titanium dioxide	XM7Q94
1609847962	Silicone medicinal	XM06Y2
1354968728	Peanut oil topical	XM1U48
1856765504	Plastic dressing	XM9V04
637229179	Thiosinamine	XM3MF9
1858139216	Petrolatum	XM8PB6
1436289894	Protectant, skin	XM6J14
1169386048	Sweet oil (birch)	XM7YQ8
1701010068	Oil wintergreen (bitter)	XM66S8
1093123730	Padimate	XM0VT0
284990479	Talcum	XM3599
173955653	Rose water ointment	XM8293
1242227410	Topical sunscreen	XM9410
1946761226	Sulisobenzone	XM4YA6
2022612479	Anti-infective ophthalmic preparation	XM6G79
461587857	Stannous fluoride	XM9RB7
180069077	Titanium oxide	XM6WX7
82859189	Zinc oxide	XM7RG9
534947053	Unna's boot	XM5PP3
1684974280	Cetomacrogol	XM90Q0
446359907	Hyaluronic acid topical	XM2F87
885243711	Fluoride medicinal dental use	XM85Z1
94738999	Ultraviolet light protectants	XM5E39
2005968157	Bibrocathol	XM6NB7
1170779506	Zinc gelatin	XM8H46
1246387146	Colophonium	XM8YJ6
42045728	Adrenal ophthalmic preparation	XM75W8
267667993	Zinc stearate	XM4NT3
1741648287	Sorbitan sesquioleate	XM1LY7
1446779299	Copper sulfate cupric medicinal eye	XM3X79
214591358	Cycloplegic drug	XM3918
596286930	Dendrid	XM1X30
1555152591	Demecarium bromide	XM8S71
1126651771	Echothiophate	XM17P1
1564721213	Ammonium acid tartrate	XM6H73
1136832491	Contact lens solution	XM1WZ1
5121931	Chymotrypsin ophthalmic preparation	XM32H1
221780366	Anticholinesterase reversible ophthalmological	XM5568
755476294	Octinoxate	XM2M34
1842846663	Befunolol	XM5T83
2090122161	Colistin sulfate (eye preparation)	XM6E41
1008497766	Edoxudine	XM09W6
111294594	Ecothiopate iodide	XM7K14
1178221163	Neosporin ophthalmic preparation	XM28C3
909534072	Hypromellose	XM9E72
56274178	Levobunolol	XM8098
1189069563	Lachesine	XM0PE3
1225605223	Herplex	XM1783
680428412	Dipivefrine	XM0L12
2035655139	Methylparaben (ophthalmic)	XM4QZ9
1677158313	Propylparaben (ophthalmic)	XM2WK3
1827233611	Silver protein	XM56H1
201776384	Phospholine	XM4PY4
694956210	Sodium borate cleanser eye	XM7AV0
328217780	Miotic drug	XM2JE0
1139535109	Mydriatic drug	XM5PU9
1817112379	Polymyxin E sulfate (eye preparation)	XM9N59
107905788	Mycitracin ophthalmic preparation	XM4DY8
2089055885	Physostigmine	XM4605
1997445823	Hydroxyamphetamine	XM9EN3
1559492143	Fluorphenylalanine	XM45L3
433138086	Eucatropine	XM8PJ6
43080738	Stoxil	XM6Q18
165087854	Metipranolol	XM0YH4
1633694348	Visine	XM31C8
1121373321	Dichlorphenamide	XM4LU1
354961184	Unoprostone	XM5ZG4
813391098	Picloxydine	XM2JR8
1384540261	Acetazolamide	XM9X81
627053090	Dorzolamide	XM3BT0
332561494	Sulfisoxazole ophthalmic preparation	XM8A14
3344840	Travoprost	XM9BS0
235092116	Dapiprazole	XM6PD6
1324475284	Pemirolast	XM3ZJ4
1964457222	Tetrahydrozoline	XM5RC2
1219345225	Sulfonamide eye	XM9PG5
627893429	Tear solution	XM61C9
805110264	Lifitegrast	XM67C4
192965158	Artificial tears and other indifferent preparations	XM2GK8
569687928	Autologous limbal stem cells	XM0YQ8
448302436	Pegaptanib	XM0GK6
76455928	Tafluprost	XM3UC8
368236835	Ethoxzolamide	XM4DH5
808034466	Ranibizumab	XM95Y7
1965178309	Netarsudil	XM8469
546800851	Sulfafenazol	XM13T1
2061106615	Bimatoprost	XM6E95
1042292258	Anecortave	XM3PF8
1199103533	Methazolamide	XM8P33
442332660	Iodoheparinate	XM42E0
299986151	Fomivirsen	XM0C71
1123641112	Olopatadine	XM0ST2
1842517944	Guaiazulen	XM7CE4
1368648811	Cenegermin	XM57P1
989264790	Fluostigmine	XM6JB1
441303370	Latanoprost	XM5130
2078751035	Ocriplasmin	XM2RM5
1957966798	Azidamfenicol	XM49V8
804107598	Brinzolamide	XM9GB8
2115032656	Besifloxacin	XM1A96
1538687364	Interferon ophthalmic preparation	XM4F24
706356159	Sulfadicramide	XM3G39
1452242155	Formocortal	XM6GF5
906755246	Pranoprofen	XM9166
698160410	Nepafenac	XM4GZ0
1543689095	Mercury compounds	XM7415
330148706	Loteprednol	XM9KL6
588296822	Bromfenac	XM0QS2
380683890	Brimonidine ophthalmic preparation	XM14H0
668394364	Acetylcholine ophthalmic preparation	XM9KS5
1564219147	Levocabastine	XM32J7
229345705	Lodoxamide	XM9L65
1702493703	Alcaftadine	XM4JE3
1878284651	Emedastine	XM1CM1
1046501282	Sodium chloride, hypertonic (ophthalmic)	XM7SY2
336888564	Sodium edetate ophthalmic preparation	XM2LQ4
872941662	Ciclosporin ophthalmic preparation	XM3ZG3
1066963009	Nandrolone ophthalmic preparation	XM7UH0
56598909	Spaglumic acid	XM63C9
738592639	Aluminium subacetate	XM2399
579962461	Lowila	XM9RY1
2051471624	Verteporfin	XM2Y24
702009361	Aluminium chloride	XM7FE1
665092164	Apraclonidine	XM3XE4
1823950714	Dial (soap)	XM16X4
1196043242	Green soap	XM3Y82
1213469450	Iproheptine	XM1DT0
1494692734	Lead acetate	XM8P35
697669873	Lauryl sulfoacetate	XM2273
1906518102	Iodide methylate	XM3Q63
619503129	Iodide	XM0809
646684691	Detergent external medication	XM1KT1
1552198898	Antihemorrhoidal preparation	XM38V9
1600809784	Iodide mercury (ointment)	XM8C24
229505298	Sulfatostearate	XM3DK8
203702480	Septisol	XM1AY0
880932831	Potassium iodate	XM58X1
1284833495	Witch hazel	XM4S15
1465616333	Polyethanolamine alkyl sulfate	XM3E94
133917679	Antiperspirant	XM4KJ0
144299760	Soap medicinal, soft	XM2P20
1009346137	Aluminium acetate	XM3P38
111798204	Tannic acid medicinal (astringent)	XM1484
1734896711	Thiram medicinal	XM7KD1
1810110092	Iodoform	XM3X72
473296117	Duponol (C) (EP)	XM2KD7
823289937	Diiodohydroxyquin topical	XM8UZ7
968971677	Diiodohydroxypropane	XM12P7
1033769626	Soap superfatted	XM6EW6
727013003	Cadexomer	XM0DJ3
1051451587	Bismuth salts formic iodide	XM60N7
399772361	Aluminium diacetate	XM2D21
1176020923	Sodium lauryl (sulfate)	XM1X23
401262540	Vegetable extract, astringent	XM19Y0
1129319848	Hamamelis	XM20Y8
25572267	Povidone iodine	XM24J7
2115674308	Iodochlorhydroxyquin topical	XM6TG8
150133984	Ambazone	XM7CJ4
1231918423	Alkaline antiseptic solution (aromatic)	XM7BG3
1039472790	Amylmetacresol	XM9SX0
475636778	Bisdequalinium (salts) (diacetate)	XM51P8
417608214	Biclotymol	XM59F4
745164706	Chloromycetin otic solution	XM0LW6
509552369	Antazoline topical	XM8XE9
2042642815	Dichlorobenzyl alcohol	XM96Z5
1719659045	Neosporin ENT agent	XM9EQ5
308909434	Copper sulfate cupric medicinal ear	XM2954
598004257	Ritiometan	XM0G17
1015649530	Thenoic acid	XM8YH0
747232256	Calcium hexamine thiocyanate	XM9FX7
53130510	Corbadrine	XM6270
1937857645	Nose preparations	XM4RA5
1820678236	Acetic acid ENT agent	XM83Z7
1009925013	Myristyl-benzalkonium	XM3RP3
1602505878	Fluprednidene	XM52K8
273667617	Octenidine	XM3NR8
858791020	Zinc chloride (mouthwash)	XM9VY0
1505214941	Triamcinolone topical	XM8WS1
1330566432	Fludrocortisone topical	XM0WP2
1251934798	Diflorasone	XM8V58
1158662194	Prednisolone topical	XM09Z4
718745717	Corticosteroid topical	XM57Z7
1885537864	Halometasone	XM8TL4
1253458080	Prednicarbate	XM0ME0
1617764286	Flurandrenolide	XM5086
1267757870	Fluorometholone	XM7MM0
997320851	Fluocortin (butyl)	XM3EM1
1443776847	Betamethasone topical	XM46G7
1426713594	Fludroxycortide	XM84F4
447124255	Hydrocortisone aceponate	XM8KB5
740820800	Levonordefrin	XM4UQ0
1089953202	Flumethasone	XM6LQ2
542807833	Desoximetasone	XM5PM3
1100684516	Diflucortolone	XM4XD6
1129795447	Amcinonide	XM35S7
1185716422	Phenazone topical	XM0M82
788981531	Halcinonide	XM0ZX1
195558281	Dexamethasone topical	XM6TE1
147542836	Glycerol borax	XM37H6
65938858	Fluperolone	XM41T8
898458559	Prednisolone steaglate	XM1B59
790070163	Flumetasone	XM55S3
2051608918	Fluclorolone acetonide	XM4TV8
232658170	Ulobetasol	XM64R0
1999954059	Difluprednate	XM6DT9
1665396483	Methylprednisolone aceponate	XM5EY3
157516486	Buteprate	XM5ZS6
799102827	Hydrocortisone topical	XM6JE7
1661570363	Clobetasol	XM4FN3
1115129724	Fluocinolone acetonide	XM4HA4
91254297	Dentifrice	XM3YZ7
989465857	Oil cloves	XM3XP7
1254895144	Hydrocortisone butyrate	XM4Y24
1070473983	Dressing, live pulp	XM1JW3
690582861	Acetylsalicylic acid topical	XM9023
707826871	Eucalyptus oil	XM0PR1
643903628	Fluclorolone	XM1068
1272045264	Anthralin	XM8HL4
873399617	Collagenase topical	XM3LD7
1077802362	Sodium monofluorophosphate topical	XM5GY2
569488137	Coal tar medicinal (ointment)	XM3P37
1605908204	Ciclesonide topical	XM9DE4
869655804	Silver sulfadiazine	XM9R64
1290717157	Silver colloidal	XM3QX7
1580165256	Ammonium ichthyosulfonate	XM2GV6
1494249901	Silver anti-infectives	XM0CN1
479604403	Tixocortol pivalate	XM8963
1623804624	Chrysarobin	XM7HY4
784779525	Alum (medicinal)	XM7H25
458227695	Chloroxine	XM92H5
1952169430	Cadmium sulfide (medicinal)	XM2ST0
788839241	Pulp devitalizing paste	XM8PE1
1631646478	Depilatory	XM5W78
465636721	Allantoin	XM9ZS1
1048748589	Dimethylamine sulfate	XM26P0
2064109012	Dimethyl sulfoxide medicinal	XM64V2
1642546048	Dithranol	XM8RS8
616930551	Corn cures	XM7PM1
992282239	Olaflur	XM7K59
776485787	Chlorothymol	XM01Q7
795226667	Enzyme proteolytic	XM17Y7
1926201581	Keratolytic drug anthracene	XM6ES1
1731278501	Keratoplastic	XM4KL1
125758439	Ammonium persulfate	XM8RR9
1987188435	Keratolytic drug	XM23V5
2078422340	Carbon dioxide snow	XM4AW0
1861843868	Diachylon plaster	XM95C8
1319614928	Ethyl chloride local	XM3JC8
582244700	Lassar's paste	XM76E0
918771414	Hemostyptic	XM8GV4
1998477187	Monobenzone	XM8N27
554978201	Butantrone	XM8GU1
429994410	Silver nitrate	XM6RF0
1108972535	Methyl nicotinate	XM1VX5
326487076	Silver nitrate ophthalmic preparation	XM2U36
1687233632	Cade oil	XM4FV2
811035631	Antiseborrheics	XM8SX1
1717401589	Resorcin, resorcinol medicinal	XM4549
1025683688	Pyrithione zinc	XM6YQ8
1567261395	Salicylic acid	XM68B5
755880398	Isopropyl alcohol medicinal	XM7KM8
770189662	Rubefacient	XM5DQ2
1488672189	Hair dye	XM7VL9
1532563352	Ethyl fumarate	XM4P92
1096579492	Capsicum	XM9TT3
1700451648	Euresol	XM7WC9
230091538	Selenium sulfide	XM43T8
151747886	Sulfur keratolytic ointment	XM6ZA6
391538106	Savin (oil)	XM02N6
407395674	Selsun	XM1UK4
232644894	Triacetoxyanthracene	XM4ZP4
1127717447	Silver nitrate toughened (keratolytic)	XM3E07
40135056	Thioglycolate	XM1W96
923314166	Sulfur compounds not elsewhere classified (medicinal)	XM1FW6
1614893877	Retinol topical	XM6PV8
1256289879	p-Toluenediamine	XM5L79
929279482	Tioxolone	XM7GY2
2020304239	White lotion (keratolytic)	XM6T99
263252382	Isotretinoin topical	XM2PQ2
447457094	Tretinoin topical	XM7C94
352318481	Amphotericin B topical	XM7CU1
65917006	Xenysalate	XM25J6
1838535463	Vleminckx's solution	XM2V83
755646135	Glyceryl monothioglycolate	XM7AM5
658007015	Adapalene	XM10R5
1077525406	Antifungal disinfectant, local	XM1JC6
589266254	Podophyllum (resin)	XM4L14
1698192420	Acriflavinium chloride	XM2FL0
631267019	Asiaticoside	XM7VP9
447008589	Acrinol	XM8K50
1596039350	Acrisorcin	XM5PD0
1892084332	Tetracycline topical	XM53X2
976664447	Aluminium sulfate	XM6JG7
1680899957	Motretinide	XM6KD7
1213763301	Trichloroacetic acid medicinal	XM6U21
1158517856	Allethrin	XM7TF6
1428354374	Chlortetracycline topical	XM0295
1147262258	Argyrol	XM44R8
1752732952	Benzyl Benzoic acid	XM0GX2
240988763	Azelaic acid	XM6SG3
1434797368	Basic fuchsin	XM7E88
717121065	Bacimycin	XM4PL5
1132853640	Benzyl benzoate	XM7QG0
2033956208	Bismuth salts glycolylarsenate	XM7S48
429293509	Benzoxonium chloride	XM63Y9
747748273	Benzoyl peroxide	XM43M3
1711177778	Boric acid	XM5RT8
1453242192	Benisone	XM2ZR2
1824850728	BHC (medicinal)	XM9208
1081865088	Bacitracin zinc with neomycin	XM6Y48
320592041	Benzalkonium chloride	XM2VS1
2044612096	Benzoic acid	XM9JZ6
369538489	Cetrimonium bromide	XM6ZW9
95859211	Candicidin	XM2AV1
1984857988	Chlorinated soda solution	XM0HL8
1837105304	Cetylpyridinium chloride	XM94W4
1728948212	Chlorhydroxyquinolin	XM2ZT2
431963435	Chloramphenicol topical	XM72P5
53787023	Carbamide peroxide	XM2V43
351638141	Chloramine T	XM8HU1
909344251	Carbol fuchsin	XM2ZX1
1558161986	Chlorphenesin topical (antifungal)	XM93C6
1014128873	Chlorhexidine	XM7DZ3
1926910802	Benzoic acid with salicylic acid	XM7SQ2
137406243	Carfusin	XM6C04
1930535538	Cethexonium chloride	XM1BP8
52296545	Chloroxylenol	XM3XC5
752087889	Castellani's paint	XM9H69
114043919	Chlorinated lime and boric acid solution	XM5D99
651208355	Clodantoin	XM2WP5
1019140759	Buclosamide	XM0YT9
758202527	Chlorocresol	XM8FE7
1049305409	Aluminium acetate solution	XM0CC9
433338149	Ceepryn	XM5ZY9
1414444056	Aminoacridine	XM6RK6
1780901056	Adrenal topical	XM7696
1885428250	Aerosporin topical	XM9B70
1276457972	Ciclopirox (olamine)	XM0852
538608555	Alclometasone	XM2ET5
1293056170	Cetrimide	XM62D0
427001685	Calomel	XM7VA5
326161063	Copper gluconate	XM4M83
304421925	Creosol (compound)	XM42L5
1458945376	Cloxiquine	XM6BT6
106042285	Crotamiton	XM3726
1119567110	Dequalinium chloride	XM8CF0
154659965	Clotrimazole	XM8W85
2108645822	Clofenotane	XM8TG2
392885481	Clobetasone	XM6MJ1
2008873328	Dakin's solution	XM7YY8
1189303210	Cresol and soap solution	XM0WM0
223743233	Cresyl acetate	XM4YB3
681267395	Creosote (coal tar) (beechwood)	XM35M5
2111088268	Cresylic acid	XM0348
1030088331	Cresol (s)	XM7ZK1
34241795	Diethyltoluamide	XM2355
1456222860	Dibrompropamidine	XM0UE0
679389267	Dettol	XM0PQ7
923646327	Dicophane	XM06U7
770521053	Dixanthogen	XM42D3
391347003	Dodicin	XM3JL3
940802453	Dimazole	XM4A13
759859117	Dibromopropamidine isethionate	XM1RR7
1031806491	Desonide	XM6LZ1
1560581728	Erythromycin topical	XM8E88
574600513	Econazole	XM5XH3
44944755	Dofamium chloride	XM7YF5
1675801624	Gamma-benzene hexachloride (medicinal)	XM5JA4
1193845386	Domiphen bromide	XM3TY6
763772371	Ethylene oxide medicinal	XM09B1
1898856394	Gentamicin topical	XM0XR4
1305350122	Fenticlor	XM9K22
1479588258	Exalamide	XM2258
1745048106	Ethacridine	XM5QE6
1466747300	Glutaraldehyde medicinal	XM18N0
1768887164	Glyceryl triacetate topical	XM7XA4
1836397878	Gramicidin	XM7Y78
1657585064	Halethazole	XM9Q64
949842699	Furazolium chloride	XM6AZ9
1718692760	Halcinolone	XM5UQ0
400394661	Flurobate	XM67C1
1055700640	Halquinols	XM3KW0
1999768560	Haloprogin	XM0C80
1315839277	HCH medicinal	XM6XH7
1155775041	Hydrargyri amino-chloridum	XM0JC1
23516602	Hydrogen peroxide	XM4AG2
1587840155	Hydroxytoluene medicinal	XM6E35
2072781257	Isoconazole	XM6BF8
1968826379	Ichthammol	XM3PT9
1325554813	Locorten	XM7CM3
353491504	Hedaquinium	XM8UW4
343776098	Lindane medicinal	XM8E58
296504336	Hexachlorophene	XM95K6
1360858121	Hydrargaphen	XM19W1
1104647615	Hexamidine	XM7RK5
1264202451	Hypochlorite	XM02H1
993878478	Mafenide	XM5MZ8
1172860144	Anti-infective bismuth, local	XM8GN4
1694445805	Lidex	XM8C45
2121577545	Mercaptobenzothiazole salts	XM7FY5
793407048	Laurolinium	XM3U48
290043040	Kwell anti-infective (topical)	XM07S0
1365198057	Malathion (medicinal)	XM6QD7
1265856573	Merbromin	XM35K3
1625626275	Melaleuca alternifolia oil	XM53R5
1809909775	Medrysone	XM6L15
1081568913	Mercurochrome	XM1B13
1257949693	Merthiolate	XM9613
507283060	Metactesylacetate	XM2M00
1627891053	Mercury chloride (ammoniated)	XM10V3
468537630	Methyl paraben	XM0XV0
1372698231	Methylbenzethonium chloride	XM5HR1
236185430	Methyl prednisolone topical	XM1910
2117076778	Bromosalicylchloranitide	XM84D8
404735493	Benzethonium chloride	XM1QH3
210579741	Butoconazole (nitrate)	XM6862
100572295	Bacitracin zinc	XM00V5
1049083056	Myralact	XM14D6
716372936	Mercury anti-infective topical	XM9Z76
1642225149	Micatin	XM0ZY9
1358111272	Alkonium (bromide)	XM3NX2
1691775491	Methylrosaniline	XM7C91
1089032499	Neosporin topical	XM6YS1
21993304	Mercury ammoniated	XM2J64
556325576	Neomycin with bacitracin	XM51P6
812382912	Nilstat topical	XM5BH2
725303814	Mesulfen	XM2JH4
293932770	Mercury oxide, yellow	XM6Q50
1631972749	Mycifradin topical	XM43U9
736017046	Monistat	XM9A06
298272256	Mupirocin	XM23B6
1424333193	Methylrosanilinium chloride	XM2793
1175873032	Cetalkonium chloride	XM9432
1508607420	Chlorquinol	XM2CN0
498456153	Eurax	XM91H3
972108379	Fluocinonide	XM2E99
205622115	Chamomile	XM7CX5
1330698657	Natamycin	XM2BK7
732265892	Nitromersol	XM4T72
628143208	Oxylone	XM7N08
356737004	Parachlorophenol (camphorated)	XM9LG4
541367194	Paramethasone acetate	XM12F4
547447562	Nitrofurazone	XM71W2
1521381353	Neomycin topical	XM7D13
1539452601	Peruvian balsam	XM0MS1
438251502	Noxytiolin	XM1102
973317444	Phenoctide	XM70C4
1793051779	Phenylmercuric borate	XM89P9
170938056	Orthoboric acid	XM70Z6
1889071705	Phenothrin	XM4H85
1907817449	Oxiconazole	XM63S9
1976031145	Proflavine	XM6YA5
1086329821	Propamidine	XM35Q1
791783798	Piketoprofen	XM3DV8
805114636	Phenol	XM6L76
1895037015	Polynoxylin	XM0J95
1951297129	Polymyxin B topical	XM7B69
7427034	Polyoxymethyleneurea	XM2G74
1788707939	Nitrozone	XM2HP9
184349878	Propionate (calcium) (sodium)	XM77H8
1783709213	Pyrethrum extract	XM03K3
2142210133	Pyrogallic acid	XM2A13
617631560	Pyrogallol	XM8BE0
276262930	Oxychlorosene	XM8610
359275778	Quaternary ammonium anti-infective	XM97F8
1308956451	Naftifine	XM1HX1
719355420	Sodium perborate medicinal	XM7Z80
1082284861	Staphisagria or stavesacre (pediculicide)	XM38S1
1684082511	Sporostacin	XM1VV3
1058981972	Sodium propionate	XM7EV2
805367984	Steroid topical	XM8HC5
1357869819	Retinoic acid	XM2SR9
1076226893	Salicylhydroxamic acid	XM9773
1333369679	Propion gel	XM3DH9
274608892	Sodium hyposulfite	XM5372
986652478	Phenylmercuric nitrate	XM0K18
1440439557	Sodium hypochlorite medicinal (anti-infective) (external)	XM5GX7
1283624762	Sulfiram	XM06Y3
642194029	Terconazole	XM33Y9
1726934	Phenoxyethanol	XM9D74
1212094726	Tetramethylthiuram medicinal	XM2GG6
1518808327	Propiolactone	XM4TA7
709348970	Sulfacetamide	XM2CH0
1803499437	Sulbentine	XM2237
442328848	Phenylmercuric acetate	XM3R68
1047693570	Potassium Permanganate medicinal	XM0XP0
204721981	Tioconazole	XM9HG1
710015189	Thimerosal	XM9ZY9
915243995	Ticlatone	XM3C36
2038778704	Sulfur ointment	XM4XY4
1548228236	Tolciclate	XM9SF6
1006642359	Synalar	XM9ST9
1021697063	Tolnaftate	XM23C3
1444956528	Triacetin	XM6848
492416421	Zinc peroxide	XM6KL1
1712562940	Triclobisonium chloride	XM5KU0
59393967	Thymol	XM7W47
1549882466	Valisone	XM2VU7
753139695	Vioform topical	XM0GR5
2096311376	Undecylenic acid (derivatives)	XM1TP6
2012689150	Urea peroxide	XM81Z1
919587643	Tridesilon	XM93J3
1554902556	Triclocarban	XM74T6
63442767	Undecenoic acid	XM84C7
644765827	Zinc undecylenate	XM5L28
741295505	Triclosan	XM5WW5
964051881	Undecoylium	XM5GQ1
2036259830	Cloponone	XM71H0
1931587278	Zinc anti-infectives	XM2B18
865136331	Zinc sulfate topical	XM8SM1
461785582	Pyrrolnitrin	XM6UW2
752491333	Tibezonium iodide	XM4DT4
1403220154	Eosin	XM5U34
1102264354	Nifuraldezone	XM1KZ4
134822413	Euflavine	XM2UH3
1206127112	Didecyldimethylammonium chloride	XM68P2
343771550	Biphenylol	XM80T0
672510113	Mercury, metallic	XM5LX3
1954018119	Pecilocin	XM2Q40
1281166750	Sodium chlorite	XM7KH0
1251096085	Chlormidazole	XM6AC5
945310233	Triamcinolone hexacetonide	XM4873
1977053677	Isopropanol	XM5DR7
2136659585	Propanol	XM24W5
315823093	Acriflavine	XM0BF3
1122225746	Clindamycin topical	XM8BY6
1931397755	Eberconazole	XM5XM5
1392461008	Decamethoxine	XM53J8
765040872	Omoconazole	XM0072
1406073513	Sulconazole	XM2NB3
132992438	Fenticonazole	XM4J78
1708207009	Polihexanide	XM8S89
1868336333	Policresulen	XM0SV3
1180588142	Nadifloxacin	XM7022
167001612	Luliconazole	XM6H72
2045291045	Tribromometacresol	XM89W5
138676250	Ethyl hydroxybenzoate	XM67B0
1839179181	2-(4-chlorphenoxy)-ethanol	XM8JJ2
661649594	Amorolfine	XM6474
1454939575	Sertaconazole	XM9U15
769810390	Butenafine	XM2L70
125006356	Tavaborole	XM3PR6
86056483	Docosanol	XM4BA3
1792058506	Sinecatechins	XM2CA6
1122871516	Benzododecinium	XM4796
1590109208	Aluminium acetotartrate	XM2PS8
2092829881	Mercuric iodide	XM0N01
2097658311	Bifonazole	XM8B91
485454036	Flutrimazole	XM49Z6
173288655	Imiquimod	XM0CH6
1333195590	Inosine	XM8BH0
50486870	Bromochlorosalicylanilide	XM7CT0
1392656599	Efinaconazole	XM20T9
1178046053	Decamethrin	XM73B3
855982489	Oxyquinoline	XM6XJ9
1345465434	Quassia	XM9R96
558006435	Fidaxomicin	XM0FD5
1559138077	Bioallethrin	XM3J77
1015438274	Bendazac	XM0P54
1714095305	Dibutylphthalate	XM84S5
1446096301	Ethacridine lactate	XM4UE1
1021147668	Dibutylsuccinate	XM4KG9
700855500	Copper oleinate	XM7MQ0
983347969	Potassium polysulfide	XM4PX0
1384922003	Etohexadiol	XM2Y03
1555827393	Dimethylphthalate	XM74X3
928486950	Felbinac	XM8XZ0
1634358496	Tyrothricin	XM0GR6
734996431	Nifuroxazide	XM1071
1126884213	Dimethylcarbate	XM1BB3
1357783710	Nifurzide	XM5BH0
1308903238	Streptomycin topical	XM6XD8
248430707	Dimeticone topical	XM0JJ7
2041317794	Acetic acid medicinal	XM4KV4
1091574738	Moxifloxacin topical	XM6VX8
624688579	Abametapir	XM8TB9
2085441625	Loxoprofen	XM1HU5
2058025840	Penciclovir topical	XM9X60
1881627676	Idoxuridine topical	XM0K16
130393838	Benoquin	XM9R98
900798915	Famciclovir topical	XM3SK7
522204163	Levofloxacin topical	XM3CL3
142356096	Charcoal medicinal topical	XM4JD6
528974963	Gatifloxacin topical	XM92Q3
495097912	Cell stimulants and proliferants	XM8JB2
1253069334	Terbinafine topical	XM7014
914355368	Chloresium	XM6GG8
954758534	Elase	XM1KB4
470491638	Dextromoramide topical	XM9YX8
2042332749	Lytta (vittatta)	XM2D09
1208079367	Nonoxinol	XM54L7
1214963209	Enzyme depolymerizing	XM0M69
39205218	Heet	XM1FF8
1295383545	Panthenol topical	XM7DL5
396922666	Gelfilm	XM5VL6
1932927265	Podophyllotoxin	XM8865
118037652	Santyl	XM0VK2
1116500843	Preparation H	XM3403
1197319173	Scarlet red	XM4AZ3
413136168	Spermicide	XM8EC8
937365384	Sodium borate therapeutic	XM6Z04
2016558989	Octoxinol-9	XM2TV0
864510248	Nonylphenoxy (polyethoxy-ethanol)	XM4M68
1060945583	Ganciclovir topical	XM7A63
1111542037	Cantharides	XM4597
926611224	Lactic acid	XM6P44
1691752827	Zucapsaicin	XM5DL8
1028827364	Urea topical	XM8WU4
729375136	Gamolenic acid	XM4QZ6
569689844	Capsaicin	XM14C4
1467749986	Organo-heparinoid	XM7ZQ6
1446047542	Becaplermin	XM0M02
167462143	Tazarotene	XM6BQ3
1305477993	Tosylchloramide sodium	XM0M54
1124801004	Sodium apolate	XM1485
1238274578	Crilanomer	XM7618
858023521	Dextranomer	XM3GL1
2059367981	Selenium compounds	XM60N1
727995572	Pimecrolimus	XM5DF2
1321203975	Dupilumab	XM1015
651211871	Tacalcitol	XM3711
289398980	Metandienone topical	XM4HG0
1288961794	Betulae cortex	XM1W34
272257275	Ingenol mebutate	XM1NP5
653497031	Trolamine	XM0W31
1291501040	Enoxolone	XM1JG0
37789550	Cadmium compounds (medicinal)	XM8ZR0
1517990440	Aluminium oxide	XM41S0
1957949770	Calcipotriol	XM2TT0
1046680667	Crospovidone	XM3AJ8
1247563886	Mequinol	XM0RJ6
1226415455	Brimonidine	XM1A95
1579900900	Lithium succinate	XM9MC0
92837439	Ceratonia	XM0XA0
1616067466	Diosmectite	XM87L7
1133787699	Deoxycholic acid	XM8HP9
1948529668	Albumin tannate	XM7XL9
375703416	Abrocitinib	XM0A16
483359952	Evans blue	XM34X2
496677458	Fluorescein	XM5618
938370820	Histoplasmin	XM3Y60
947826048	Mumps skin test antigen	XM1VN8
1915306011	Lymphogranuloma venereum antigen	XM3WZ1
1508746073	Coccidioidin	XM4CF3
1368567538	Racecadotril	XM86M9
389961680	Penicilloyl polylysine	XM3Q40
577443450	Congo red	XM1V31
968186976	Sodium metrizoate	XM36R6
1355388318	Sulkowitch's reagent	XM8478
236946319	Tests for bile duct patency	
1619163254	Tests for liver functional capacity	XM60V4
1788436778	Vitamin A concentrates	XM9258
2119767024	Hexaminolevulinate	XM0UW4
1789423468	Tests for renal function and ureteral injuries	XM4E68
1973958896	Tuberculin	XM7PF6
1779425050	Tests for gastric secretion	XM9H30
655994618	Glucose	XM6XX8
351767735	13C-urea	XM9QZ5
553615887	Tests for thyroid function	XM0N07
913853914	Trafermin	XM33M4
1858752326	Sulfonphthalein, sulfonphthol	XM1QL6
985882549	Methacholine	XM3YJ9
562434274	Retinoids	XM3GF4
1950469090	Diacetyl monoxime	XM5PT0
1412286142	Patent blue	XM02S2
973865163	Toxin, diphtheria (Schick Test)	XM4DA3
457081815	Bromophenol blue reagent	XM9Y95
2094060980	Phenaphthazine reagent	XM74W0
337513571	Carbon dioxide medicinal	XM6NZ1
945287058	Indocyanine green	XM2818
2047474898	Tests for pancreatic function	XM76Z9
1363160156	Tuberculin, purified protein derivative (PPD)	XM0EK6
76686563	Tests for pituitary function	
610464225	Edrophonium	XM8B05
232507385	Oxalic acid ammonium salt	XM3385
150922280	Fructose	XM5K20
1123838823	Fumaric acid	XM7WA3
866096676	EDTA	XM1V56
28068131	Cysteamine	XM81B1
636005665	Glutathione	XM7SW5
1762074898	Guaiac reagent	XM8M78
1802099830	Disodium edetate	XM0ZM0
3669619	Medical air	XM7EZ9
468416505	Phytic acid, nonasodium	XM0FL5
1053020843	Antidote	XM1S43
1409697788	Chelating agent	XM65Y8
1265981144	Alcohol deterrent	XM3XY4
1627489162	Cholinesterase reactivator	XM68U2
89992213	Oxygen	XM4SZ3
2068233556	Antabuse	XM2XV6
856991583	Methoxsalen	XM47G3
24755469	Bergapten	XM1G69
1876183626	Detoxifying agent	XM9M46
188353571	Nitrogen	XM3K31
1215441163	Methylthioninium chloride	XM1YY3
448385019	Balsalazide	XM7MF9
1042688571	Nitrefazole	XM7Z31
1642363674	Pralidoxime	XM2ZD4
790547839	Trientine	XM6GP9
886065765	Tetraethylthiuram disulfide	XM99S5
2129440016	Sodium phytate	XM7LV6
2074297796	Obidoxime chloride	XM7HV6
1070879945	Thiosulfate	XM6NW5
812506203	Pyridine aldoxime methyl chloride	XM6043
362840473	Versenate	XM7KV3
1952516708	Trisodium hydrogen edetate	XM2U68
1048681035	Pralidoxime chloride	XM6BZ5
363697007	Lomefloxacin topical	XM1P27
1751867460	Methionine	XM5MC0
134801900	Potassium iodide	XM1260
729754627	Pralidoxime iodide	XM7K47
1081520012	Acetylcysteine	XM7372
181637309	Sodium versenate	XM2KC9
261912689	Potassium ferric hexacyanoferrate (medicinal)	XM6TE9
1978184610	Sodium nitrite	XM3810
281350599	Dimercaprol	XM89R9
235648869	Nalorphine	XM4UW9
1413746462	Pyridine aldoxime methiodide	XM6DU2
729346350	Uridine triacetate	XM28B1
1571174573	Trioxysalen	XM4RP3
977278568	Sugammadex	XM9NQ8
297885925	Prussian blue therapeutic	XM8P25
1357809969	Fomepizole	XM7LQ9
83145212	Protamine	XM2GR4
365713082	Prussian blue	XM62Q3
271893306	Idarucizumab	XM0666
1143929845	Prednisolone and Promethazine	XM5VJ5
1340068085	Flumazenil	XM2UQ5
833699176	Digitalis antitoxin	XM9AD6
1944409795	Mesna	XM1JB5
1592211377	Copper sulfate	XM4JM7
1669449406	Sodium folinate	XM61A6
1244087669	Andexanet alfa	XM01C9
1159012860	Arginine and Lysine	XM0MC0
1822172049	Calcium folinate	XM7BJ9
965886195	Dexrazoxane	XM45R5
780166318	Obidoxime	XM8ET8
1705706917	4-dimethylaminophenol	XM2H17
1069057000	Cholinesterase	XM8ZA0
256856976	Ichtasol	XM9FP6
685383749	Isotretinoin	XM98J9
648223031	Rasburicase	XM4NB1
17572988	Edetates	XM0588
333878691	Calcium levofolinate	XM2852
1240798192	Amifostine	XM5GF2
896692967	Glucarpidase	XM8L87
628182958	Deferasirox	XM12X8
1845354831	X-ray contrast media, iodinated	XM2S71
310663128	X-ray contrast media, non-iodinated	
1616089125	Deferiprone	XM03A5
275695480	Diagnostic radiopharmaceuticals	XM9320
1719227198	Lanthanum carbonate	XM22K8
1280054083	Sodium phosphate cellulose	XM1AY3
368131641	Deferoxamine	XM5A41
1537222130	Trilaciclib	XM7PK0
626414337	Canthaxanthin	XM8337
817821604	Ultrasound contrast media	XM5TN4
882728506	Afamelanotide	XM0LA6
1953971421	Ferric citrate	XM8NS1
1013634419	Calcium acetate and Magnesium carbonate	XM4MP9
1071188027	Polystyrene sulfonate	XM3B07
1868690602	Sodium levofolinate	XM1EU2
449454838	Magnetic resonance imaging contrast media	XM05Z9
623594468	Therapeutic radiopharmaceuticals	XM45C8
1275954800	Sevelamer	XM6Q80
520529847	Palifermin	XM8J47
1171271601	Arachnid venom	XM12G1
460831920	Millipede toxin	XM4C00
751869036	Frog toxin	XM0KH6
371064867	Sucroferric oxyhydroxide	XM9188
641536460	Solenodon venom	XM67Y0
1930612041	Toad toxin	XM7YQ1
647668158	Vampire bat venom	XM6NB8
749778592	Slow loris venom	XM9R52
1396498346	Colestilan	XM4C26
212614158	Platypus venom	XM27R8
502591876	Centipede venom	XM6TD6
1527974023	Salamander toxin	XM7P83
1121146929	Insect venom	XM50Y9
102865762	Shrew venom	XM8EC2
1135706095	Ethylene oxide	XM4G15
517040598	Dibromochloropropane	XM6PM8
1148555989	Dichloropropene	XM61U9
226651509	Herbicide	XM6J29
1609142291	Metaldehyde	XM95F1
1839289664	Fungicide	XM83G4
1419135373	Rodenticide	XM2KK3
2145146961	Tetradifon	XM6BS1
1794004071	Methyl bromide	XM0NK1
2142720607	Piperonyl butoxide	XM6FE7
455736406	Insecticide	XM3K66
1968308029	Fumigant, not elsewhere classified	XM8V89
1520293212	Microcystin	XM38M2
635870452	Acaricide, not elsewhere classified	XM6372
645338835	Copper oleate	XM55D5
1791432329	Wood preservative, not elsewhere classified	XM86L9
368710969	Organochlorine pesticide, not elsewhere classified	XM5E09
1864986268	Molluscicide, not elsewhere classified	XM0ZQ8
1606472445	Sulfur pesticide, not elsewhere classified	XM86Y5
1125372188	Thiocarbamate pesticides, not elsewhere classified	XM0J68
1253086763	Seed disinfectant, not elsewhere classified	XM8HA3
596102318	Pitohui bird toxin	XM5Y38
1226570979	Lizard venom	XM4RP9
628685721	Snake venom	XM4KN1
219296857	Guano	XM0AR7
1116803281	Marine and freshwater animal venom	XM99J1
2023890166	Magnesium thiosulfate	XM7046
1640171557	Seafood poison	XM3BZ7
1931614401	Ammonium nitrate	XM4NU1
2019062129	Fumonisin	XM9C09
1926616605	Ergot alkaloid mycotoxin	XM2BE5
794683960	Butyl alcohol	XM49S0
240052167	Propyl alcohol	XM5RS7
1909093785	Diethyl carbinol	XM6HQ5
172231861	Isopropyl rubbing alcohol	XM8YA1
2092625974	Denatured alcohol	XM3094
1948967210	Isoamyl alcohol	XM5SH0
1637228416	Ethanol motor fuel	XM8RP6
1180459289	Ifrita bird toxin	XM5V29
552002333	Cyanogen chloride	XM1293
454025424	Amylene hydrate	XM5JW4
1491291053	Zearalenone	XM4E53
1388928177	Moniliformin	XM9GV7
367240928	Amyl alcohol	XM88C8
1052949772	Trimethylcarbinol	XM5M32
923774621	Alcohol beverage	XM1A61
1480915933	Trichothecenes	XM6X33
1135637224	Absolute alcohol	XM8HG4
2123236524	Methanol motor fuel	XM0ZA4
1077922342	Nitroglycerin nonmedicinal fumes	XM5VU2
1420849560	Hydrogen fluoride	XM0VA0
888685485	Nitrohydrochloric acid	XM5WU5
152854377	Butylated hydroxytoluene	XM2PP7
320261065	Sulfuryl fluoride	XM48A5
512530173	Formic acid	XM6HP3
1701531046	Cordite vapor	XM1926
1957493562	Hydrazoic acid	XM3C02
1426966032	Dynamite	XM9YX2
589083974	Dimethyl sulfate fumes	XM8TX4
1489536441	Acrolein gas	XM2MJ1
1798967950	Phosphoric acid	XM0270
607312411	Nitric acid	XM5NZ1
554104293	Nitrous acid	XM2WH3
623205497	Phenol disinfectant, not elsewhere classified	XM0HB7
1351866378	Aminophenol	XM3FK8
270702605	Nitrophenol	XM7645
1581111036	Oxalic acid	XM4AK6
280799151	Picric acid	XM0KV1
2071886248	Borate nonmedicinal	XM8X28
513377009	Trichloroacetic acid	XM9SC9
1366602484	Sulfuric acid	XM8724
1579729654	Ammonia	XM4TP4
197040843	Ammonium carbonate	XM51W3
1986114774	Liquor cresolis compositus	XM9814
1710255237	Phenol pesticide, not elsewhere classified	XM5YF7
1518354628	Orthotolidine	XM5JW8
1684431500	Osmic acid	XM22A0
791380112	Protease inhibitors	XM8GK2
1004960591	Calcium hydroxide	XM4AF1
90919689	Calcium hypochlorite	XM50U9
307869398	Bleach, not elsewhere classified	XM2A78
1749666383	Corrosive cleaning product fumes, not elsewhere classified	XM57L3
1602504453	Acetylene tetrachloride vapor	XM4YD3
223378617	Vinylidene chloride	XM3DX7
751511899	Chlorinated naphthalene vapor	XM9P39
438423039	Chlorodinitrobenzene vapor	XM5VH9
1530515771	Acetylene dichloride	XM7JZ1
1061324706	Carbon tetrachloride vapor	XM0386
1947960950	Ethylene dichloride vapor	XM8QX0
1481013031	Boron trifluoride	XM5AP1
478960535	Amyl acetate	XM2KF5
1824672358	Isobutyl acetate	XM3MD8
1170147349	Benzene vapor	XM3TU9
1934863254	Acetaldehyde vapor	XM5Q94
1468954738	Benzene homologue	XM2738
1235789784	Methyl cyclohexyl acetate	XM27U4
553463036	Dichloromethane vapor	XM7EF6
2009836312	1,1,2 trichloroethane	XM1992
1791085457	Tetrachloroethylene vapor	XM86D7
1451825071	Cacodyl	XM0DR1
1014239569	Resorcin nonmedicinal	XM6ZJ9
1984548546	Butyl acetate	XM3RG6
1930295834	Yellow phosphorus	XM0LP4
1614253904	Chlorovinyldichloroarsine	XM1BL4
1441633440	Copper arsenic complex	XM8SC0
234279090	Cacodylic acid	XM6C50
2137906310	Manganese dioxide	XM9ZR0
1795767961	Barium sulfite	XM38G1
2075869366	Phosphine	XM3G46
1928616190	Benzyl acetate	XM5AK0
1776232310	Cyclohexyl acetate	XM3AP0
1243110574	Ethylene chlorohydrin vapor	XM5HK4
115484579	Ethyl acetate	XM00H9
206043867	Potassium permanganate nonmedicinal	XM3VC7
390397765	Isopropyl acetate	XM1EQ5
1871579102	Ethyl dichloroarsine	XM1AE2
1990725673	Nitroderivative or aminoderivative of benzene or benzene homologue	XM83H3
1670304731	Arsine	XM00Z1
1286926910	Styrene	XM5V50
838616174	Tetrachloroethane vapor	XM4N54
1335004528	Potassium arsenite	XM4TW8
705390629	Diphenylchlorarsine	XM9YA9
873740369	Realgar	XM32L9
1330713516	Lead arsenite	XM3M96
155928206	Lead arsenate	XM8LC6
1159670300	Sodium arsenate	XM7H00
100779418	Sodium arsenite	XM7Y18
761992648	Drain cleaner, not elsewhere classified	XM6AU8
249675579	Calcium oxide	XM87X9
71654073	Triethanolamine	XM8F93
1419326330	Sodium carbonate	XM9370
30852407	Potassium carbonate	XM8WC7
566480119	Boron hydride	XM3FZ9
790595161	Sodium hypochlorite	XM0KW1
1969687066	Caustic hydroxide	XM8586
590234267	Nitrocellulose lacquer	XM8B47
1533581182	Acridine vapor	XM2QW2
1791519870	Chloronitrobenzene vapor	XM5S30
1254370286	Alkaline disinfectant, not elsewhere classified	XM9JC6
1489216106	Isophoronediisocyanate	XM4XC6
1058023165	Arsenic pesticide, not elsewhere classified	XM4GU5
1518327469	Barium carbonate	XM3709
1099438550	Decaborane fumes	XM74T0
1716514058	Methyl carbonate	XM7CR8
1631061211	Isophoronediamine	XM58V1
912152977	Phenylglycidylether	XM5YV7
1653193732	Diphenylmethane	XM9UH2
140864445	Methyl isobutyl ketone	XM5H65
424493509	Ethylene glycol dinitrate	XM0WA9
1674362812	Methyl acetate	XM12H2
1032279897	Hexanone	XM7KB7
304239975	Ethylene glycol monobutyl ether	XM8BF5
586434173	Methyl acetone	XM9LD3
864674205	Brake fluid vapor	XM8TE5
59018625	Hydroxymethylpentanone	XM5E65
811112763	Tricresyl phosphate	XM5FS3
1605157903	Benzoquinone	XM4GN3
1648690810	Acetophenone	XM0AM0
797449752	Polyester resin hardener	XM3JF2
223429699	Acetone	XM7U59
44729393	Paint stripper	XM9B14
1833022291	Methyl sulfate fumes	XM5Y11
204271829	Polishing compound	XM0KG9
56555379	Cortinarius speciosissimus mushroom	XM2BB9
654224655	Glue	XM3U55
1067744026	Barium chloride	XM5DL6
164843551	Cortinarius orellanus mushroom	XM9TZ1
1588219573	Freon	XM9813
1933157488	Cortinarius rubellus mushroom	XM85A8
95489402	Panaeolus sphinctrinus mushroom	XM0B62
1637962223	Panaeolus subbalteatus mushroom	XM27Y3
1974655669	Trichloroethylene vapor	XM7YS9
255633942	Panaeolus papilionaceus mushroom	XM3NJ2
177650250	Galerina marginata mushroom	XM7NR0
281494556	Lighter fluid	XM0R56
300892190	Lepiota josserandii mushroom	XM8R10
2075454185	Lepiota brunneoincarnata mushroom	XM7K06
361668962	Lepiota fulvella mushroom	XM6882
1259945665	Lepiota helveola mushroom	XM1UJ5
1510513515	Galerina venenata mushroom	XM78T5
530888316	Lepiota brunneolilacea mushroom	XM4L76
1887194683	Galerina sulcipes mushroom	XM24L3
355012880	Lepiota chlorophyllum mushroom	XM0FJ0
351092216	Diethylene glycol monobutyl ether	XM1A56
1630511985	Omphalotus illudens mushroom	XM7RG5
83103430	Omphalotus nidiformis mushroom	XM8VV0
1750942372	N-Hexane and Methyl n-butyl ketone solvent	XM5LH2
1814541046	Ethyl carbonate	XM77E6
701487795	Clitocybe rivulosa mushroom	XM2BD5
1899580805	Gyromitra infula mushroom	XM3LC5
2042857847	Pyridine vapor	XM7TE7
1846004103	Diethylene glycol monoethyl ether	XM8XU3
1236822762	Cyclohexanone	XM1L02
1070806750	Gyromitra ambigua mushroom	XM0BM0
142644013	Diacetone alcohol	XM9F73
1532713049	Petroleum product	XM7MJ9
214842639	Amanita tenuifolia mushroom	XM5039
2028064130	Amanita bisporigera mushroom	XM82H0
2119876581	Petroleum vapor	XM0B41
1665107880	Amanita verna mushroom	XM0G40
975470234	Diethylene glycol monoacetate	XM3834
1982122368	Amanita smithiana mushroom	XM3VN8
478110603	Amanita muscaria mushroom	XM91N3
1917134852	Amanita pseudoporphyria hongo mushroom	XM23X2
752007075	Amanita suballiacea mushroom	XM2HH5
385008871	Amanita hygroscopica mushroom	XM5911
2020556574	Amanita ocreata mushroom	XM8MF4
1927452786	Amanita pantherina mushroom	XM4NS6
858752177	Amanita phalloides mushroom	XM6HP7
715217345	Claviceps purpurea	XM00E5
202351062	Ethylene glycol monoethyl ether	XM4E62
1775504483	Ethylene glycol monomethyl ether	XM0C04
1701249251	Galerina fasciculata mushroom	XM6W91
1971641275	Gyromitra esculenta mushroom	XM76X5
2004299469	Antimony hydride	XM2AE9
1312443285	Insect or arthropod	
1725973556	Fish or seafood	
1489685061	Alum potassium	XM5GN1
1214476919	Ethyl mercuric chloride	XM8JX9
883276932	Antimony pesticide, not elsewhere classified	XM81B2
115616275	Amanita virosa mushroom	XM1DV5
926642414	Alum ammonium	XM9CV4
823942568	Milk or dairy	
717647100	Fowl or egg	
647866378	Aluminium phosphide	XM3TB8
371759764	Mercuric chloride nonmedicinal	XM9524
37985178	Mercuric oxide nonmedicinal	XM5X38
1037432324	Mercuric cyanide nonmedicinal	XM39J4
2024370153	Mercuric sulfate nonmedicinal	XM8HV3
1921218805	Methyl mercury	XM5DJ5
1930207562	Phenylmercury acetate	XM2Z22
391697730	Mercury thiocyanate	XM3W50
673923148	Mercury pesticide, not elsewhere classified	XM7UW8
1978736178	Copper oxide	XM0Y98
2091712112	Cadmium chloride	XM3YF2
2018548221	Mercury fulminate	XM4WJ1
1872870571	Verdigris	XM30V1
685037093	Oxine-copper	XM98Z3
105253407	Cadmium selenide	XM4YU7
1600140276	Copper hydroxide	XM0EX6
1285890939	Copper sulfate nonmedicinal	XM6859
324879559	Cadmium carbonate	XM3S39
783689517	Copper pesticide, not elsewhere classified	XM3757
730081404	Copper acetate	XM5U84
2138880350	Copper oxychloride	XM48K0
141966157	Cadmium sulfate	XM0TH7
623813870	Chromium VI compounds	XM34P0
1458661840	Cadmium pesticide, not elsewhere classified	XM1TW0
574824368	Lead dioxide	XM59W8
1153810152	Tin oxide	XM0K92
58145636	Lead azide	XM9WK6
50043937	Cadmium succinate	XM9217
1926994271	Lead acetate nonmedicinal	XM5071
1722586839	Lead antimonate	XM2PV9
1223524585	Lead alkyl	XM17Q5
2029463949	Chromic acid	XM95L9
1655707479	Chromyl chloride	XM79V9
933580624	Tin chloride	XM9KC4
1739422279	Lead chromate	XM91V9
412506456	Lead carbonate	XM3Y96
1935097372	Cadmium sulfide nonmedicinal	XM5YV2
1125952489	Potassium dichromate	XM0QY9
1824681701	Lead iodide	XM4EW1
2105626259	Lead monoxide	XM7LD9
1929773709	Nickelocene	XM5F09
1026559636	Lead oxide	XM2R16
946759875	Butylglycidylether	XM9MV5
323891382	Titanocene	XM89Q2
5173868	Nickel sulphate	XM7K88
355238252	Thallium sulfate	XM9YD2
980904380	Hard metal dust	XM3AW0
823820135	Carbon monoxide from incomplete combustion of charcoal	XM4QD5
1653813711	Acetylene	XM3FZ1
468751765	Bromobenzylcyanide	XM9FN5
1922022221	Titanium tetrachloride	XM4WJ2
1574299817	Liquefied petroleum gas	XM53K7
10894474	Carbon monoxide from incomplete combustion of coal	XM2EK4
1261239380	Mace lacrimogenic gas	XM3RL0
906492830	Natural gas	XM6BD0
744278980	Lead sulfide	XM3ZU1
1418038167	Carbon monoxide from incomplete combustion of coke	XM7NG7
787960289	Chloroacetone	XM2N89
1439078796	Carbon monoxide from engine exhaust gas	XM7SP6
1684801276	Ethyl iodoacetate	XM41V6
365980155	Carbon monoxide from incomplete combustion of fuel gas	XM9675
999806987	Coal gas	XM8GS7
1411229074	Blast furnace gas	XM8MR4
2051725662	Water gas	XM4X82
1346751294	Sulfur dioxide	XM0Z74
73825313	Producer gas	XM6993
1586496254	Nitrogen dioxide	XM05F4
604699951	Nickel carbonyl	XM9P91
28424938	Carbon monoxide from incomplete combustion of wood	XM8WR8
456929259	Methyl chloroformate	XM6RK9
1108028811	Lead paint, not elsewhere classified	XM0891
1288175456	Aconitum ferox plant	XM3VB6
698613781	Actaea spicata	XM3QE1
1366016654	Chloroacetophenone	XM7J14
1967241276	Picrotoxin	XM6KR6
724944488	Cerbera manghas plant	XM1FN8
234817177	Aconitine	XM2WR7
417033037	Pyrethrin nonmedicinal	XM5HR7
198283837	Cerbera odollam plant	XM2KR7
1908652219	Cerbera venenifera plant	XM8AZ9
1794498904	Coniine	XM3FY5
130284126	Afghanistan black	XM08L6
1899197282	Equisetum diuretic	XM0EC2
560725661	Gaultheria procumbens plant oil	XM5P41
531013045	Clematis vitalba plant	XM5D25
173375068	Cocaine	XM7UN8
1391288939	Colchicine	XM3Q99
1080650831	Ligustrum lucidum plant	XM1WT1
1366592938	Jatropha gossypiifolia plant	XM7CZ8
1930809414	Cyclamen persicum plant	XM5174
1965994190	Marijuana	XM8PV1
983503183	Jatropha multifida plant	XM84E3
1988948510	Ligustrum sinense plant	XM4CK0
1598340346	Jatropha macrorhiza plant	XM4R06
445863647	Primula obconica plant	XM9HN7
1769779581	Strychnine	XM5421
1543056070	Jatropha hastata plant	XM2C70
1595399602	Caladium seguinum	XM0BS2
1805230086	Cicutoxin	XM1S86
1969417336	Primula officinalis plant	XM4TX6
956786894	Brucine	XM7134
632472058	Ligustrum vulgare plant	XM23X8
649277858	Indian hemp	XM5WR8
1033391658	Lebanese red	XM3R78
1604770781	Caladium bicolor	XM1021
1848792270	Jatropha podagrica plant	XM04B0
965435699	Cyclamen europaeum plant	XM56R9
879932363	Jatropha curcas plant	XM8QC3
808234205	Nutmeg oil	XM6FE5
1681737073	Wisteria sinensis plant	XM8ZH3
226804139	Strophanthin-k	XM9QZ9
1812973794	Psoralen nonmedicinal	XM1MV4
517452032	Wisteria floribunda plant	XM29R2
574128203	Plum kernel	XM52C3
1757994336	Cherry kernel	XM5MK6
541586595	Amygdalin	XM01R5
260577287	Primula veris plant	XM19S7
1533905407	Scilliroside	XM0SG7
780333149	Ricin	XM2VG9
36740588	Tobacco	XM88J8
219377899	Peach kernel	XM7B39
802944109	Cianidanol	XM8UA9
12262056	Solanum pseudocapsicum plant	XM0QV6
1679984308	Folium stramoniae	XM7CA8
1364995028	Solanine	XM9588
421075201	Solanum dulcamara plant	XM56G1
869983322	Benzoin (tincture)	XM82G2
1609861628	Ephedra	XM1D48
932942307	Sabadilla insecticide	XM4BY7
1641881901	Solanum nigrum plant	XM1AE1
1140850599	Menthol	XM9GX9
2092946134	Apricot kernel	XM0PX4
1141190122	Datura stramonium plant	XM8VJ2
30255966	American beech wood dust	XM7A46
349627782	Oak wood dust	XM4M03
591119993	Gelsemine	XM4Y73
58050825	Tragacanth	XM1PQ5
1453588710	Palm kernel oil	XM2YX0
179466946	Kiwifruit	XM4TY6
1967516577	Melon	XM0DF7
1616815481	Orange	XM2XN1
1792213525	Peach	XM5S85
828407672	Apple	XM1K52
509297386	European ash wood dust	XM6VG6
531184666	Banana	XM07U6
1869209461	Mango	XM6AW1
2143833293	Olive	XM2Q13
1016813295	Barley	XM9MB5
742049111	Buckwheat	XM13D1
1456484648	Corn	XM3GC8
1219798624	Oat	XM8X04
479662463	Johnson grass	XM39Y3
1698941033	Grape	XM77D3
1114342608	Pineapple	XM6E89
301074246	Pear	XM4GG6
1559897658	Japanese hop	XM9898
1010624159	Bahia grass	XM47Z9
917586419	Strawberry	XM5ZK9
1993128842	Bermuda grass	XM5ZN2
1834006862	Sweet vernal grass	XM13U2
1434034319	Baker yeast	XM1E00
370849299	Kentucky blue grass	XM0D79
958499727	Gluten	XM56U7
1742544418	Timothy	XM94M9
1117696382	Rye	XM6JA2
730428080	Cocksfoot	XM5TW0
564356526	Carrot	XM9S46
486284145	Avocado	XM63G5
1925599482	Salt grass	XM4BW3
724484802	Celery	XM1PN2
1273496165	Garlic	XM40Y5
1641979861	Cocoa	XM9SJ1
1187234129	Giant ragweed	XM1X29
316700238	Lettuce	XM6798
1276961761	Soybean	XM3TW1
775139282	English plantain	XM3KE2
1280206397	Goosefoot	XM4GX7
1103238521	Common ragweed	XM5V61
952510148	Sheep sorrel	XM72E8
409850146	Lentils	XM45L6
992534794	Common pigweed	XM9DZ5
48649606	Nettle	XM8F26
402463582	Pea	XM56E2
306693696	Mugwort	XM0L96
2014093815	Onion	XM9KB5
1477454683	Mustard	XM7GY3
1816273325	Tomato	XM72C5
2095297045	Western ragweed	XM42C5
101271142	White bean	XM0GA2
1777925325	Wormwood	XM9S45
1094744584	American beech	XM1304
203641208	Almond	XM60Q8
524933643	Cedar elm	XM9GG3
638962888	Wall pellitory	XM3LL8
843809200	Rough pigweed	XM3VS0
1915139819	Potato	XM9J59
617173601	Japanese cypress	XM8QG1
2082900743	Pecan or hickory tree	XM1QN3
567558001	Peanut	XM6Q82
561221377	Paper mulberry	XM8K37
1271782756	Arizona cypress	XM5TH6
114065272	Pine nut	XM7833
902314743	Italian cypress	XM4WW3
358862103	Brazil nut	XM3ES3
1061526939	Hazelnut	XM7L19
266881459	Coconut	XM6MF9
671431706	Pistachio	XM2B46
1359964461	Western white pine	XM3ZG1
1963113922	Cottonwood	XM9JG2
452134763	English walnut pollen	XM2044
24053165	Mesquite	XM0QL5
535718523	Cashew nut	XM2EQ3
1122626465	Silver birch	XM30J5
2133371616	Grey alder	XM7QD6
1428043632	Coastal maple	XM36B2
738076781	Mountain juniper	XM7G21
199402177	Macadamia	XM9AZ7
1752745569	Sesame seed	XM1L09
1220803773	Wattle	XM5VB3
1306431917	Red maple	XM34T8
1214532813	Walnut	XM3DB3
1066570452	White birch	XM3VX2
1910462975	Willow	XM4YR5
506389334	White mulberry	XM5AD4
1165518501	White ash	XM3DL1
874020582	Lemon	XM7AS2
267648132	Sunflower seed	XM2YD2
1613432005	Cherry	XM0885
92167152	Chick pea	XM2XV2
1660248333	Red mulberry	XM03B3
1091764180	Japanese cedar	XM3940
1243453813	Black pepper	XM5733
1987420232	Spinach	XM25M2
1417219635	White hickory	XM6V15
801518784	Grapefruit	XM5J64
1371788115	Pacific squid	XM6SX5
1810079767	Gum-tree	XM1A07
188067214	Red top grass	XM8SV5
1634600827	Sweet gum	XM1FG7
265993838	Paprika	XM9UT8
2096629540	Green bean	XM9BG0
712829346	Mexican firebush	XM3EW6
331817460	Rice	XM3XQ1
1270654328	Veratrum album plant	XM86L8
1966098973	Cabbage	XM7S13
1245936467	Veratrum viride plant	XM9Z08
1750172815	Pecan or hickory nut	XM9135
780625125	Pramoxine	XM8485
2032950131	Human coronavirus OC43	XN7CX
1819630923	Guanarito virus	XN56K
1007584508	Chapare virus	XN2WG
1019362950	SARS-CoV-1	XN1V8
1277927175	MERS-CoV	XN3BD
243015485	SARS-CoV-2	XN109
401860716	Lassa virus	XN0CU
1496387979	Borna disease virus 1	XN395
1202106313	Parvovirus B19	XN4C1
1612612420	Marburg virus	XN3F2
1989530593	Lujo virus	XN77P
1578656	Ravn virus	XN5M2
695007831	Circulating vaccine-derived poliovirus type 3	XN7UU
230040055	Wild poliovirus type 1	XN6KZ
1817060832	Circulating vaccine-derived poliovirus type 2	XN1XN
912106387	Wild poliovirus type 2	XN9CF
2034717053	Pipistrellus bat coronavirus HKU5	XN5V7
1133647765	Machupo virus	XN45B
653134416	Sabiá virus	XN55S
1279300873	Rousettus bat coronavirus HKU9	XN1N9
1002894383	Cedar Virus	XN5PM
1178267790	Circulating vaccine-derived poliovirus type 1	XN2T1
472479427	Wild poliovirus type 3	XN97R
475023032	Human coronavirus HKU1	XN9KN
624712907	Nipah virus	XN931
420438854	Ebola virus	XN1EN
1422126190	Punta Toro virus	XN2YW
436435061	Jamestown Canyon orthobunyavirus	XN8ZB
151601294	Junín virus	XN2ZL
916304188	Borna disease virus 2	XN0P6
151952500	West Nile virus lineage 2	XN6T6
1077952784	Hendra virus	XN53N
714548111	Dobrava-Belgrade virus	XN16X
1873218514	Measles virus	XN186
327337002	Hantaan virus	XN3GW
1084363936	Bombali virus	XN12Y
1197364235	Human respiratory syncytial virus	XN275
1954076338	Naples phlebovirus	XN7FG
417566490	Batai virus	XN6PC
854724566	Sudan virus	XN13U
964798944	Tahyna orthobunyavirus	XN15J
1104716470	Sicilian phlebovirus	XN72W
511160867	California encephalitis orthobunyavirus	XN0P5
1285909913	Taï Forest virus	XN8TT
1902492578	Oropouche orthobunyavirus	XN4U2
691833038	Tylonycteris bat coronavirus HKU4	XN1GJ
1263863258	Rift Valley fever virus	XN7AS
1232386807	Bundibugyo virus	XN8JT
358923599	bovine papular stomatitis virus	XN7JF
738764596	Reston virus	XN9QG
1129935127	West Nile virus lineage 1	XN2J3
95298809	Orf virus	XN8E5
1043282903	Toscana phlebovirus	XN3V9
275457929	La Crosse orthobunyavirus	XN5DT
458525725	pseudocowpox virus	XN8JR
1627093972	Epstein-Barr virus	XN0R2
1442627494	Rhadinovirus	XN7NE
2056587240	Variola virus	XN4Q0
1335018386	Vaccinia virus	XN06N
605239919	Buffalopox virus	XN3Y3
947890362	Dengue virus	XN4CA
2087943811	Yellow fever virus	XN9S3
245882936	Zika virus	XN1H2
1440087368	Cowpox virus	XN0AU
816439437	Orthopoxvirus monkeypox	XN2GM
1173280917	Tick-borne encephalitis virus-Far Eastern subtype	XN8WB
363333425	Influenza A H1N1 virus	XN297
917355908	Human herpesvirus 8	XN0G4
452228915	Roseolavirus	XN1GF
2141267994	Molluscum contagiosum virus	XN7YE
1786174656	Cytomegalovirus	XN3SQ
364282374	Influenza A H7N9 virus	XN35G
1272900039	Tick-borne encephalitis virus-Siberian subtype	XN4LG
169662530	Influenza A H3N2 virus	XN6WE
1353248381	Swine influenza A H1N1 virus	XN02Z
1136813326	Influenza A H1 virus	XN2J2
2014341304	Influenza A H1N1 pdm2009 virus	XN9SG
86745676	Influenza A H3N2 Moscow/10/99 virus	XN9HE
499893517	Influenza A H1pdm09N2 2:6 reassortant influenza virus	XN3UJ
448613368	Influenza A H3N2 Panama/2007/99 virus	XN3UU
186356512	Equine influenza A H3N8 virus	XN81W
1858092715	Influenza A H5 virus	XN6MR
77304926	Influenza A H7N2 variant	XN2SA
1457073110	Influenza A H1N2v virus	XN3VG
2061253421	Influenza A H1N2 variant	XN16M
826007642	Influenza A H7N2 virus	XN9GE
1362473208	Powassan virus	XN01E
271641748	Swine influenza A H3N2 virus	XN476
1875342837	Influenza A H3 virus	XN8WA
5681529	Influenza A H5N1 virus	XN4TT
741597095	Influenza A H1N1v virus	XN9Z9
1576457489	Influenza A H5N6 virus	XN7JR
159029509	Influenza A H5N5 virus	
2139646712	Muromegalovirus	XN5FN
262538528	Influenza A H3N2v virus	XN9FE
1001801526	Influenza A H6N1 virus	XN0AS
557695890	Influenza A H7N4 virus	XN5WA
1295478096	Influenza A H10N3 virus	XN5SY
1540831203	Influenza A H7N7 virus	XN8YT
1386317052	Influenza A H10N7 virus	XN66Y
906875144	Mardivirus	XN42C
783092206	Influenza A H5N2 virus	XN5DQ
1479287704	Influenza A H10N8 virus	XN0MW
281401658	Influenza A H9 virus	XN71C
3592028	Influenza A H2N2 virus	XN79W
1203423780	Influenza A H9N2 virus	XN412
543390011	Tanapox virus	XN0K5
1322023227	Influenza A H7N3 virus	XN8Q3
1159685374	Yaba monkey tumour virus	XN81C
1228337687	Herpes simplex virus-2	XN5V1
1399966925	Herpes simplex virus-1	XN41T
968120730	Iltovirus	XN4P4
1527156800	Human T-cell lymphotropic virus type 3	XN9WG
1434540394	Human T-cell lymphotropic virus type 1	XN1WJ
1905769982	Human T-cell lymphotropic virus type 2	XN9YA
828315576	Sarcoptes scabiei var. hominis	XN5YU
319532304	Dipylidium caninum	XN20Y
1734318771	Brugia malayi	XN5RM
810293277	Lentivirus	XN5R7
1368078164	Human T-cell lymphotropic virus type 4	XN8M2
2040869463	Brugia timori	XN80F
1379095753	Capillaria philippinensis	XN9DT
325101312	Anisakis marina	XN9HA
2017952153	Dirofilaria immitis	XN3BX
1759908385	Angiostrongylus costaricensis	XN23C
1404759305	Dracunculus medinensis	XN9Q5
213097968	Varicella zoster virus	XN0TA
949865360	Angiostrongylus cantonensis	XN2UG
1381523143	Ascaris lumbricoides	XN97M
964655198	Echinococcus oligarthrus	XN6TQ
1015541214	Ancylostoma duodenal	XN5V8
1761009437	Trichostrongylus colubriformis	XN4K7
418007858	Gnathostoma spinigerum	XN8GS
1639968554	Fasciola hepatica	XN7X9
770543432	Fasciolopsis buski	XN024
675043370	Dirofilaria repens	XN7JS
1123667327	Echinococcus multilocularis	XN0K1
667392090	Onchocerca volvulus	XN8T4
1754077231	Diphyllobothrium species	XN7UT
1474462631	Mansonella ozzardi	XN6PZ
663081148	Echinococcus vogeli	XN9LQ
310514894	Echinococcus granulosus	XN1H0
740290996	Syngamus trachea	XN04L
1798457414	Fasciola gigantica	XN90A
1731498173	Clonorchis sinensis	XN5SV
326134334	Trichinella spiralis	XN34A
482992816	Wuchereria bancrofti	XN3V2
871531289	Schistosoma mekongi	XN9T7
1728012701	Oesophagostomum bifurcum	XN0NZ
1020618754	Schistosoma haematobium	XN86N
918383573	Schistosoma intercalatum	XN9FK
421017026	Strongyloides stercoralis	XN1KQ
494523582	Necator americanus	XN8K8
379698516	Taenia solium	XN8XE
601734676	Loa loa	XN1QQ
205190346	Paragonimus westermani	XN0A6
297811865	Acinetobacter pittii	XN2QH
506762610	Acinetobacter junii	XN5YN
2107004663	Gnathostoma hispidum	XN8DD
1478544391	Toxocara canis	XN7MR
849256036	Mansonella streptocerca	XN0JQ
1482361653	Hymenolepis nana	XN9S5
645377608	Toxocara cati	XN54C
955695520	Diphyllobothrium latum	XN67S
1915739749	Enterobius vermicularis	XN4AR
953108834	Acinetobacter baumannii	XN8LS
1590228748	Acinetobacter nosocomialis	XN0DS
378664620	Acinetobacter haemolyticus	XN4JQ
2057480360	Brucella abortus	XN7A8
1649095561	Acinetobacter lwoffii	XN38M
1426565784	Bartonella clarridgeiae	XN3F6
813414237	Bartonella elizabethae	XN5J5
701376218	Trichuris trichiura	XN6UA
11379783	Bartonella rochalimae	XN43H
900358195	Bartonella vinsonii	XN6KD
1708243332	Bartonella washoensis	XN94Y
780214201	Bartonella grahamii	XN5SH
1610641134	Bartonella henselae	XN862
1336241362	Brucella canis	XN84J
1282004967	Cabassou virus	XN0UF
1137729397	Chikungunya virus	XN4ZB
648823474	Mayaro virus	XN5ZC
1145342704	Bartonella bacilliformis	XN0W4
470945366	Everglades virus	XN26A
92042025	Bartonella quintana	XN14D
56696690	Barmah Forest virus	XN5KQ
595432928	Sindbis virus	XN0D6
377115050	Babanki virus	XN434
1456148909	Salmon pancreatic disease virus	XN4D3
1556487119	Acinetobacter calcoaceticus	XN24X
1032273210	Ockelbo virus	XN9WS
330008260	Ross River virus	XN49A
1713177271	Eastern equine encephalitis virus	XN78T
2100723005	Tonate virus	XN4ER
1281184416	Halicephalobus gingivalis	XN10L
1306553895	Bebaru virus	XN6XS
534689123	Brucella suis	XN3UP
912710408	Middelburg virus	XN1VS
1236795529	Trocara virus	XN2B3
1955764724	Brucella melitensis	XN7ZW
1993841409	o'nyong nyong virus	XN6AD
112248860	Sleeping Disease virus	XN132
867634282	Whataroa virus	XN8PC
1737800567	Mucambo virus	XN7PD
1174505499	Kyzylagach virus	XN87D
432265528	Paramana virus	XN240
1394263747	Ndumu virus	XN0H9
2037257107	Mosso das Pedras virus	XN34P
1075635264	Campylobacter coli	XN0BA
1356234230	Bartonella koehlerae	XN302
751050062	Río Negro virus	XN79Q
1592151206	Campylobacter fetus	XN3EN
1929792623	Aura virus	XN0SK
1692339892	Campylobacter lari	XN1UQ
2074877848	Campylobacter upsaliensis	XN712
252980437	Bordetella bronchiseptica	XN173
223424034	Semliki Forest virus	XN3D4
627112325	Campylobacter jejuni	XN4Q5
974383265	Bordetella pertussis	XN23B
1069694927	Anaplasma phagocytophilum	XN1MH
1601172836	Bordetella parapertussis	XN7LQ
1771377119	Burkholderia gladioli	XN351
1878765214	Chlamydia pneumoniae	XN9EE
620116655	Burkholderia cepacia complex	XN335
275201521	Burkholderia pseudomallei	XN3LD
1463986285	Venezuelan equine encephalitis virus	XN445
1619607438	Ehrlichia chaffeensis	XN4GW
874764787	Burkholderia mallei	XN6Y3
821225021	Ehrlichia canis	XN293
725377319	Fusobacterium polymorphum	XN911
99951177	Ehrlichia ewingii	XN2YH
1613765968	Citrobacter diversus	XN1AY
1433076584	Fusobacterium novum	XN5MA
1790818876	Citrobacter braakii	XN19E
1526491884	Chlamydia trachomatis	XN4Q4
1354421254	Fusobacterium nucleatum	XN4P8
1431051800	Citrobacter amalonaticus	XN42U
1430643322	Coxiella burnetii	XN0QS
902220227	Fusobacterium necrophorum	XN7B1
2141648100	Citrobacter farmeri	XN6S0
1985881557	Citrobacter freundii	XN0M3
1965773704	Citrobacter koseri	XN69N
468349501	Haemophilus ducreyi	XN6MB
1876777894	Cristoli virus	XN09U
1627424332	Francisella philomiragia	XN6HJ
1523747834	Helicobacter bilis	XN0YS
675811104	Haemophilus influenzae	XN1P6
445002605	Francisella tularensis	XN0BX
1243091532	Helicobacter hepaticus	XN8PN
176665435	Chlamydia psittaci	XN4S7
244925662	Helicobacter pylori	XN3DY
178868811	Helicobacter bizzozeronii	XN0TD
255512005	Legionella longbeachae	XN14Z
442747901	Helicobacter ganmani	XN9X3
1876250512	Helicobacter canis	XN42L
832481133	Helicobacter salomonis	XN9D7
445148413	Bunyamwera orthobunyavirus	XN6GD
471192236	Legionella anisa	XN5R6
366625647	Helicobacter suis	XN079
1598100598	Legionella pneumophila	XN9YS
1241355413	Legionella bozemanii	XN6VB
158671558	Legionella donaldsonii	XN94J
602148612	Legionella brunensis	XN9TA
1475506265	Legionella cherrii	XN9H3
694790248	Legionella cincinnatiensis	XN9MB
164795060	Legionella dumoffii	XN69J
66618794	Legionella clemsonensis	XN8QA
1190336719	Legionella feeleii	XN31H
409241454	Legionella gormanii	XN53C
693600962	Human coronavirus 229E	XN0UA
756581418	Legionella erythra	XN26N
1468643179	Legionella jordanis	XN2KM
844241630	Legionella lansingensis	XN2U6
1132822481	Legionella cardiaca	XN089
1685842937	Tick-borne encephalitis virus-European subtype	XN1MT
2036971243	Legionella micdadei	XN5UY
494529150	Legionella londiniensis	XN3D0
1944326535	Legionella macaechernii	XN3CK
1802468554	Legionella oakridgensis	XN8V0
955711324	Legionella nagasakiensis	XN9WL
401886482	Legionella lytica	XN2NN
1852969434	Legionella tucsonensis	XN4R0
1694480054	Legionella wadsworthii	XN36P
2121544210	Legionella rubrilucens	XN5V4
334089766	Lymphocytic choriomeningitis virus	XN4ZL
77514337	Legionella parisiensis	XN3XF
612519117	Legionella sainthelensi	XN0U5
1096409466	Legionella steelei	XN138
967742069	Klebsiella pneumoniae	XN741
174214477	Legionella worsleiensis	XN4K9
551388955	Klebsiella granulomatis	XN027
898885991	Enterobacter gergoviae	XN319
1273847800	Klebsiella aerogenes	XN4FS
2061068564	Enterobacter amnigenus	XN19N
1893350624	Klebsiella planticola	XN6K2
352424277	Klebsiella rhinoscleromatis	XN59X
1578336142	Klebsiella ozaenae	XN2P8
87964617	Enterobacter cloacae	XN3YM
1532703292	Klebsiella oxytoca	XN7WL
1637792238	Neisseria gonorrhoeae	XN59Y
1895005710	Enterobacter intermedius	XN8A2
1516393424	Enterobacter hormaechei	XN90L
897876259	Leptospira broomii	XN9K9
814646391	Enterobacter asburiae	XN1DZ
15723041	Legionella waltersii	XN18D
1527363560	Shigella boydii	XN8RN
81962027	Neisseria meningitidis	XN1DV
1095665982	Shigella flexneri	XN7Y2
1358470376	Leptospira borgpetersenii	XN7D2
80471749	Shigella dysenteriae	XN285
512546847	Shigella sonnei	XN9M9
8602967	Leptospira inadai	XN20F
606121602	Influenza A H5N8 virus	XN6MY
740702496	Legionella birminghamensis	XN63J
1958508774	Leptospira alexanderi	XN1R8
620334079	Enterobacter cancerogenus	XN15Z
1146348590	Leptospira kirschneri	XN110
164801656	Schistosoma japonicum	XN1ZJ
1711233170	Leptospira fainei	XN5HC
338181533	Leptospira noguchii	XN4KP
1901338712	Leptospira licerasiae	XN6NU
511307187	Leptospira interrogans	XN78P
181572985	Leptospira santarosai	XN01X
462533903	Leptospira alstonii	XN5UB
556792297	Leptospira kmetyi	XN481
2006269383	Legionella hackeliae	XN751
1365718316	Providencia rustigianii	XN77S
1273654464	Leptospira wolffii	XN77E
1542099528	Providencia stuartii	XN64G
1049466150	Providencia rettgeri	XN2PG
1504277959	Schistosoma mansoni	XN8HD
781611387	Leptospira weilii	XN4E7
1943904407	Taenia saginata	XN871
876318953	Schistosoma guineensis	XN1CV
778447038	Leptotrichia buccalis	XN734
360226678	Leptotrichia hongkongensis	XN4SA
1674368473	Southern elephant seal virus	XN5MK
1579694415	Leptotrichia shahii	XN7NF
1074111698	Western equine encephalitis virus	XN2CK
170052800	Leptotrichia goodfellowii	XN4GY
846451474	Leptospira species	XN4FL
606549424	Leptotrichia trevisanii	XN6QY
1375386579	Leptotrichia hofstadii	XN0SF
457748006	Leptotrichia wadei	XN5SN
1659193299	Mansonella perstans	XN8AX
361285299	Spirillum minus	XN0J7
239485353	Spirillum pulli	XN78V
2055133538	Enterobacter agglomerans	XN762
2132792890	Helicobacter felis	XN6JN
1898964842	Helicobacter cinaedi	XN354
226478518	Legionella jamsestownensis	XN5NX
1811342866	Pseudomonas aeruginosa	XN5L6
1371571546	Providencia alcalifaciens	XN0KL
2092942589	Pixuna virus	XN3YZ
565298763	Pseudescherichia vulneris	XN2S7
1419345308	Neorickettsia sennetsu	XN7C8
243989463	Pseudomonas oryzihabitans	XN3JP
994149853	Spirillum volutans	XN17K
2062050402	Serratia odorifera	XN0M8
1581094938	Spirillum winogradskyi	XN96A
1692301050	Serratia plymuthica	XN88A
1409836514	Serratia liquefaciens	XN1RU
726115861	Rickettsia akari	XN7WV
20149061	Proteus mirabilis	XN9ZF
1193446144	Serratia marcescens	XN2V6
778020718	Pseudomonas pseudomallei	XN8AA
524436822	Pseudomonas mallei	XN52E
1099051844	Rickettsia felis	XN6W8
275796787	Pseudomonas plecoglossicida	XN8J7
1042194477	Rickettsia typhi	XN2AR
1034316798	Herbaspirillum huttiense	XN7QA
1354830644	Rickettsia conorii	XN8U4
620637831	Rickettsia japonica	XN3XV
875870001	Pasteurella multocida	XN30D
1641869584	Salmonella enterica subspecies bongori	XN2DW
845354924	Morganella morganii	XN5W4
1682927232	Proteus morganii	XN9DS
2058733158	Proteus vulgaris	XN118
1592861288	Proteus penneri	XN7PE
584577246	Rickettsia helvetica	XN9NE
539487467	Salmonelaa enterica subspecies houtenae	XN4NF
1312537554	Rickettsia rickettsii	XN33Q
1975579786	Streptobacillus moniliformis	XN91U
289517671	Salmonella enterica subspecies indica	XN7TM
973375075	Rickettsia africae	XN9YP
301591283	Rickettsia australis	XN23V
1954936630	Rickettsia sibirica	XN1N6
1533197800	Rickettsia hoogstraalii	XN5NY
1567647333	Ralstonia picketti	XN6AH
664441366	Ralstonia mannitolilytica	XN694
2063571630	Yersinia pseudotuberculosis	XN6K8
1282477811	Ralstonia insidiosa	XN9VM
1159128978	Yersinia pestis	XN6QS
1558536161	Mycoplasma pneumoniae	XN4NV
1848062332	Mycoplasma genitalium	XN9UG
658391655	Cronobacter sakazakii	XN2YF
1528886538	Mycoplasma hyorhinis	XN674
1260836546	Yersinia enterocolitica	XN91V
594903542	Brevundimonas vesicularis	XN2F0
1983497957	Actinomadura	XN8P7
1144581666	Clostridium botulinum	XN2JN
182242025	Clostridium butyricum	XN8TK
459083633	Actinomyces israelii	XN15T
1046276301	Mycoplasma penetrans	XN3AD
498786640	Elizabethkingia anophelis	XN6BA
1109533063	Borrelia hermsii	XN3PD
1750529239	Mycobacterium canettii	XN8N3
98628208	Actinomyces species	XN8HN
2098197231	Mycobacterium colombiense	XN9H9
220915988	Mycobacterium microti	XN3T2
94873493	Actinomyces gerencseriae	XN0GV
942484838	Mycobacterium bovis	XN8AB
1775720767	Raoultella ornithinolytica	XN0MD
307886136	Borrelia afzelii	XN7GL
884622767	Clostridium sordellii	XN4LP
476694884	Mycobacterium leprae	XN5TS
389498428	Elizabethkingia meningoseptica	XN6C4
1238094739	Orientia tsutsugamushi	XN675
43213186	Mycobacterium tuberculosis	XN1N2
1618741792	Clostridium tetani	XN5NQ
1565601955	Mycobacterium africanum	XN6YB
1991007283	Mycobacterium caprae	XN4MR
1545235597	Borrelia turicatae	XN8ZT
1662228925	Borrelia duttoni	XN4A1
1452788705	Borrelia persica	XN7MK
395376206	Aeromonas caviae	XN0XY
1367266331	Staphylococcus aureus	XN6BM
250123265	Coagulase-negative Staphylococci	XN9LM
1052129157	Staphylococcus saprophyticus	XN6B7
31042573	Staphylococcus intermedius	XN3EV
196310992	Non-tuberculous mycobacterium	XN96Q
1552785793	Stenotrophomonas maltophilia	XN0AD
932488692	Borrelia vincentii	XN140
399140792	Mycobacterium pinnipedii	XN7H2
363766661	Staphylococcus hyicus	XN71F
1697476672	Corynebacterium pseudotuberculosis	XN5EG
113783818	Borrelia hispanica	XN8WW
350521315	Bacillus anthracis	XN94F
1973549214	Enterococcus faecalis	XN2H4
757014864	Corynebacterium striatum	XN752
124515330	Propionibacterium propionicus	XN27L
1214463125	Corynebacterium tenuis	XN3MP
404284710	Corynebacterium minutissimum	XN78S
385561149	Enterococcus avium	XN0DT
481963823	Enterococcus raffinosus	XN3QK
2103769313	Corynebacterium diphtheriae	XN9N1
841906326	Gamma-haemolytic Streptococcus	XN2NS
1760434324	Enterococcus durans	XN724
1404233658	Enterococcus mundtii	XN4ZZ
1283744438	Streptococcus, group D	XN5KC
1827946206	Enterococcus gallinarum	XN8BQ
628738263	Corynebacterum ulcerans	XN17W
2054562376	Salmonella enterica subsecies arizonae	XN336
1338434298	Serratia rubidaea	XN54N
1808959816	Vibrio vulnificus	XN44G
1261013150	Salmonella enterica subspecies salamae	XN1U2
1286274194	Enterococcus casseliflavus	XN3XY
2133219818	Salmonella enterica subspecies enterica	XN5VC
1292092042	Escherichia coli	XN6P4
7941799	Salmonella enterica subspecies diarizonae	XN02B
797046553	Escherichia hermannii	XN6MP
752144496	Group H Streptococcus	XN40Y
922914432	Brevundimonas diminuta	XN8W4
845951092	Nocardia brasiliensis	XN1LG
1460678065	Nocardia asteroides	XN2BK
1205515271	Listeria ivanovii	XN39H
1996413423	Crimean-Congo haemorrhagic fever virus	XN17V
120175840	Group E Streptococcus	XN8BJ
396455352	Erysipelothrix rhusiopathiae	XN4FJ
2025140111	Beta-haemolytic Streptococcus	XN1AF
581347778	Listeria monocytogenes	XN602
1862483668	Enterococcus faecium	XN51E
1777733625	Alpha-hemolytic Streptococcus	XN1V3
501248166	Tropheryma whipplei	XN5P4
86080279	Microsporum nanum	XN3WX
833554083	Microsporum persicolor	XN7JK
560307989	Microsporum gallinae	XN5GR
1465017681	Group F Streptococcus	XN6BB
62211628	Trichophyton verrucosum	XN69S
660487234	Borrelia recurrentis	XN5R4
783752585	Microsporum equinum	XN6NM
1005460401	Microsporum canis	XN5ER
1418810246	Trichophyton simii	XN4H4
139763730	Microsporum gypseum	XN2VZ
70131285	Treponema carateum	XN76V
410251050	Mycobacterium indicus pranii	XN8FC
9136971	Microsporum audouinii	XN3YF
1998972403	Borrelia garinii	XN4VZ
1860930306	Vibrio parahaemolyticus	XN1AA
1245708769	Bacteroides fragilis	XN2R7
789302389	Clostridium perfringens	XN7J5
888671567	Treponema pallidum	XN711
907877430	Borrelia burgdorferi	XN13C
190524601	Mycoplasma fermentans	XN3NR
1082861452	Clostridium baratii	XN1C8
2067562404	Rickettsia prowazekii	XN8SY
2128349444	Microsporum ferrugineum	XN2R2
824826401	Vibrio cholerae	XN7N1
1905826342	Bacillus cereus	XN8PY
2002138857	Aeromonas hydrophila	XN40Z
1390983217	Borrelia miyamotoi	XN2P3
812923583	Trichophyton soudanense	XN135
1334027230	Epidermophyton floccosum	XN2T0
469417729	Bifidobacterium dentium	XN0PT
1497902539	Borrelia crocidurae	XN3F1
999677059	Trichophyton rubrum	XN2JF
1557694819	Borrelia parkeri	XN6VH
1918610673	Microsporum praecox	XN7TP
1959760330	Trichophyton mentagrophytes	XN4DQ
1044368607	Trichophyton violaceum	XN31R
855396424	Babesia duncani	XN2AC
946992940	Babesia divergens	XN81J
533805185	Trichophyton megninii	XN96H
247504171	Trichophyton equinum	XN3YG
1779218172	Trichophyton gourvilii	XN628
1246917808	Trichophyton concentricum	XN8M6
2138894892	Trichophyton schoenleinii	XN53A
806354317	Trichophyton yaoundei	XN8BF
623721607	Trichophyton tonsurans	XN1K6
1356460052	Trichophyton interdigitale	XN8BW
669458080	Babesia venatorum	XN5ZJ
761969140	Babesia microti	XN2V2
1472971081	Naegleria fowleri	XN6EV
1838183743	Cyclospora cayetanensis	XN4BR
123068520	Cryptosporidium canis	XN0NC
1462647257	Cryptosporidium felis	XN5SZ
2103110793	Isospora belli	XN9ZT
1214064893	Giardia lamblia	XN94Z
979767041	Cryptosporidium parvum	XN9BP
1377441319	Leishmania aethiopica	XN87Z
749243640	Cryptosporidium muris	XN4MN
1730007635	Leishmania brasiliensis	XN6DJ
639970196	Leishmania major	XN7EU
39964566	Leishmania mexicana	XN1EE
1314468530	Balantidium coli	XN3H4
844243998	Cryptosporidium meleagridis	XN4VU
1289797315	Leishmania donovani infantum	XN1M5
1486336331	Entamoeba histolytica	XN82F
385038480	Toxoplasma gondii	XN896
258067317	Blastocystis hominis	XN1M7
2109674521	Trichomonas vaginalis	XN7YM
614246373	Cryptosporidium hominis	XN4ZT
843441954	Plasmodium cynomolgi	XN12A
1447196809	Trypanosoma brucei	XN0C1
1483885019	Plasmodium malariae	XN7K1
1067389762	Penicillium notatum	XN7JJ
449427600	Dientamoeba fragilis	XN86U
1657537853	Plasmodium falciparum	XN69B
929434596	Leishmania tropica	XN95N
52373613	Plasmodium ovale	XN5WD
2083958233	Plasmodium vivax	XN217
1014019045	Plasmodium knowlesi	XN93K
1034527013	Retortamonas intestinalis	XN9K3
682815485	Chilomastix mesnili	XN0UD
253891793	Rhizopus arrhizus	XN9KP
1220071533	Trypanosoma cruzi	XN56V
1571643825	Apex of shoulder	XA5BU5
838749159	Lateral condylar surface of elbow	XA6599
1691733233	Anterior surface of shoulder	XA3PZ3
651570983	Medial condylar surface of elbow	XA4983
1065556593	Interdigital web space of hand	XA65Z3
736297241	Medial surface of upper arm	XA3J41
2088002216	Dorsum of hand	XA30Z6
243611688	Palm of hand	XA3NY8
2046770427	Skin of upper limb	
822750113	Fingers and thumb	XA2593
1019962841	Anterior surface of upper arm	XA22Q1
573000598	Skin of shoulder	
95668377	Posterior surface of upper arm	XA5TK8
2110398539	Fingernails	XA0EH9
1031608412	Skin of antecubital space	
1776345807	Posterior surface of shoulder	XA34G7
514878466	Antecubital fossa	XA9NE6
947929015	Dorsal surface of wrist	XA0SH5
1327812926	Medial surface of forearm	XA2Q46
33067767	Ulnar border of wrist	XA0J47
382793271	Radial border of wrist	XA3LK1
1816213122	Lateral surface of forearm	XA1VA2
1108475650	Dorsal surface of forearm	XA8WH0
2000851481	Anterior axillary fold	XA41A1
1617622745	Posterior axillary fold	XA2RY5
160958658	Elbow tip	XA3RT8
1306247849	Lateral surface of knee	XA77E9
1525917289	Medial surface of knee	XA9S09
1059756073	Popliteal fossa	XA4DM3
1721557219	Skin of knee	
1493624994	Posterior surface of ankle	XA6AP4
799562615	Volar surface of wrist	XA6AR5
1714085734	Lateral surface of ankle	XA7AM4
1872808818	Medial surface of ankle	XA7P78
1312440153	Lateral surface of upper arm	XA2W33
1089399959	Lateral surface of thigh	XA8RH9
1956868073	Anterior surface of thigh	XA98B3
402925049	Perineum	XA53N9
1472628823	Posterior surface of thigh	XA0183
927597086	Medial surface of thigh	XA1YQ6
2043065129	Skin of ankle	
2022223794	Anterior surface of ankle	XA2V14
1187127983	Skin of thigh	
730488167	Upper back	XA10L7
1234213063	Gluteal fold	XA5UE3
1708315868	Apex of axilla	XA86E8
1162572422	Skin of gluteal region	
265822591	Midfoot	XA5151
1589181447	Intergluteal cleft	XA2F27
1319802040	Skin of scapular region	
671284457	Patellar region	XA9L17
272906060	Skin of cervical region	
85799282	Skin of supraclavicular region	
899012917	Hindfoot	XA99M7
2084017562	Dorsum of foot	XA8BE2
999662081	Forefoot	XA5YL1
1705148138	Posterior triangle of neck	XA45K8
2105593940	Lower abdomen	XA4TC0
486073870	Skin of foot	
1797255514	Sole of foot	XA1XM4
162152032	Mid back	XA6ZR2
672601776	Medial half of breast	XA3JH6
2122691723	Lower half of breast	XA3UY3
678861754	Skin of lower leg	
293228969	Distal lower leg	XA5U49
2070499906	Volar surface of forearm	XA8ZL6
931266332	Lateral half of breast	XA9CM2
1927061586	Upper abdomen	XA0U66
689705614	Anterior surface of lower leg	XA33X4
175764786	Calf	XA4K86
1045965002	Lateral lumbar region	XA1DN2
1043625550	Proximal lower leg	XA90X0
119571850	Abdominal wall	XA3KX0
1917582581	Central portion of breast	XA0US1
370513158	Male external genitalia	XA1AK8
1175118765	Intra-abdominal site, without further specification	
1535186570	Periumbilical region	XA1LM1
1218764272	Lower back	XA9ET2
479736426	Female external genitalia	XA9PG6
1518540905	Upper half of breast	XA1NS5
1735902769	Toes	XA4LC9
1642669190	Temporal scalp	XA9DZ0
1656376572	Chest wall	XA55T2
924972234	Greater auricular nerve	XA4WK4
1598881759	Skin of scalp	
1483162410	Third occipital nerve	XA18D0
1205434161	Scalp margin	XA6AL1
1992376390	Frontal scalp	XA0WK0
891825585	Occipital scalp	XA7JE5
22505857	Skin of abdomen	
1392036490	Inferior anal nerves	XA8CZ0
1116521274	Parietal scalp	XA4W34
1436854266	Vertex of scalp	XA5BY6
1115202430	Inframammary flexure	XA0T50
1723156982	Inferior cervical ganglion	XA20S2
1082464835	Lumbar splanchnic nerve	XA8U35
172210705	Skin of sacrococcygeal region	
396750470	Suboccipital nerve	XA0Z50
2091385610	Ilioinguinal nerve	XA5Q50
537497610	Greater occipital nerve	XA6BB0
1803577290	Iliohypogastric nerve	XA8T30
696484894	Genitofemoral nerve	XA9JZ4
695723098	Lesser occipital nerve	XA3ND8
1802766222	Middle cardiac nerve	XA8ML2
1986326074	Common fibular nerve	XA7HH4
114140155	Deep fibular nerve	XA3QB5
338111831	Skin of thorax	XA8EK1
2063770774	Sympathetic trunk	XA6W14
1241214483	Inferior gluteal nerve	XA1GU3
1051451614	Gluteal nerve	XA60R4
1579641493	Lumbosacral trunk	XA76D3
1447555234	Femoral nerve	XA11D4
263444395	Medial plantar nerve	XA9AF5
490366758	Lateral plantar nerve	XA9958
1486037870	Phrenic nerve	XA9ZM0
1116629394	Lateral femoral cutaneous nerve	XA4834
2068955142	Coccygeal nerve	XA5C62
1610678285	Superficial fibular nerve	XA2125
1950153083	Dorsal nerve of the penis	XA8CC3
1662295483	Dorsal nerve of clitoris	XA76C3
2119635101	Saphenous nerve	XA9EW1
677972541	Cauda equina	XA84W1
2079769810	Perineal nerve	XA0W10
1814741078	Sural nerve	XA4HR8
1675689469	Lumbar nerve	XA5UE9
2092470440	Anococcygeal nerve	XA9JU0
1754659454	Tibial nerve	XA7534
2006905787	Nerve to quadratus femoris	XA7S27
1360607098	Sciatic nerve	XA9KK8
1436945746	Plantar nerve	XA3906
1017156365	Superior gluteal nerve	XA9AC5
86793739	Posterior cutaneous nerve of thigh	XA83P9
1465458373	Dorsal scapular nerve	XA9RP3
740446291	Intercostobrachial nerve	XA2F71
1390958888	Accessory obturator nerve	XA55J8
1906126134	Inferior cardiac nerve	XA9TB4
990524563	Intercostal nerve	XA5HJ3
602435066	Subcostal nerve	XA3RU6
166985238	Supraclavicular nerves	XA5318
168952806	Lateral pectoral nerve	XA5A06
1303393405	Long thoracic nerve	XA0A05
1959303485	Lower subscapular nerve	XA9XA5
412857195	Medial pectoral nerve	XA49V5
1115294166	Suprascapular nerve	XA8QY6
1470987907	Lumboinguinal nerve	XA8307
1374508862	Thoracodorsal nerve	XA2542
1330587626	Thoracic splanchnic nerve	XA2R06
26436643	Pudendal nerve	XA6WU3
302267083	Posterior scrotal nerve	XA7NU3
1187329022	Thoraco-abdominal nerve	XA0462
1632406266	Common palmar digital nerves of median nerve	XA1LW6
936744078	Digital nerve	XA37M8
608356966	Lateral cutaneous nerve of forearm	XA6166
1715546546	Muscular branches of the radial nerve	XA3P46
875850110	Upper subscapular nerve	XA5KR0
752234517	Medial cutaneous nerve of forearm	XA26F7
729585547	Posterior cutaneous nerve of arm	XA2XU7
363765077	Medial cutaneous nerve of arm	XA7K97
9275974	Superficial branch of the radial nerve	XA2E94
655663332	Palmar branch of the median nerve	XA89K2
58516504	Axillary nerve	XA1ZC4
1012200267	Posterior cutaneous nerve of forearm	XA0KL7
649976307	Superior lateral cutaneous nerve of arm	XA6B07
239716904	Anterior interosseous nerve	XA6RQ4
1804661864	Ansa cervicalis	XA2M04
1787697679	Bulbar nuclei	XA54B9
256358381	Intermediate cutaneous nerve	XA6B81
500041570	Geniculate ganglion	XA66H0
1376561870	Middle cervical ganglion	XA9RD0
1519931581	Long root of the ciliary ganglion	XA1Z01
1822250788	Obturator nerve	XA4548
1837349189	Nervus intermedius	XA0869
1875590566	Jugular ganglion	XA8AU6
1120771748	Nervus spinosus	XA2KG8
312688159	Paraganglion	XA9519
425832168	Anterior superior alveolar nerve	XA6PJ8
1189514726	Nerve of the cervical region	XA96Q6
1622579067	Nerve to obturator internus	XA1HC7
1296323643	Diagonal band of Broca	XA8QL3
1323720443	Nerve to the piriformis	XA8PE3
813642514	Perineal branches of posterior femoral cutaneous nerve	XA4A74
1517039867	Dorsal branch of ulnar nerve	XA1TY7
300271419	Deep branch of the radial nerve	XA5179
2004484191	Celiac ganglion	XA89R1
1441135204	Nodose ganglion	XA5NY4
1502465291	Posterior branch of spinal nerve	XA11K1
660035538	Perforating cutaneous nerve	XA6GZ8
506460818	Pelvic splanchnic nerve	XA1GM8
1769960541	Sacral splanchnic nerves	XA0SA1
1751226938	Short ciliary nerves	XA07F8
1902726514	Musculocutaneous nerve	XA5QF4
1098844096	Olfactory nerve	XA5QD6
1177637818	Semilunar ganglion	XA1SM8
1006523605	Medial cutaneous nerve	XA9HJ5
1279928832	Trochlear nerve	XA0GK2
642365877	Proper palmar digital nerves of median nerve	XA7ZD7
74532700	Palmar branch of ulnar nerve	XA7FU0
2143133374	Transverse cervical nerve	XA25F4
2013768320	Optic nerve	XA1E00
1865403968	Oculomotor nerve	XA7488
1313982861	Superior cervical ganglion	XA6BG1
1999201485	Superior cardiac nerve	XA1AC5
1501146445	Superior ganglion	XA6YL5
1533168960	Trigeminal nerve	XA72G0
848343847	Facial nerve	XA64Y7
1949067993	Abducens nerve	XA4GX3
991602481	Glossopharyngeal nerve	XA8RW1
1223164959	Subclavian nerve	XA03Z9
828497269	Posterior superior alveolar nerve	XA9AN9
120354550	Stellate ganglion	XA19Z0
632870887	Vestibulocochlear nerve	XA6LY7
1979147242	Cerebral meninges	XA6HA2
1740321841	Vagus nerve	XA6VN1
360442275	Dura mater	XA04B5
1284492970	Spinal meninges	XA5AH0
1589877105	Accessory nerve	XA2M45
1658783530	Arachnoid mater	XA3D30
1022621599	Brachial plexus	XA22K9
93018847	Cervical plexus	XA6LU7
837187090	Mons pubis	XA10Z0
695225354	Suprapubic area	XA0LF4
1169905822	Inguinocrural fold	XA2XG2
1557844906	Anterior triangle of neck	XA1NS6
661973450	Lumbar spinal nerve	XA44R0
258384733	Cerebrum	XA1M33
39030115	Pia mater	XA6AF5
789869567	Ventral spinal nerve	XA7TS7
914245431	Thoracic spinal cord	XA6Z51
819476422	Lumbosacral plexus	XA8YS2
589510570	Medullary cavity	XA5QM0
559293431	Cervical spinal cord	XA1SP1
1575299455	Vesical nervous plexus	XA1KP5
1495611560	Sacral spinal cord	XA85J0
1946003505	Supraclavicular region	XA9DQ5
282738158	Brainstem	XA8AT9
1240202673	Hypoglossal nerve	XA3YX3
1403484535	Lumbar spinal cord	XA8PP5
1648985324	Thoracic nerve root	XA5SU4
1651949308	Cerebral ventricle	XA26E8
1335425462	Sacral spinal nerve	XA17Y2
151494226	Patellar plexus	XA5186
943462207	Dorsal spinal nerve	XA4CU7
407816093	Limbic system	XA8733
1381822652	Coeliac plexus	XA4U92
1941299455	Uterovaginal plexus	XA2G95
305649277	Intracranial site, not elsewhere classified	XA08F7
1939234533	Cervical nerve root	XA3UZ3
670061318	Splanchnic plexus	XA3SK8
470279983	Suprasellar	
976604742	Cerebellum	XA1CW2
447970978	Dorsal nerve root	XA1TP8
84926481	Thoracic spinal nerve	XA6KS1
1175645602	Sacral nerve root	XA9F62
1749165090	Ventral nerve root	XA1V70
1495976415	Cardiac plexus	XA9QM5
109991115	Lumbar nerve root	XA4T95
240736650	Hepatic plexus	XA4YZ0
1684661369	Cervical spinal nerve	XA1YC9
1616012447	Cavernous plexus	XA3FS7
286369661	Conus medullaris	XA2FQ1
884957674	Filum terminale	
925984616	Auerbach plexus	XA2G56
538510248	Aortic plexus	XA3XN8
615950882	Gastric plexus	XA2Y82
1739302803	Inferior mesenteric plexus	XA8QG3
428170510	Meissner plexus	XA8Z10
1362790754	Ventral nerve root ganglion	XA8G34
409981741	Internal carotid plexus	XA5JN1
155478372	Ovarian plexus	XA9PB2
1590889171	Inferior hypogastric plexus	XA05T1
2137669858	Dorsal nerve root ganglion	XA9J98
1081178629	Oesophageal plexus	XA7K49
2010973323	Phrenic plexus	XA9ME3
324608924	Pancreatic plexus	XA0C44
381354211	Pudendal plexus	XA9411
801353123	Prostatic plexus	XA16Y3
1286369458	Cheek	XA7MK8
2115390727	Orbital region	XA29E7
517708502	Superior rectal plexus	XA4G22
665008022	Suprarenal plexus	XA6MY2
269345714	Temple	XA9T94
831896883	Superior mesenteric plexus	XA3DJ3
1082634473	Nose	XA3H13
862454798	Forehead	XA6TR8
1243255779	Renal plexus	XA82M9
2095829639	Skin of nose	XA04T9
445694138	Splenic plexus	XA4V38
730396621	Superior hypogastric plexus	XA33C1
14011850	Fetus	XA23B0
184539860	Embryo	XA3NA0
1192277156	Fetal membranes	XA85H6
1719538598	Placenta	XA90F8
1784009725	Prostate gland	XA63E5
1693317813	Thyroglossal duct	XA0SH3
254558521	Seminal vesicle	XA0MJ1
1002532547	Testis	XA4947
1936037619	Developmental tissue	XA7A99
1483073922	Umbilical cord	XA3L42
435785772	Penis	XA7QV2
688763962	Urachus	XA1NC2
413436285	Epididymis	XA4D25
899660487	Oral region	XA5A87
846287087	Skin of other and unspecified parts of face	
1704022864	Lymphatic vessel of the pinna	XA6TY4
2139888048	Lymphatic vessel of the face	XA1EC8
1504446119	Male genitourinary tract without further specification	
1924741008	Lymphatic vessel of the external acoustic meatus	XA02Y8
1418290215	Lymphatic vessel of the tongue	XA9FT5
418809879	Other and unspecified male genital organs	
827349607	Lymphatic vessel of the palatine tonsil	XA0167
710147840	Lymphatic vessels of the skin and muscles of the neck	XA1G40
1334493376	Jugular lymphatic trunk	XA0LH6
2120652687	Median lymphatic vessel	XA7FS7
211275023	Dorsal interosseous lymphatic vessel	XA6D43
1750080808	Superficial lymphatic vessel	XA12G8
1193163471	Ulnar lymphatic vessel	XA4UB1
1766781775	Volar lymphatic vessel	XA5SZ5
2138601960	Deep lymphatic vessel	XA05S0
1075026309	Lymphatic vessel of the anus	XA5C29
1278761436	Anterior vesical lymphatic vessel of the bladder	XA9H16
753469955	Spermatic cord	XA9235
392169936	Lymphatic vessel of the scalp	XA4QZ6
1651019868	Lymphatic vessel of the prostate	XA1SS8
1345740303	Radial lymphatic vessel	XA3HQ3
702637980	Lymphatic vessel of the testes	XA1UA0
1527790876	Lymphatic vessel of the bladder	XA1UK6
1207617835	Lymphatic vessel of the uterine tube	XA5755
1688153749	Lymphatic vessel of the ovary	XA4229
1868414564	Lymphatic vessel of the urinary organ	XA7JY4
129084956	Lymphatic vessel of the urethra	XA6HM6
2020989604	Lymphatic vessel of the ureter	XA6324
1416468419	Deep lymphatic vessel of the thoracic wall	XA1VK9
440775758	Intestinal lymphatic trunk	XA9D98
1923720242	Lymph Sac	XA1SQ2
1053360988	Lymphatic vessel of the ductus deferens	XA16J8
1849905157	Lymphatic vessel of the rectum	XA6DH7
772290354	Cisterna chyli lymph sac	XA7474
1941391957	Lymphatic vessel of the seminal vesicles	XA0GB7
1772748971	Lymphatic vessel of the vagina	XA1ZK1
1703002354	Jugular lymph sac	XA8JF4
1355984363	Lymphatic vessel of the uterus	XA9PA3
1271990642	Lymphatic vessel of the thoracic viscera	XA3SY2
1463549253	Lymphatic vessel of the anal canal	XA4LM3
208879339	Bronchomediastinal trunk	XA94Z9
1128657667	Lymphatic vessel of the breast	XA4RC7
278514396	Lymphatic vessel of the reproductive organs	XA2XZ6
1967191196	Lateral vesical lymphatic vessel of the bladder	XA28F6
904880207	Anterior tibial lymphatic trunk	XA6UC7
393255538	Retroperitoneal lymph sac	XA8MX8
1830107779	Superficial lymphatic vessel of the thoracic wall	XA3TX9
458971691	Right lymphatic duct	XA3ER1
647810371	Lymphatic vessel of the diaphragm	XA8YM1
5832370	Posterior lymph sac	XA4J10
475546725	Vulva	XA78U5
326441310	Urethrovaginal septum	
648738923	Uterus	XA99N3
1551749577	Female genitourinary tract without further specification	
61287910	Ovary	XA1QK0
70261446	Palate	XA7ZA6
2002162149	Uterine adnexa	XA7E69
1145498957	Vagina	XA1LK7
560686243	Other and unspecified female genital organs	
1769856759	Tongue	XA1T19
1943589879	Vesicovaginal septum	
1210705113	Tonsillar region	XA29D3
1206183821	Palatine arch	XA15G1
1804990100	Chamber of the heart	XA10E0
2119697110	Periodontal tissue	
1087558539	Cardiac veins	XA9FK9
2046435155	Interatrial septum	XA78X5
1374104635	Deciduous dentition	XA7675
1194137463	Lower gingiva	XA9303
1412224900	Tooth socket	
1342534583	Upper gingiva	XA6743
1896915433	Connective and other soft tissue of heart	XA3113
236819908	Left atrium	XA6548
1612889623	Coronary arteries	XA3B03
541780232	Right atrium	XA6T92
1152667253	Parts of tooth	XA1PT3
1481885257	Retromolar region	XA0S17
1967609767	Left ventricle	XA8FJ7
136043167	Floor of mouth	XA8EY7
1916636512	Labial mucosa of upper lip	XA9072
979819998	Right ventricle	XA9HH8
1378834033	Buccal sulcus	XA6A73
1935709193	Buccal mucosa	XA8WB3
926023008	Vesicocervical tissue	
1082307091	Interventricular septum	XA5651
1142160901	Surfaces of the teeth	XA2US1
1750488832	Heart wall	XA6CK2
958419954	Thoracic duct	XA8A74
773200278	Anterior mediastinum	XA5UF8
1578371115	Cardiac electrical conducting system	XA79Z5
2134193116	Myocardium	XA8SK6
553603158	Artery of abdomen	XA9JK8
1421585111	Artery of pelvis	XA4GP1
960396630	Middle mediastinum	XA99Z0
852143287	Artery of head, face, and neck	XA4TS7
1912610276	Heart valve	XA0QB6
1508677205	Artery of lower extremity	XA8DW5
1480916274	Aorta	XA6Y34
137913477	Intestinal lumbar trunk	XA07V7
156464758	Overlapping sites of bladder	
1141185149	Penile urethra	XA8EW9
634217510	Internal urethral sphincter	XA33M0
815030812	External urethral sphincter	XA4DF2
1358238409	External urethral meatus	XA4NU9
475461985	Lymphatic vessel of the caecum	XA9XL5
2105390909	Prostatic urethra	XA7869
1142569327	Connective and other soft tissues of mediastinum	XA8607
508369172	Trigone of bladder	XA6KF2
1026096812	Dome of bladder	XA2PT2
1856480225	Lymphatic vessel of the ileum	XA55Y5
1819091795	Bladder neck	XA0VZ5
608526902	Bladder wall	XA0R03
123035130	Lymphatic vessel of the kidney	XA3610
491263750	Lymphatic vessel of the gallbladder	XA6VD0
839266529	Lymphatic vessel of the liver	XA0WY9
1043198138	Lymphatic vessel of the suprarenal lymph node	XA21T8
4640790	Posterior mediastinum	XA1FD0
1497901663	Blood vessel of the finger	XA6943
192847265	Lymphatic vessel of the vermiform process	XA29U5
1314934431	Blood vessel of the thorax	XA8N71
1417479265	Blood vessel of the neck	XA9AN5
2039465761	Lymphatic vessel of the jejunum	XA4CQ1
1426247174	Blood vessel of the thumb	XA7SM4
1129668769	Capillary, not elsewhere classified	XA2769
294659997	Blood vessels at lower leg level	XA9M17
562908439	Intracranial blood vessels, not elsewhere classified	XA4H19
1474236065	Lymphatic vessel of the duodenum	XA92E5
1395490493	Membranous urethra	XA75T3
623793185	Lymphatic vessel of the colon	XA1BU5
688231546	Lymphatic vessel of the spleen	XA5LE6
727548731	Lumbar lymphatic trunk	XA6R71
1852657443	Permanent dentition	XA4GG3
1401924959	Alveolar mucosa	XA3SP9
1728172267	Alveolar ridge mucosa	
1920891502	Labial mucosa of lower lip	XA72W2
382105818	Labial sulcus	XA44M8
1832356831	Vein of thorax	XA8CT1
553208796	Renal capsule	XA5EP6
721480315	Extracranial blood vessels, not elsewhere classified	XA1SX5
1036169292	Glomerulus	XA40R2
389580608	Vein of abdomen	XA0RA8
1725328867	Vein of upper extremity	XA9WN7
1704980054	Abdominal cavity	XA9M74
821283472	Vein of head, face, and neck	XA59M2
1756600829	Craniopharyngeal duct	XA5309
1558659862	Pelvic cavity	XA25Q2
322682910	Lymphatic vessel of the subdiaphragmatic portion of the digestive tube	XA3RD0
1829087521	Blood vessel of the lung	XA5K61
174093254	Lymphatic vessel of the pancreas	XA9YZ4
2049822177	Blood vessel of the kidney	XA08R7
1316314647	Artery of upper extremity	XA81N7
1821388897	Ureterovesical orifice	XA9L57
1885434231	Artery of thorax	XA9UT1
1906280350	Lower urinary tract	XA34X0
646733537	Cerebral vasculature	XA5TF7
1344401194	Blood vessel of hip	XA7P54
48190539	Erythrocytes	XM8QV9
1670548959	Lymphatic vessel of the stomach	XA1599
2088788075	Platelets	XA10B5
267694299	Blood vessels at wrist or hand level	XA6Y60
1536153046	Left lobe of liver	XA5766
282481264	Myeloblast	XA6385
1494702435	Extrahepatic bile duct	XA9HM5
777383588	Ampulla of Vater	XA7QA8
388842468	Sphincter of Oddi	XA6WA8
1630516979	Posterior wall of oropharynx	XA8659
1351578749	Gallbladder	XA8KL9
65545277	Cystic duct	XA0077
791525913	Quadrate lobe of liver	XA13D3
1723327326	Upper urinary tract	XA6RS6
5919770	Multiple Nerves	XA2330
134307094	Vallecula	XA88V4
4173240	Connective and other soft tissue of liver	
641615438	Caudate lobe of liver	XA3278
929449332	Vein of pelvis	XA26H2
1097954495	Lateral wall of oropharynx	XA8RX5
1796580441	Kidney parenchyma	
1478200844	Renal pelvis	XA21J4
1760114524	Renal medulla	XA91E4
1381503063	Vein of lower extremity	XA76A3
2143376284	Renal cortex	XA35W4
1554297892	Renal hilum	XA4UD2
393359578	Single Nerve	XA7MX8
1477784330	Vena cava	XA60H0
1319643605	Branchial cleft	XA60Q5
920096014	Leucocytes	XA32R4
126976415	Hepatic bile ducts	XA4415
964528740	Common bile duct	XA6R80
1027002380	Upper third of oesophagus	XA1180
107997583	Middle third of oesophagus	XA2BY3
1272195773	Sublingual gland duct	XA1J93
2032714741	Left submandibular gland	XA0CS1
595850318	Parotid gland duct	XA44X8
2133321945	Megakaryoblast	XA3EA5
2052462000	Erythroblast	XA8LY0
1142504546	Right lobe of liver	XA2KG6
81584680	Submandibular gland duct	XA7GY0
2061043131	Hypopharyngeal wall	XA0XK1
42231149	Duct of Wirsung	XA3789
1301065208	Duct of Santorini	XA8WC8
1781206950	Piriform recess	XA3MZ0
1153463849	Hypopharyngeal aspect of aryepiglottic fold	
149920647	Periadrenal tissue	
1535151273	Thoracic oesophagus	XA8JT3
687960025	Retroperitoneal tissue	
111439335	Peripancreatic tissue	
1125657237	Gastric fundus	XA56K7
326645548	Caecum	XA6J68
1845536565	Right submandibular gland	XA8GQ5
215648059	Postcricoid region	XA4NZ9
706655436	Lower third of oesophagus	XA9CB6
1863250205	Abdominal oesophagus	XA0TN5
578694909	Colon	XA03U9
911531868	Gastric cardia	XA2828
650187989	Lesser curvature of stomach	XA4ML9
771220582	Rectum	XA4KU2
1594277606	Anal Canal	XA39S6
196615546	Connective and other soft tissues of stomach	
1833493269	Gastric pylorus	XA6P89
837382165	Greater curvature of stomach	XA7WQ5
2143578283	Cervical oesophagus	XA0N03
2053146581	Gastric corpus	XA7UE1
1212282357	Cloacogenic zone	XA8QB7
337700	Duodenum	XA9780
1211030054	Anus	XA0D34
1236051316	Perirenal tissue	
960740196	Anus and anal canal	
1708923236	Ileum	XA0QT6
18598211	Jejunum	XA8UM1
136239205	Motor Neuron	XA5DJ5
642650597	Sensory Neuron	XA2LT7
1071381141	External oblique abdominis tendon	XA0101
1951534421	Psoas minor tendon	XA7V41
1668966805	Pyramidalis tendon	XA49W5
1463282411	Rectus abdominis tendon	XA1HT1
1510130901	Internal oblique abdominis tendon	XA45G1
682711499	Perinephric tissue	
1294639125	Psoas major tendon	XA3045
828798245	Interneuron	XA5BW5
1843937650	Retrocecal tissue	
1075809835	Quadratus lumborum tendon	XA34K5
847743189	Alaeque nasi tendon	XA46A9
988222178	Genioglossus tendon	XA6BT8
436563028	Overlapping sites of oesophagus	XA4YW8
1589509885	Transversus abdominis tendon	XA0V25
263487483	Buccinator tendon	XA3163
1785545147	Auricularis tendon	XA8XC7
201270677	Levator labii superioris tendon	XA0YK7
347593570	Hyoglossus tendon	XA8N10
1903093026	Hyoid tendon	XA7EE6
2101683579	Aryepiglotticus tendon	XA6J99
568637051	Cricothyroid tendon	XA01X1
1847991253	Longus colli tendon	XA0UD3
919392955	Depressor anguli oris tendon	XA28X5
412883771	Corrugator supercilii tendon	XA6L11
363410693	Depressor labii inferioris tendon	XA6WZ3
768570914	Frontalis tendon	XA5CP4
42029509	Digastric tendon	XA5S69
632286229	Levator palpebrae superioris tendon	XA61C9
2030993173	Masseter tendon	XA1FB3
1081528917	Levator veli palatini tendon	XA7VD7
60800930	Geniohyoid tendon	XA9L90
1517000875	Medial pterygoid tendon	XA8F95
1645075342	Mentalis tendon	XA7JW2
483869013	Levator anguli oris tendon	XA7653
1281167886	Nasalis tendon	XA7NU6
1965408078	Mylohyoid tendon	XA7ZZ8
1051478158	Obliquus capitis inferior tendon	XA8AT8
696527950	Obliquus capitis superior tendon	XA39M0
865691314	Palatoglossus tendon	XA6SX4
2086390558	Lateral rectus tendon	XA3LT8
1296301163	Medial rectus tendon	XA6SG3
1209419874	Lateral cricoarytenoid tendon	XA1394
1715896802	Inferior oblique tendon	XA3ZA2
1802743774	Lateral pterygoid tendon	XA6PK4
1534424782	Oblique arytenoid tendon	XA5Q22
284983566	Omohyoid tendon	XA2JY6
339983142	Posterior cricoarytenoid ligament	XA0AE2
1607093478	Rectus capitis posterior minor tendon	XA1XH8
615580274	Orbicularis oris tendon	XA0W74
1465824917	Longus capitis tendon	XA1FR7
758847078	Platysma tendon	XA4758
1597910178	Inferior rectus tendon	XA7HT8
1222780966	Rectus capitis posterior major tendon	XA6WL6
974353062	Palatopharyngeus tendon	XA6LA2
131392974	Orbicularis oculi tendon	XA65X4
1987302860	Stylohyoid tendon	XA20E0
358438211	Sternohyoid tendon	XA6S11
1633399052	Stylopharyngeus tendon	XA7GV2
554751549	Stapedius tendon	XA8W69
41234819	Sternocleidomastoid tendon	XA70V9
1409866771	Zygomaticus minor tendon	XA0SZ1
2037389465	Bones of the head	XA4RY5
128614976	Bones of the thorax	XA5VB6
163029364	Tensor veli palatini tendon	XA2W44
623958825	Soft tissue of limb, not elsewhere classified	XA5P05
1722999206	Rectus capitis anterior tendon	XA8CQ6
909685501	Splenius cervicis tendon	XA2HL1
75665228	Superior oblique tendon	XA5ES8
409500541	Scalene tendon	XA3XC1
2091887450	Risorius tendon	XA9450
1804062618	Salpingopharyngeus tendon	XA0SH8
255860669	Splenius capitis tendon	XA39C9
1326151820	Styloglossus tendon	XA90J0
329968524	Superior rectus tendon	XA3ZN4
718423756	Temporalis tendon	XA7D16
1039802892	Temporoparietalis tendon	XA8BT2
513787316	Tensor tympani tendon	XA5956
57401318	Procerus tendon	XA5HD8
1905952102	Rectus capitis lateralis tendon	XA4RG2
2052593043	Transverse arytenoid tendon	XA9YC3
405704375	Vertebral column	XA5J55
1478696012	Sternothyroid tendon	XA4VX2
835838547	Vocalis tendon	XA4CN7
145313555	Thyroepiglotticus tendon	XA0CT5
2003647405	Intercostals external tendon	XA5WL5
722625445	Abductor pollicis longus tendon	XA0UY5
1010435941	Abductor pollicis brevis tendon	XA7YE1
653887123	Thyroarytenoid tendon	XA4ME3
1836085587	Zygomaticus major tendon	XA0XQ7
1445528718	Levatores costarum tendon	XA5R18
1867622862	Intercostals internal tendon	XA92E2
1145302967	Bones of the pelvis	XA4N47
2021248270	Intercostals innermost tendon	XA8FV0
703426610	Chordae tendineae	XA01T0
308989669	Adductor pollicis tendon	XA9749
111368149	Tendon of Todaro	XA3XC9
1615159149	Diaphragm tendon	XA9N29
618159630	Pectoralis minor tendon	XA40K0
1053103346	Subcostalis tendon	XA8WS6
1090609230	Pectoralis major tendon	XA3C70
1180673942	Extensor indicis tendon	XA4EE2
294335253	Transversus thoracis tendon	XA1HX3
1816409210	Extensor tendon	XA8U10
507580094	Biceps brachii tendon	XA8AM4
1122016702	Deltoid tendon	XA0942
161286714	Dorsal Interosseous tendon	XA24P4
658088958	Coracobrachialis tendon	XA83R8
1823495230	Extensor carpi radialis longus tendon	XA1T90
1439234430	Extensor carpi radialis brevis tendon	XA18F0
157903486	Brachialis tendon	XA9G06
1366803286	Extensor pollicis brevis tendon	XA5KN6
806471486	Brachioradialis tendon	XA3YY6
596023766	Flexor digitorum superficialis tendon	XA9526
452867222	Flexor carpi ulnaris tendon	XA5CE2
1745841686	Extensor pollicis longus tendon	XA4CG6
232149078	Flexor digiti minimi tendon	XA23D8
2073571582	Extensor carpi ulnaris tendon	XA4PY2
14909034	Flexor digitorum tendon	XA9Q34
2117723315	Pronator quadratus tendon	XA41Z5
948256077	Flexor pollicis longus tendon	XA92F7
1762754675	Pronator teres tendon	XA7EK5
1108671994	Supraspinatus tendon	XA5VZ4
667796410	Subclavius tendon	XA7V30
820356986	Subscapularis tendon	XA54N6
1430034746	Supinator tendon	XA5EJ6
515206906	Palmar interosseous tendon	XA82E6
883883286	Flexor digitorum profundus tendon	XA0GQ6
497087310	Serratus posterior superior tendon	XA0MH0
1566311181	Palmaris longus tendon	XA41L1
672187873	Bones of the upper extremity	XA7R53
2133265110	Flexor carpi radialis tendon	XA8H50
383120589	Levator scapulae tendon	XA1X89
2070696122	Flexor tendon	XA5YQ2
1873136010	Abductor digiti minimi (foot) tendon	XA5ZK0
855923338	Adductor longus tendon	XA1TK8
1457349834	Adductor hallucis tendon	XA8B14
726766741	Anterior ligament of the lower extremity	XA9381
492081930	Articularis genu tendon	XA7MT0
2022550858	Abductor hallucis tendon	XA14Z8
2059741611	Achilles tendon	XA8BK1
606879306	Adductor magnus tendon	XA8746
1106575370	Adductor brevis tendon	XA4HF0
1043428534	Extensor digitorum longus (foot) tendon	XA1ZF4
175962058	Biceps femoris tendon	XA1MF8
33394701	Lumbrical tendon	XA8TQ1
1930218125	Opponens pollicis tendon	XA3W45
176723854	Serratus posterior inferior tendon	XA7J14
1680125517	Opponens digiti minimi tendon	XA9KM7
1508063525	Abductor digiti minimi tendon	XA5AY5
871381710	Serratus anterior tendon	XA91D0
399186602	Flexor pollicis brevis tendon	XA1Q82
88255013	Anconeus tendon	XA4HK3
1339405186	Extensor digitorum tendon	XA5H06
1493030722	Extensor digiti minimi tendon	XA4WU2
799889805	Interossei tendon	XA4M25
1249142733	Palmaris brevis tendon	XA7B73
546505826	Extensor hallucis longus tendon	XA5L26
1382178530	Gastrocnemius tendon	XA5LZ0
1896331614	Gemellus inferior tendon	XA2HX4
750306363	Lumbrical of foot tendon	XA5DE3
689508470	Extensor digitorum brevis (foot) tendon	XA6230
1581883067	Gluteus medius tendon	XA1387
48762299	Dorsal interossei of foot tendon	XA86H9
935026850	Extensor hallucis brevis tendon	XA4NZ0
1714412958	Gemellus superior tendon	XA5M18
1796928418	Flexor digitorum longus (foot) tendon	XA3MK8
1231157883	Gluteus maximus tendon	XA1JL3
1014624341	Sartorius tendon	XA0981
247713250	Flexor digitorum brevis tendon	XA8GD0
434874658	Flexor digiti minimi brevis (foot) tendon	XA8X38
1162492450	Flexor hallucis longus tendon	XA1MF0
1731277819	Gluteus minimus tendon	XA4HK9
2083690338	Flexor hallucis brevis tendon	XA00Z8
418727749	Obturator internus tendon	XA2469
2078001100	Peroneus longus tendon	XA7VY0
69186420	Rectus femoris tendon	XA4ZG0
364931451	Iliacus tendon	XA8FT1
805764304	Bones of the lower extremity	XA2T04
1327616966	Triceps brachii tendon	XA5RS6
1880708923	Gracilis tendon	XA12U3
1118005900	Peroneus brevis tendon	XA3AN0
810692620	Quadriceps femoris tendon	XA9420
503511436	Plantaris tendon	XA6BZ6
886086296	Internal intercostal muscle	XA1256
322426804	Quadratus plantae tendon	XA1L44
999334139	Plantar interossei of foot tendon	XA7L19
266150789	Obturator externus tendon	XA3EE9
1029344912	Innermost intercostal muscle	XA3P12
1317579477	Tibialis posterior tendon	XA7FR7
229128152	Pectoralis minor muscle	XA0SB2
1844268395	Vastus intermedius tendon	XA8ST5
2008281253	Vastus medialis tendon	XA6RK3
662328524	Popliteus tendon	XA4V24
153787724	Piriformis tendon	XA3EU4
1827906316	Peroneus tertius tendon	XA3D16
1503710741	Tibialis anterior tendon	XA8SN1
2012219285	Soleus tendon	XA7E05
83975445	Semimembranosus tendon	XA4AL5
152505840	Diaphragm	XA2JL0
444617496	Pectoralis major muscle	XA1QH6
1624793941	Tensor fasciae lata tendon	XA33Q1
70588478	Costal cartilage	XA6958
1689883253	Articular cartilage	XA3NV3
304691669	Semitendinosus tendon	XA7DY9
1435176524	Pectineus tendon	XA07E4
712174160	External intercostal muscle	XA6RW0
1683671489	Pyramidalis muscle	XA6AY9
1060084435	Deep transverse perinei tendon	XA2TD5
2136567128	Subcostalis muscle	XA44Y8
1752238488	Serratus anterior muscle	XA7QL8
1242169409	Psoas major muscle	XA43E9
25425793	Transversus abdominis muscle	XA9FR3
1176616984	Transversus thoracis muscle	XA3G64
1306443859	Coccygeus tendon	XA45X9
380343105	Rectus abdominis muscle	XA1N65
1911806234	Bulbospongiosus tendon	XA15H4
328694584	Aryepiglotticus muscle	XA3SS4
1936895233	Quadratus lumborum muscle	XA1GP3
603520600	Levator costarum muscle	XA7NL0
1526113427	Iliococcygeus tendon	XA6QW7
668661832	Anterior auricularis muscle	XA2QF2
1670253011	Pubococcygeus tendon	XA5JV1
192726145	Joints of the pelvis	XA1TL5
106379155	Dartos tendon	XA2BV5
1777523655	Genioglossus muscle	XA50R5
1957063955	Puborectalis tendon	XA66F5
1919697768	External oblique abdominis muscle	XA3TW8
671612435	Ischiocavernosus tendon	XA7YP5
388514080	Buccinator muscle	XA8GG0
293557075	Cremaster tendon	XA4755
1562535041	Psoas minor muscle	XA7DA1
54305670	Subclavius muscle	
1760310688	Depressor labii inferioris muscle	XA60C8
2128264967	Geniohyoid muscle	XA5YU7
1472432813	Pubovaginalis tendon	XA32R3
32596973	Ligaments of the pelvis and perineum	XA9TF3
1928429408	Constrictor of pharynx - superior muscle	XA9568
9696	Constrictor of pharynx - inferior muscle	XA0UH6
1554101984	Cricothyroid muscle	XA7W64
2143572320	Depressor anguli oris muscle	XA04G0
1351251591	Frontalis muscle	XA09D1
453214535	Hyoglossus muscle	XA5DX5
372682617	Lateral pterygoid muscle	XA8ZB7
1708727200	Constrictor of pharynx - middle muscle	XA3S80
204203399	Inferior oblique muscle	XA4N79
1647332146	Alaeque nasi muscle	XA2SJ6
1281393330	Levator anguli oris muscle	XA75X0
18795449	Lateral cricoarytenoid muscle	XA5WQ9
1531504242	Lateral rectus muscle	XA3282
1964519410	Levator labii superioris muscle	XA1490
1201803847	Digastric muscle	XA2967
894650567	Inferior rectus muscle	XA1X67
578497543	Intrinsic muscles of tongue	XA31C3
132740466	Levator palpebrae superioris muscle	XA2R46
281088434	Levator veli palatini muscle	XA5LP4
2033446825	Hyoid muscle	XA3PY5
700038386	Longus capitis muscle	XA6YE6
1698965416	Internal oblique abdominis muscle	XA9B36
182213454	Medial pterygoid muscle	XA2DX4
1049745458	Longus colli muscle	XA8EM8
1375585440	Oblique arytenoid muscle	XA59J0
1620808805	Vastus lateralis tendon	XA8CQ5
1664001367	Omohyoid muscle	XA4RN7
502546318	Masseter muscle	XA2VD8
851056745	Mentalis muscle	XA0U25
1078674153	Obliquus capitis superior muscle	XA0X13
630357161	Medial rectus muscle	XA95N1
485151209	Mylohyoid muscle	XA83A9
1466115625	Obliquus capitis inferior muscle	XA6LS5
1847298921	Nasalis muscle	XA0Y41
821206152	Oblique auricularis muscle	XA8L72
1267323424	Corrugator supercilii muscle	XA01U4
197309737	Musculus uvulae muscle	XA8AR7
2064791352	Orbicularis oris muscle	XA55R2
1430453944	Palatopharyngeus muscle	XA1PG4
1114282616	Platysma muscle	XA17T6
516622712	Rectus capitis lateralis muscle	XA0JK2
1946599831	Orbicularis oculi muscle	XA0ZM1
1815761912	Palatoglossus muscle	XA2U72
666084408	Posterior cricoarytenoid muscle	XA9RS8
97037807	Risorius muscle	XA49A7
165899704	Rectus capitis anterior muscle	XA16A4
964200608	Posterior auricularis muscle	XA8C48
316721455	Salpingopharyngeus muscle	XA81P5
815513848	Procerus muscle	XA6648
713460232	Rectus capitis posterior minor muscle	XA80F2
1034874568	Rectus capitis posterior major muscle	XA20Q8
375386887	Superior oblique muscle	XA2X27
1500069615	Scalenus minimus muscle	XA3TF5
205699577	Tensor tympani muscle	XA42R7
1131705361	Stapedius muscle	XA8D61
1689168263	Stylohyoid muscle	XA1TY3
1018167471	Scalenus medius muscle	XA6S71
791109191	Superior rectus muscle	XA51R1
1938214215	Styloglossus muscle	XA5L15
2000287599	Splenius capitis muscle	XA58T9
1415319761	Sternocleidomastoid muscle	XA2H61
731407471	Scalenus anterior muscle	XA0JF1
1312905775	Scalenus posterior muscle	XA35K5
1611764655	Splenius cervicis muscle	XA6095
874838752	Thyroarytenoid muscle	XA8352
588029472	Tensor veli palatini muscle	XA7LF2
459988281	Temporoparietalis muscle	XA1CQ1
940522119	Temporalis muscle	XA01H9
24614855	Stylopharyngeus muscle	XA9AM5
1574307015	Sternohyoid muscle	XA5QR5
1753573856	Transverse arytenoid muscle	XA3856
224155552	Vocalis muscle	XA0M12
777055328	Transverse auricularis muscle	XA9AU8
443822944	Thyroepiglotticus muscle	XA2ZL4
2142047520	Thyrohyoid muscle	XA87S0
223741850	Joints of the upper extremity	XA4U90
1363003152	Joints of the head	XA6UT2
956755730	Monoarticular	XA4BF0
131834102	Ligaments of the upper extremity	XA4BC2
79634424	Superior auricularis muscle	XA8SW4
1258184711	Sternothyroid muscle	XA9H91
442697902	Single ligament	XA5NN2
1188405344	Zygomaticus major muscle	XA37U4
774802386	Multiple Joints	XA4EJ6
1740985277	Iliocostalis tendon	XA48X7
1706051552	Zygomaticus minor muscle	XA2AP2
402728707	Latissimus dorsi tendon	XA8467
996458685	Intertransversarii tendon	XA8UU5
743220349	Interspinales tendon	XA2E69
355731773	Infraspinatus tendon	XA2MX3
892153675	Multiple ligaments	XA5XD5
439298507	Ligaments of the head and neck	XA1LE7
927924454	Teres major tendon	XA09K4
238529958	Teres minor tendon	XA42P8
1810797542	Semispinalis tendon	XA3D42
2093414182	Rotatores tendon	XA16J2
1894594429	Spinalis tendon	XA28J9
254362563	Rhomboid major tendon	XA3P63
421513574	Multifidus tendon	XA33T4
35417597	Longissimus tendon	XA3TD7
319259361	Joints of lower extremity	XA7L41
1132467287	Serratus posterior inferior muscle	XA4A47
1438031600	Rotatores muscle	XA76Q0
812622000	Semispinalis muscle	XA60Q0
1523266607	Adductor hallucis muscle	XA0FW7
1281516466	Ligaments of the lower extremity	XA7U26
1503485609	Latissimus dorsi muscle	XA9AG9
87870889	Iliocostalis muscle	XA19S9
728499241	Interspinales muscle	XA8YU1
1320499817	Intertransversarii muscle	XA02Z7
1011114217	Longissimus muscle	XA6MB7
1420325015	Rhomboid minor muscle	XA5GH5
1117714992	Multifidus muscle	XA8512
1956380079	Abductor hallucis muscle	XA7119
2041500561	Articularis genu muscle	XA0DE1
659014768	Trapezius muscle	XA86Q8
1825452976	Serratus posterior superior muscle	XA15B6
1625682921	Levator scapulae muscle	XA00C1
1306743023	Adductor longus muscle	XA01U3
2078693232	Teres major muscle	XA7RM2
2009962281	Rhomboid major muscle	XA25S1
303343977	Spinalis muscle	XA0U57
285291743	Flexor digitorum brevis muscle	XA97C3
1062337887	Extensor hallucis longus muscle	XA7R67
1385578150	Trapezius tendon	XA9PV0
167940168	Gemellus inferior muscle	XA7PN8
543646758	Rhomboid minor tendon	XA8918
1676701279	Biceps femoris muscle	XA3CB9
625784737	Flexor hallucis brevis muscle	XA3MB7
1302374367	Extensor digitorum longus muscle (foot)	XA24U7
863649032	Gemellus superior muscle	XA0472
679057823	Flexor digiti minimi brevis muscle (foot)	XA20W3
103370783	Flexor digitorum longus muscle (foot)	XA23Q3
489354376	Gastrocnemius muscle	XA1PK6
1518912287	Extensor hallucis brevis muscle	XA3T27
289588207	Abductor digiti minimi muscle (foot)	XA0W07
1536568696	Interossei - dorsal of foot muscle	XA15P6
1412658727	Iliopsoas muscle	
1854322513	Adductor magnus muscle	XA8HR3
1801753648	Obturator internus muscle	XA11E8
2085417200	Pectineus muscle	XA9E00
1287539128	Interossei - plantar of foot muscle	XA8TS8
1672714607	Adductor brevis muscle	XA8GU7
1960315551	Extensor digitorum brevis muscle (foot)	XA7FZ1
2029243080	Iliacus muscle	XA0200
1161059760	Lumbricals of foot muscle	XA7PN0
552428528	Piriformis muscle	XA7XS8
59278416	Plantaris muscle	XA7W96
1005504375	Quadriceps femoris muscle	XA1BT5
1876667912	Gracilis muscle	XA1HH2
935659312	Peroneus tertius muscle	XA9D52
247310960	Peroneus longus muscle	XA3P60
346087568	Popliteus muscle	XA8CL8
1377581424	Obturator externus muscle	XA7Y24
751215543	Quadratus plantae muscle	XA41G3
2102533769	Tibialis anterior muscle	XA02U9
1733252215	Semimembranosus muscle	XA5AM5
1786411593	Tibialis posterior muscle	XA3VR3
845468513	Flexor hallucis longus muscle	XA7E33
364777207	Rectus femoris muscle	XA5447
429248176	Peroneus brevis muscle	XA26M7
43412023	Sartorius muscle	XA5CE3
1226808823	Soleus muscle	XA5B83
183955456	Vastus intermedius muscle	XA33F6
1885810871	Semitendinosus muscle	XA2EK1
609376712	Gluteus maximus muscle	XA48F2
1978670857	Gluteal muscles	
614873472	Vastus medialis muscle	XA9RD2
1453523784	Gluteus minimus muscle	XA7BY4
463388031	Cremaster muscle	XA5FZ1
501126336	Vastus lateralis muscle	XA00Z6
1099655048	Gluteus medius muscle	XA5VJ8
1580726583	Tensor fasciae lata muscle	XA11U3
213309887	Bulbospongiosus muscle	XA2E07
1103663286	Deep transverse perinei muscle	XA2LG6
1457583222	Dartos muscle	XA8HG2
125061450	Sphincter urethrae muscle	XA8FT0
493421494	Pubococcygeus muscle	XA3HP4
859425334	Pubovaginalis muscle	XA4RK4
274476426	Sphincter ani muscle	XA3ML6
1959335168	Joints of the thorax	XA2NG8
1872255286	Levator ani-coccygeus muscle	XA9T66
2056381801	Abductor pollicis longus muscle	XA7PS1
1050605669	Ligaments of the thorax	XA2UN9
140558313	Abductor digiti minimi muscle (hand)	XA90T3
1323066903	Anconeus muscle	XA2583
2117001025	Biceps brachii muscle	XA1KL5
605138678	Puborectalis muscle	XA7MM8
2024816118	Ischiocavernosus muscle	XA73H8
1509163735	Articularis cubiti muscle	XA0GV5
1058146927	Superficial transverse perinei muscle	XA56U7
1840873897	Adductor pollicis muscle	XA54Z7
837579503	Flexor digitorum profundus muscle	XA4Z43
823661225	Abductor pollicis brevis muscle	XA0Z05
1493197457	Lumbricals of hand muscle	XA9B77
1036497592	Triceps brachii muscle	XA2EB2
1328998456	Pronator teres muscle	XA58Z6
782535704	Rotator cuff muscle	XA3DL4
143974319	Flexor carpi ulnaris muscle	XA4HV9
1139361833	Opponens pollicis muscle	XA0Q73
1478397176	Supinator muscle	XA90Z6
1697479640	Extensor digiti minimi muscle (hand)	XA0T60
524868393	Flexor digiti minimi brevis muscle (hand)	XA3UK3
640710249	Opponens digiti minimi muscle (hand)	XA4RW9
1311245905	Palmaris brevis muscle	XA9KL5
1125984367	Flexor pollicis longus muscle	XA3GQ7
1634083256	Palmaris longus muscle	XA6P76
290020976	Nasopharyngeal wall	
2133864744	Extensor pollicis longus muscle	XA0CS4
2053473583	Interossei of the hand muscle	XA6463
532462447	Flexor carpi radialis muscle	XA0S07
650384943	Flexor digitorum superficialis muscle	XA1NW3
1746425320	Extensor pollicis brevis muscle	XA4V20
1762048897	Brachialis muscle	XA6CR7
1421946089	Flexor pollicis brevis muscle	XA5QD0
16008600	Extensor carpi radialis brevis	XA4U40
1912938264	Extensor carpi ulnaris muscle	XA9304
400302424	Extensor carpi radialis longus muscle	XA8824
1091787076	Ethmoid sinus	XA58F6
172058486	Iliococcygeus muscle	XA3YC6
965535960	Deltoid muscle	XA3VN0
1266528856	Extensor indicis muscle	XA1AV6
215975361	Brachioradialis muscle	XA2ZN1
1549129368	Extensor digitorum muscle (hand)	XA7QU8
1969150524	Maxillary sinus	XA1R64
1851621027	Sphenoid sinus	XA4U67
1984841080	Pronator quadratus muscle	XA91W0
382193093	Supraglottic larynx	XA1PB3
1274860499	Anterior wall of nasopharynx	XA21P9
1446722948	Frontal sinus	XA91G8
1846018499	Superior wall of nasopharynx	XA0659
245122234	Posterior wall of nasopharynx	XA4BR4
469229825	Coracobrachialis muscle	XA0TQ5
1100254255	Lateral wall of nasopharynx	XA7PX5
140885267	Glottis	XA7AE7
1802939686	Semicircular canals	XA3MS6
1460087132	Nasal vestibule	XA53X2
185288147	Nasal septum	XA8D47
2101356417	Nasal turbinate	XA8817
260833722	Stratum lucidum	XA3G02
726611641	Stratum corneum	XA5P21
2086586854	Labyrinth	XA0L54
1188883609	Papillary dermis	XA4LG9
1109157764	Nasal cartilage	XA7WQ4
219459345	Nasal mucosa	XA4CN5
525195731	Subglottic larynx	XA25B1
1209223834	Auditory vestibule	XA44P4
220298417	Connective, subcutaneous and other soft tissues of nasal cavity	XA6YH7
1827065678	Laryngeal cartilage	XA0NK8
121873710	Reticular dermis	XA2Q30
1105308130	Stratum granulosum	XA4W90
2137825059	Porta hepatis lymph node	XA2YR9
1354907209	Occipital lymph node	XA6H69
1597714010	Cochlea	XA0JV0
520131559	Submental lymph node	XA42P9
207859017	Parotid lymph node	XA0W17
1461677444	Lacrimal gland ducts	XA2PA4
1715700506	Internal acoustic meatus	XA6ZY7
321606592	Infraclavicular lymph node	XA0MR2
179271951	Auricular lymph node	XA7YF1
1063556764	Lacrimal sac	
959496272	Lingual lymph node	XA1DV2
1545444952	Axillary lymph node	XA90B2
1773835017	Cervical lymph node	XA5XT7
890961929	Facial lymph node	XA2U89
818145224	Intestinal lymph node	XA3TG4
1844562279	Anterior cervical lymph node	XA4759
1755610480	Submandibular lymph node	XA9E80
1186749817	Supraclavicular lymph node	XA00M7
1804958896	Stratum spinosum	XA8AM6
1344720301	Lumbar lymph node	XA59Q1
1033857498	Tracheobronchial lymph node	XA41B8
1132702957	Innominate lymph node	XA4P97
67319680	Cubital lymph node	XA3H20
1224504691	Jugular lymph node	XA60D1
1597136239	Retroperitoneal lymph node	XA0KH9
830929661	Stratum basale	XA9QS1
468856749	Epidermal basement membrane	XA8JE9
639639920	Aortic lymph node	XA25W0
210461818	Mediastinal lymph node	XA61B8
788289398	Superior diaphragmatic lymph node	XA1478
1391287252	Tympanic cavity	XA3KB2
987893786	Eustachian tube	XA7XY6
347265434	Tympanic membrane	XA08X4
122233677	Connective and other soft tissues of middle ear	XA3UT7
1159058005	Suprainguinal lymph node	XA4J45
595221519	Mastoid antrum	XA9RH9
60472666	Oval window	XA16S6
465024980	Connective tissue of orbit	
1591156923	Retrobulbar tissue	
347089275	Iliac lymph node	XA50T5
979078546	Subcutaneous fat	XA5CS6
1933781523	Sacral lymph node	XA24Q3
447861770	Parasternal lymph node	XA2CH0
298546963	Inferior epigastric lymph node	XA5VA3
547695392	Nasofrontal vein	XA8GT2
1357320681	Soft tissue of orbit	
1907141160	Supraorbital vein	XA7LQ0
466248034	Superior lacrimal punctum	XA2VR4
1939408265	Oesophageal lymph node	XA8VY5
1639496499	Extraocular muscle	
256514245	Female genital lymph node	XA9TN5
228176074	Intercostal lymph node	XA8E34
1211167874	Sclera	XA2AF4
1851253884	Presymphysial lymph node	XA32C4
1682242339	Connective and other soft tissues of thymus	XA2PK9
289916430	Inferior lacrimal punctum	XA99D0
2030796271	Pinna	XA4E71
1653367738	Popliteal lymph node	XA4W98
2088597502	Vitreous humor	XA4HU2
142316469	Crystalline lens	XA13U9
985771522	Cornea	XA4C02
1900566978	Retina	XA8WV8
44559653	Uvea	XA4MT3
702671952	Nail apparatus	XA4S72
1542770426	Inguinal lymph node	XA7N26
144877972	Tibial lymph node	XA2PP2
672515867	Eccrine gland	XA63U7
770296514	Anterior chamber of the eye	XA4MZ4
1142633691	Eyelids	XA3RB1
470130163	Conjunctiva	XA8PS3
1456430532	Hair	XA8T72
1240651973	Left lung	XA2UD3
1941241213	Right lung	XA7EZ3
1652743868	Hair follicle	XA0XC8
1070102426	Skin of auricle	XA9E26
1139559123	Cervical trachea	XA7SG3
1857689745	Main bronchus	XA9TC5
2056578963	Thoracic trachea	XA4RN3
451817260	Carina	XA4JA0
1296498321	External auditory canal	XA3UC1
2036696624	Pulmonary artery	XA4U64
345073538	Posterior chamber of the eye	XA0N58
1953208837	Connective and other soft tissues of lung	XA2PV7
1992239052	Lobe of lung	XA90M2
1195616448	9826/3	
42531582	Hydroa vacciniforme-like lymphoma	
895982517	9725/3	
949547116	Fibrin-associated EBV+ diffuse large B-cell lymphoma	XH0RM6
26353971	9729/3	
935277112	Burkitt cell leukaemia	XH6B12
2073898452	9728/3	
200322014	Monoclonal B-cell lymphocytosis, CLL type	
1141022069	9670/3	
1544753158	9836/3	
2138171405	Context of assault, armed robbery	XE989
1175012685	Context of assault, unarmed robbery	XE6YM
1031192038	Context of assault, altercation about loss of employment	XE4ML
68030630	Context of assault, altercation about other financial losses related to employment or business	XE00W
321287270	Context of assault, other employment disputes	XE05L
44589141	Context of assault, altercation about current love relationship	XE1XB
558939091	Context of assault, altercation about family issues, dowry issues	XE1B3
913891091	Context of assault, altercation about family issues, in-laws	XE37R
1996442150	Context of assault, altercation about money or property	XE62S
590517372	Context of assault, altercation about personally-held views regarding religious or spiritual matters	XE860
1003539733	Context of assault, altercation about terminating a love relationship	XE3YH
1149863315	Context of assault, altercation about family issues, family honour	XE1F9
630514829	Context of assault, altercation about gambling	XE81U
485247437	Context of assault, altercation about sports	XE47F
771713229	Perambulator as counterpart in land transport crash	XE1ZX
754493909	Context of assault, altercation about sex	XE6DB
441071932	Context of assault, altercation about personally-held views regarding politics	XE03X
251687507	Context of assault, altercation about family issues, children	XE2RR
874180796	Context of assault, altercation about personally-held views regarding cultural issues	XE1RW
1371787004	Context of assault, altercation about personally-held views regarding racial or ethnic issues	XE6YL
1189849660	Context of assault, altercation about personally-held views regarding issues of gender or sexual orientation	XE1Q8
210958315	Animal stables	XE9WB
150703102	Synagogue	
1438948339	Exposure to ultraviolet radiation	XE500
89832148	Exposure to infrared radiation	XE9G0
686227796	Church	
1045227657	Gila monster	XE65X
2142260899	Exposure to microwave radiation	XE6VK
140262288	Temple	
41299090	Mosque	
901547824	Cow dander	XE5NG
1653152543	Rattlesnake	XE2RM
1121442131	Fer de lance	XE5N3
953734580	Cobra	XE9X2
1867184621	Beef	XE1LR
900533941	Viper	XE8LD
632988920	Cat dander	XE896
19100417	Krait	XE2UZ
1331065665	Dog dander	XE0W5
1542309559	Whitefaced hornet	XE7TV
547867112	Dog epithelium	XE3GM
2119916615	Yellow hornet	XE7WQ
414548299	spabath	XE5T1
1513502130	Endotoxin removal filters	XD5SV0
1085792974	Dialyzers - UHF < 18 ml/h/mmHg, substituted cellulose membranes	XD6QR4
93666629	Dialyzers - UHF < 18 ml/h/mmHg, cellulose membranes	XD2N29
701180688	Dialyzers - UHF < 18 ml/h/mmHg, synthetic membranes	XD5S48
243030529	Nematocysts	XE40R
1883431140	Endotoxin removal columns	XD6KC0
1176641260	shower cubicle	XE5RW
250808828	Graphite	
942143865	Fence	XE3BP
508977125	Kitchen knife	
173560327	Examination table	
546601360	Bauxite	
1162910354	Orthopaedic operating room table	
1796852381	Moving ramp	XE0KF
847453435	Fittings or pipes for gas	XE171
1807645421	Escalator	XE73T
403845435	Bathtub	XE78X
1549069715	Dialyzers - UHF = 18 - 35 ml/h/mmHg, synthetic membranes	XD2KD5
1981823171	Dialyzers - UHF = 18 - 35 ml/h/mmHg - others	XD7ZP1
350601531	Dialyzers - UHF > 35 ml/h/mmHg - others	XD8UZ1
1496422151	Temporary peritoneal dialysis lines, with pump (APD)	XD89M1
749621658	Permanent peritoneal dialysis lines, one bag (CAPD)	XD65K8
1174458051	Permanent peritoneal dialysis lines, two bags (CAPD)	XD6QD1
1049695339	Dialyzers - UHF > 35 ml/h/mmHg, synthetic membranes	XD4379
471025806	Temporary peritoneal dialysis lines, gravimetric (APD)	XD6606
105343966	Dialyzers - UHF > 35 ml/h/mmHg, cellulose membranes	XD2T66
1819548563	Permanent peritoneal dialysis lines - others	XD0DE3
2020819440	external spa	XE3PX
62914142	Dialyzers - UHF < 18 ml/h/mmHg - others	XD2DL2
497609819	external hot tub	XE8AX
1413450546	Immunoabsorption filters	XD0TG6
1130738775	Dialyzers - UHF > 35 ml/h/mmHg, substituted cellulose membranes	XD4S95
660568730	Temporary peritoneal dialysis lines - others	XD2M70
940489623	Fittings or pipes for steam	XE2BH
709977775	Immunoabsorption columns	XD6RX5
1943579971	Dialyzers - UHF = 18 - 35 ml/h/mmHg, cellulose membranes	XD9RP1
1812221542	Above-ground swimming pool	XE5PL
384743959	Gate	XE3GT
312448599	Fittings or pipes for hot water	XE48P
922383050	Dialyzers - UHF = 18 - 35 ml/h/mmHg, substituted cellulose membranes	XD0XB0
1288323020	Haemodialysate tanks, collection	XD6MC0
166256709	Peritoneal dialysate tanks, collection	XD22A9
507069847	Prazosin	XM45W7
1052252035	Doxazosin	XM58X5
1092912364	Alpha adrenergic blocking drug	XM2L44
1630572887	Urapidil	XM30L7
212397062	Tamsulosin	XM3F82
832974689	Bunazosin	XM6MJ9
197653471	Priscol, Priscoline	XM81R1
1858326066	Dibenamine	XM4UW6
230595918	Beta-adrenoreceptor antagonists, non selective	XM7R98
1702064159	Trimazosin	XM7D19
726049227	Dibenzyline	XM70W7
239035999	Indenolol	XM7V19
620702041	Hydergine	XM3Y81
322887705	Silodosin	XM1FQ5
1526821846	Carvedilol	XM80G6
95783533	Beta adrenergic blocking agent, heart	XM5S93
830062393	Ambenonium	XM4PZ3
301526317	Indoramin	XM3L37
981311893	Anticholinesterase	XM8KF3
1908997952	Anticholinesterase organophosphorus	XM87V2
453864041	DFP	XM1L81
1681279352	Anticholinesterase reversible	XM9D92
1354249412	Terazosin	XM9LH2
772451869	Diflos	XM1389
7639103	Medroxalol	XM0TY3
1585972624	Cholinergic organophosphorus	XM4VC4
827391447	Carazolol	XM3N87
1104303706	Bunitrolol	XM8026
120797730	Beta-adrenoreceptor antagonists, selective	XM9MF0
300664587	Pronetalol	XM91L7
1292773987	Isoflurophate	XM1NE7
525241121	Donepezil	XM62U1
1898776496	Neomycin with neostigmine	XM40R6
236332209	Prostigmin	XM3YR0
1222638861	Tacrine	XM4LN1
1865013308	Ipidacrine	XM3B88
468226809	Pyridostigmine bromide	XM41N9
1163726190	Neostigmine	XM8C30
1042665275	Distigmine bromide	XM5YK5
291845525	Edrophonium chloride	XM6565
8377061	Pyridostigmine	XM4NE1
1793294516	Galantamine	XM99M6
883451991	Neostigmine bromide	XM3671
809991093	Labetalol	XM8ER3
735803763	Diisopropylfluorophosphonate	XM0UQ3
1148732934	Alfuzosin	XM1C94
1483645833	Epinephrine	XM3273
1957582110	Amezinium metilsulfate	XM10F0
1881820402	Tolamolol	XM77W2
789883667	Etilefrine	XM9187
893017713	Rivastigmine	XM0NP3
1851659916	Difluorophate	XM86K6
537564145	Homochlorcyclizine	XM2305
1744326464	Thenyldiamine	XM39Y4
1646893138	Levocabastine (hydrochloride)	XM4TB9
1298752254	Methaphenilene	XM8TK4
1325901135	Droxidopa	XM7B75
1242185652	Ephedrine	XM5H72
1331468586	Cyclopentamine	XM8Y26
987995703	Mephentermine	XM6RQ3
1848398550	Dibenzheptropine	XM62B0
1755594558	Norepinephrine	XM81D8
115154992	Cinnamedrine	XM1H52
850901361	Paredrine	XM7D21
1699661794	Ethylnorepinephrine	XM9K94
1941605879	Dimenhydrinate	XM8ZH9
51243835	Phenyltoloxamine	XM2V55
286749131	Embramine	XM59T1
556046913	Clemizole	XM0Y33
770794772	Moxastine	XM7RF2
54011514	Difenidol	XM29D4
1963404638	Chlorothen	XM4PH8
1483932784	Synthetic antispasmodics, amides with tertiary amines	XM7W64
1557041744	Synthetic anticholinergics, quaternary ammonium compounds	XM26J4
837255323	Phenylpropanolamine	XM6XN3
333184290	Apraclonidine (hydrochloride)	XM25T0
357506917	Chlor-Trimeton	XM66X7
1005409797	Benzquinamide	XM35M7
876598425	Cetoxime	XM0AN5
134870423	Phenylephrine	XM6ZQ3
921632649	Belladonna alkaloids and derivatives	XM6089
113292282	Pseudoephedrine	XM0CL2
1197897119	Carbachol	XM4AT9
2146173352	Ipratropium bromide	XM54K2
250253937	Bisulepin (hydrochloride)	XM88Z7
1150565882	Bethanechol	XM9XA2
1452248926	Ethers of tropine or tropine derivatives	XM72C6
580513793	Papaverine and derivatives	XM7FH3
2051417561	Synthetic anticholinergics, esters with tertiary amino group	XM8921
1989346800	Tertiary amines	XM8U00
1543645234	Ethers chemically close to antihistamines	XM3B14
810481881	Antistine	XM0W81
375704341	Interferon beta-1b	XM0CS1
1677397384	Interferon gamma	XM3KQ4
1047742495	Oxitropium bromide	XM55K5
329014933	Interferon alfa	XM1GZ3
2078911226	Stramonium	XM6LS6
1369276328	Tiotropium bromide	XM9HA8
346041663	Flutropium bromide	XM4DL3
1282887002	Interferon beta-1a	XM6D22
348102689	Aclidinium bromide	XM2PE9
2115059578	Umeclidinium bromide	XM3MF8
212666193	Interferon alfa-2b	XM6QT3
1415965224	Revefenacin	XM8BL4
1701234232	Peginterferon alfacon-2	XM5L32
1007689285	Interferon alfacon-1	XM0C05
2033369550	Peginterferon alfa-2b	XM70P0
971541445	Interferon beta	XM3CU5
757659905	Albinterferon alfa-2b	XM1HG5
1565501980	Cepeginterferon alfa-2b	XM41L0
123481169	Peginterferon alfa-2a	XM1RW9
2000387918	Peginterferon beta-1a	XM3XV8
1711511560	Interferon alfa-n1	XM4MJ0
409826709	Ropeginterferon alfa-2b	XM24N9
1488404380	Oprelvekin	XM4PY0
624066223	Spesolimab	XM4YW3
1925442254	Aldesleukin	XM0RF4
1269794134	Netakimab	XM3SM5
2050319225	Sargramostim	XM38N5
173158502	Filgrastim	XM93Q2
826634535	Bimekizumab	XM8615
1346483753	Lenograstim	XM7UB4
539419956	Molgramostim	XM2M96
635334836	Empegfilgrastim	XM9RV6
358836640	Ancestim	XM17W1
1234163930	Interferon alfa-2a	XM1KX1
1334557903	Ethylene imines	XM66A3
1627172669	Pegteograstim	XM8VY9
544867942	Alkyl sulfonates	XM3WS2
2144204537	Pegfilgrastim	XM4TX7
1329270473	Antimetabolite	XM8T13
1081242120	Mitobronitol	XM31W0
1705648905	Aminopterin sodium	XM7GE5
709890428	Nitrosoureas	XM9708
1438196649	Lipegfilgrastim	XM1G49
262841830	Balugrastim	XM7670
455277494	Temozolomide	XM3VF4
299642455	Pipobroman	XM0MB5
827731688	Dacarbazine	XM32Y8
1459671424	Pyrimidine analogues	XM9584
258979424	Antibiotic anticancer	XM3264
1522907265	Antineoplastic antibiotics	XM9D05
1493111562	Gemtuzumab ozogamicin	XM1WL2
1880546721	Purine analogues	XM71S1
1519448599	Nitrogen mustard analogues	XM06G0
728308412	Pyrimidine antagonist	XM2FK2
681066519	Bevacizumab	XM5ST9
49059143	Cetuximab	XM3VL3
1569552108	Folic acid analogues	XM4DQ8
3097428	Bis(chloromethyl) ether	XM7Y28
1970648702	Doxifluridine	XM1BL2
1709730793	Mopidamol	XM0KZ3
3393118	Broxuridine	XM3HR8
1794528011	Enocitabine	XM5ZK1
80107100	Catumaxomab	XM9P40
1956709697	Ipilimumab	XM5JH7
1840947102	Panitumumab	XM1GA2
20890588	Dinutuximab	XM74W8
783450894	Ofatumumab	XM2KB4
1591070737	Brentuximab vedotin	XM5VT7
611787360	Folic acid antagonist	XM2SL0
284778476	Azaribine	XM4TR6
1560774282	Edrecolomab	XM52L2
1224486465	Daratumumab	XM4ES5
136733768	Inotuzumab ozogamicin	XM8648
1029957852	Ermekumab	XM6PT2
1379262981	Olaratumab	XM3DU2
2017539925	Durvalumab	XM7NY5
575844634	Mogamulizumab	XM3JP4
1529693585	Obinutuzumab	XM6ES5
337951703	Etoglucid	XM4KL3
405100803	Rituximab	XM3AY3
1890676177	Chloropurine	XM3A97
1901695169	Trastuzumab emtansine	XM6H29
2109317845	Ramucirumab	XM6Y05
726275726	Nivolumab	XM6M26
469176218	Pertuzumab	XM6618
1228761227	Fremanezumab	XM47L7
1921762908	Trastuzumab	XM2FU8
369506192	Ubrogepant	XM46X2
862606940	Cemiplimab	XM9Z80
1124926785	Avelumab	XM2065
1769590801	Atezolizumab	XM8SU2
596899794	Galcanezumab	XM4XM4
1852360965	Pembrolizumab	XM8UG5
1473083269	Blinatumomab	XM9BU9
232714696	Elotuzumab	XM10Z6
1825918003	Eptinezumab	XM1D23
665461914	Necitumumab	XM5WX4
1717103455	Rimegepant	XM8C95
1322435850	Demecolcine	XM7K70
1162605776	Padeliporfin	XM1ER6
658144694	Dermatan sulfate	XM2XP4
1716237470	Trabectedin	XM3F90
477705557	Platinum compounds	XM40B7
38320074	Atogepant	XM4W34
537267742	Actinomycin C	XM6F82
157449101	Taxanes	XM05L1
1722886235	Erenumab	XM8LF5
2099903481	Defibrotide	XM2JQ1
1223116312	Alemtuzumab	XM5WX2
1465724585	Edoxaban	XM2SN5
735727522	Rivaroxaban	XM48G2
966601337	Vinca alkaloids and analogues	XM6137
223258852	Fondaparinux	XM31P2
1529832344	Porfimer sodium	XM8EW4
1535693798	Methyl aminolevulinate	XM5GF8
85937223	Aminolevulinic acid	XM40J3
735448873	Temoporfin	XM04X3
1362951002	Efaproxiral	XM2BE2
760419483	Antramycin	XM07W3
2007329352	Antineoplastic combination	XM4DV2
950903507	Amsacrine	XM8307
1375944076	Alkylating drug	XM6AB6
1922123194	Antimitotic agent	XM3MH4
1861783593	Apixaban	XM3Y33
1201045964	Antineoplastic without further specification	XM6Q44
677854053	Benzcarbimine	XM7WD3
944265795	Cactinomycin	XM3WB5
1033473325	Azatepa	XM0TE5
882868491	Mitoguazone	XM2Q11
242757692	Pentostatin	XM9T72
689662575	Tretinoin	XM9DB5
358725737	Procarbazine	XM1MP7
1050255165	Arsenic trioxide	XM2HS5
66051297	Podophyllotoxin derivatives	XM3SH7
49682085	Cancer chemotherapy drug regimen	XM7RS5
1007695085	Antineoplastic alkaloidal	XM0V25
2015158998	Azaserine	XM1Q78
952543453	Altretamine	XM9YD3
578917895	Alkylating drug lymphatic	XM9DP5
1258280292	Hydroxycarbamide	XM7SD2
120046027	Asparaginase	XM4LJ7
1728379390	Alkylating drug antimyeloproliferative	XM3ST0
605507677	Estramustine	XM9JX7
301296825	Lonidamine	XM3R45
742348235	Chlorhexamide	XM6Z55
1982649222	Anticancer agents	XM9F82
2011636390	Corynebacterium parvum	XM6ZM0
86364993	Mitotane	XM10P3
1687114422	Mustard (emetic)	XM4582
837412373	Elliptinium acetate	XM0HK3
1688604764	FAC (fluorouracil + doxorubicin + cyclophosphamide)	XM32L4
172922211	Floxuridine	XM8NR1
679658485	Chromic phosphate 32P	XM3ZJ5
1045458567	Dactinomycin	XM7L47
1297706562	Cycloleucin	XM8C02
1312243098	Imidazole-4-carboxamide	XM5UH8
89053519	MOPP (mechloreth-amine + vincristine + prednisone + procarbazine)	XM3L39
1950731012	M-vac	XM8C52
1327051818	Mitolactol	XM6VK8
1031566781	Chromomycin A3	XM5VY1
992348569	Mitopodozide	XM3A89
834708731	Myelobromal	XM6MP1
278474217	Hormone cancer therapy	XM9FT7
1363422398	Matulane	XM33V8
566658867	Mannomustine	XM8XQ7
777407823	Oncovin	XM9TL3
1539935186	Inproquone	XM2D46
2065283842	Porfiromycin	XM7S82
1808999096	Paroxypropione	XM7TK6
18266081	Phenylalanine mustard	XM03S1
1150539800	Phenyl hydrazine antineoplastic	XM7NL0
1593680940	Metoprine	XM1NW0
1000930055	Olivomycin	XM5MX5
1366126160	Peplomycin	XM7040
508355627	Iproplatin	XM5DL7
830663707	Pteroyltriglutamate	XM6QJ7
612129363	Razoxane	XM2CG3
730307105	Myleran	XM5C25
516036277	Rufocromomycin	XM9TR7
1849736504	Sarkomycin	XM1TG4
1968328032	TEPA	XM0L32
527573159	Triethanomelamine	XM7TR9
1156063018	Tauromustine	XM5FB8
1878035242	Triethylenemelamine	XM9T22
446953417	Trichlormethine	XM3SV7
343293451	Triethylenephosphoramide	XM6NM1
1519077160	Alitretinoin	XM8200
1974973936	Triethylenethiophosphoramide	XM5GV6
1895797366	Pegaspargase	XM6AL6
369067979	Uracil mustard	XM6A19
1531410766	Sarcolysin	XM4ZA6
1186839639	Topotecan	XM7ST9
1825138951	Tiazofurine	XM3ZR1
481180188	Masoprocol	XM4KU8
703313552	Irinotecan	XM0992
1085305222	Trimustine	XM4J62
614477073	Trichlorotriethylamine	XM5FH3
1883347332	Urethane	XM9AV3
440799065	Zinostatin	XM1DU5
720114747	Bexarotene	XM3NJ7
1601426088	Oblimersen	XM1NQ8
90199275	Anagrelide	XM2PZ5
807786623	Vorinostat	XM7R04
341357487	Panobinostat	XM96L9
1313551842	Romidepsin	XM91S2
1963395062	Sitimagene ceradenovec	XM3VC2
1043097343	Eribulin	XM3BC3
10010987	Denileukin diftitox	XM6027
1640461620	Idelalisib	XM8F40
1366977576	Vismodegib	XM0N96
1743631913	Ixazomib	XM3753
1681907892	Omacetaxine mepesuccinate	XM3RX2
619031227	Sonidegib	XM9E27
1386756797	Vosaroxin	XM1NF7
1169825506	Bortezomib	XM5Z86
1003811711	Aflibercept	XM4XD1
1301898105	Belinostat	XM0Y26
1270063202	Olaparib	XM7202
1040068710	Talimogene laherparepvec	XM1BM0
295708207	Carfilzomib	XM0A07
1214379769	Etirinotecan pegol	XM0569
1645552553	Plitidepsin	XM8UF4
939959782	Niraparib	XM1DL2
1861554621	Copanlisib	XM44N1
512901792	Enasidenib	XM8NP2
887527410	Talazoparib	XM5QR0
1149355245	Ivosidenib	XM56L5
27466598	Glasdegib	XM6038
394978612	Venetoclax	XM7PT2
1098469741	Alpelisib	XM3BC1
1796047933	Entinostat	XM7FX3
1950146041	Belotecan	XM7RN1
459986720	Selinexor	XM1840
309489844	Rucaparib	XM2G84
824050290	Tagraxofusp	XM4MB0
657980448	Epacadostat	XM8QL8
834795522	Lysine	XM44Y2
385126969	Anthracyclines and related substances	XM5GC9
1633584604	Plicamycin	XM3JL4
269080734	Alanine	XM6VX4
1269080598	Mitomycin	XM21Z8
2038099292	Ixabepilone	XM65P2
561983658	Leucine	XM4H38
1547459717	Gefitinib	XM3A37
484841102	Sunitinib	XM1982
375710141	Bleomycin	XM0VU1
1101441823	Arginine hydrochloride	XM0ES3
1516123641	Cysteine	XM2K61
464858452	Alanyl glutamine	XM2NR2
794602797	Afatinib	XM7917
1597767218	Vemurafenib	XM55B8
86538365	Bosutinib	XM60L5
421430030	Imatinib	XM5W30
1190498497	Sorafenib	XM4A57
1968998327	Tyrosine	XM8KJ7
1227270801	Holmium-166	XM5A01
1910575497	Phenylalanine	XM4PP7
698587674	Lapatinib	XM1FM4
326740584	Fibroblast growth factor receptor tyrosine kinase inhibitors	XM4RQ4
915588060	Erlotinib	XM3420
812512489	Axitinib	XM6JL9
1173500532	Vandetanib	XM3W52
1968122720	Crizotinib	XM2U80
1820411281	Dasatinib	XM50U1
715405485	Everolimus	XM69S5
1522756530	Nilotinib	XM6BP0
1891090144	Temsirolimus	XM93U4
615351853	Ceritinib	XM14D3
13692413	Pazopanib	XM4FT3
1035345140	Cediranib	XM2QS0
336633657	Masitinib	XM0JZ7
1000136681	Ponatinib	XM70G2
300419769	Trametinib	XM7VJ9
1362247858	Dabrafenib	XM1HB8
1738906303	Nintedanib	XM4EA3
596890012	Glycopyrronium bromide	XM42V2
1046760041	Regorafenib	XM0601
944671092	Osimertinib	XM8YD2
1636784550	Ibrutinib	XM0C70
1274776820	Cabozantinib	XM4TL0
398641570	Palbociclib	XM4K70
1308825972	Ruxolitinib	XM0853
1390417451	Tivozanib	XM8B31
1685572646	Ridaforolimus	XM0SL6
1305563119	Lenvatinib	XM7ZH9
662687926	Midostaurin	XM5Y46
227990878	Brigatinib	XM2DD8
1468357395	Olmutinib	XM0J75
1383976595	Dacomitinib	XM15D6
1026278474	Abemaciclib	XM8E34
2013862851	Icotinib	XM9L11
857897674	Larotrectinib	XM2LF4
669124624	Ribociclib	XM2RL4
141445342	Encorafenib	XM5RQ2
425111452	Gilteritinib	XM4BT2
1128606167	Acalabrutinib	XM09W7
2112982595	Binimetinib	XM3YP5
1219756759	Lorlatinib	XM59V9
572169616	Neratinib	XM5MT6
1551134739	Entrectinib	XM16Z9
340061983	Selpercatinib	XM74A3
920317770	Fedratinib	XM28Z0
1078860528	Asciminib	XM7168
852262467	Bromindione	XM54A7
1587402287	Xigris	XM8J87
1669093076	Panwarfin	XM5796
1008318337	Heparin sodium	XM4S57
1254342020	Pacritinib	XM7380
643729755	Heparin-fraction	XM5YT5
163169157	Indendione (derivatives)	XM4Z97
1864860773	Prothrombin synthesis inhibitor	XM04M3
836942035	Infigratinib	XM9U75
1210702447	Rociletinib	XM21J7
1210485298	Indandione (derivatives)	XM38V8
866139923	Heparinoid (systemic)	XM5LC3
354977926	Zovant	XM7EQ6
305814562	Alectinib	XM4JL2
1650265919	Cobimetinib	XM6K99
123478066	Vascular endothelial growth factor inhibitors	XM1GS6
1764883591	Quizartinib	XM1L31
1118514526	Ethylidene dicoumarol	XM7AL6
212667186	Clusters of differentiation 20 inhibitors	XM6TQ6
684744932	Epidermal growth factor receptor inhibitors	XM3ZP2
1844625259	Programmed cell death protein 1/death ligand 1 inhibitors	XM9ND9
1514883615	Ticlopidine	XM5A15
1337326679	Triflusal	XM5PR9
1626670841	Indobufen	XM5G01
938441059	Iloprost	XM00R9
376267473	Enoxaparin sodium	XM9313
276278644	Dipyridamole	XM9J84
577078562	Picotamide	XM09W2
1378587857	Treprostinil	XM5057
148761102	Prasugrel	XM8LN2
1829128121	Cilostazol	XM92L1
1541659114	Ticagrelor	XM1HH4
1366195846	Cangrelor	XM3126
1286551780	Dalteparin	XM3DU0
209023723	Heparin	XM1MN3
1725689266	Antithrombin III	XM12N6
1439951034	Vorapaxar	XM3835
224868204	Eptifibatide	XM2924
770739387	Danaparoid	XM2YJ7
792272075	Selexipag	XM5MZ5
414515247	Bemiparin	XM7QG7
1019767807	Nadroparin	XM5727
686301774	Cloricromen	XM8NM5
2093716817	Clopidogrel	XM7CM7
1570234278	Sulodexide	XM3E38
381468335	Enoxaparin	XM8ZP5
126114283	Reviparin	XM9JC4
98701620	Warfarin	XM86W0
1565359061	Anistreplase	XM1P81
1754712291	Urokinase	XM1QH1
2019316053	Streptokinase	XM1AV3
1988288668	Phenindione	XM79U8
1447650681	Alteplase	XM9A41
447565371	Acenocoumarol	XM6QR1
771565447	Phenprocoumon	XM4E47
820368710	Tioclomarol	XM6550
152990709	Fluindione	XM4GN9
1230482788	Clorindione	XM3508
891342316	Magaldrate	XM5R16
1892591643	Calcium carbonate	XM9003
551451556	Hydrotalcite	XM3EB6
813921396	Calcium silicate	XM8EF6
204102667	Ethyl biscoumacetate	XM5XY7
104989687	Diphenadione	XM2567
1041076656	Almagate	XM8J56
81581502	Brinase	XM77L2
1949391981	Lepirudin	XM2HU1
2134206569	Almasilate	XM9Y49
774036002	Desirudin	XM84G2
1137142800	Dicoumarol	XM8RN0
1581615421	Argatroban	XM7Y21
10912243	Ancrod	XM3YU3
459757238	Melagatran	XM1D58
1909049837	Ximelagatran	XM2QF7
1539120317	Bivalirudin	XM1WF7
28220144	Dabigatran etexilate	XM16E4
1436829097	Aluminium, aluminium magnesium silicate	XM35X7
1876341553	Magnesium hydroxide	XM39M3
1855091592	Epoprostenol	XM51R2
1984311869	Abciximab	XM39C9
319004716	Ditazole	XM5K56
1194383881	Tirofiban	XM0DS1
683761824	Beraprost	XM8Y64
1166746767	Algeldrate	XM9N47
249266868	Aluminium, aluminium phosphate	XM2VU8
263956933	Infliximab	XM3MX3
442513220	Dihydroxyaluminum sodium carbonate	XM9PG0
546330981	Etanercept	XM0FU1
2061811463	Aluminium, aluminium glycinate	XM7DC3
148699277	Aluminum hydroxide (gel)	XM38T8
87428777	Afelimomab	XM31F7
1244834845	Aloglutamol	XM4NY5
1785010931	Antithymocyte immunoglobulin (rabbit)	XM2Q51
1074909091	Mycophenolic acid	XM57B1
987417731	Carbazochrome sodium sulfonate	XM6RT1
799482729	Adalimumab	XM9DS9
1433206063	Muromonab-CD3	XM9RY3
1968456503	Alefacept	XM1PY3
2045424760	Parnaparin	XM9V60
2011368184	Tinzaparin	XM3SS4
13338028	Antilymphocyte immunoglobulin (horse)	XM3TG8
1812500363	Opinercept	XM0PE5
947918091	Apremilast	XM9UD1
336328558	Abatacept	XM45M8
558791674	Efalizumab	XM8CX4
247610156	Fingolimod	XM9K56
1637102067	Tofacitinib	XM7U27
615968378	Belatacept	XM4FP8
386684379	Ozanimod	XM0700
1735067334	Ocrelizumab	XM2B74
1293931416	Baricitinib	XM1SM6
436357614	Sirolimus	XM76R4
231053727	Begelomab	XM7BS8
2019188484	Imlifidase	XM09N4
318029915	Teriflunomide	XM1835
1653838662	Vedolizumab	XM5MC2
1423031655	Belimumab	XM9M75
1031307403	Emapalumab	XM3F23
2124769335	Eculizumab	XM3KK5
630010997	Golimumab	XM97H7
1361651943	Natalizumab	XM9YN4
813079744	Leflunomide	XM5M04
623543301	Certolizumab pegol	XM9QW1
1874994106	Belumosudil	XM6QJ6
104116895	Siponimod	XM6N55
376257952	Pegcetacoplan	XM8913
1699710166	Peficitinib	XM3RJ6
1173667338	Teprotumumab	XM8AR9
315665312	Sutimlimab	XM6PD2
1546073298	Daclizumab	XM3CD8
1163071100	Anifrolumab	XM1PC0
1458423261	Tacrolimus	XM1661
1507828050	Rilonacept	XM4YD0
1940616196	Anakinra	XM3CP6
468552828	Ciclosporin	XM28J8
699986511	Tocilizumab	XM2FV1
798110038	Secukinumab	XM0NF8
1971435289	Siltuximab	XM9D29
1609917001	Brodalumab	XM6601
1339992344	Ponesimod	XM69Y4
63711007	Ustekinumab	XM1BA7
99017732	Briakinumab	XM5JM2
419818331	Basiliximab	XM6FT1
1822043590	Canakinumab	XM67R0
1886986905	Sarilumab	XM45G5
450346434	Ixekizumab	XM7AB4
1510864841	Sirukumab	XM7N41
2090406029	Voclosporin	XM0Z09
742418383	Ravulizumab	XM31G3
1985208708	Upadacitinib	XM0V48
391286926	Hemoglobin crosfumaril	XM8BW6
303379657	Cilansetron	XM3X37
849279903	Ondansetron	XM7423
711632086	Tildrakizumab	XM9VJ6
1383091975	Hemoglobin raffimer	XM4MK5
408751308	Deucravacitinib	XM93Q8
1731576723	Gelatin agents	XM0CQ3
1867021149	Risankizumab	XM70N9
954126432	Hemoglobin glutamer	XM6W72
1747405880	Aloes	XM9P20
770566843	Granisetron	XM8123
608034561	Other plasma protein fractions	XM84Y1
1443573145	Albumin	XM6KC5
701888022	Oxypolygelatin	XM6YJ2
1408582018	Bryonia	XM9N98
483537508	Hydroxyethylstarch	XM8H48
759683935	Cathartic vegetable	XM6LH5
315471943	Carter's Little Pills	XM9YN3
1995140	Guselkumab	XM2L20
1199721992	Cathartic anthacene derivative	XM2632
1562413122	Aloin	XM6UQ2
378744690	Dextran	XM3CZ0
949409378	Polyvinylpyrrolidone	XM8UH8
94115839	Plasma protein fraction, human	XM1H99
406855467	Cathartic irritant	XM53Q7
576316349	Dianthone	XM4C29
941546855	Dihydroxyanthraquinone	XM8PF5
1443746818	Gamboge	XM1L58
1449582094	Ex-Lax (phenolphthalein)	XM6CR4
1745751770	Frangula extract	XM6L10
2107355806	Dulcolax	XM77A6
1751450838	Elaterium	XM9KZ8
1560922796	Frangula	XM7XD6
2038535376	Cathartic contact	XM3W96
323223943	Colocynth	XM0JN3
46898063	Jalap	XM6XG3
392046537	Croton (oil)	XM4217
389361095	Hinkle's pills	XM1RP5
302055993	Mineral oil emulsion	XM9DZ3
498633387	Phenisatin	XM4CS7
2098544642	Potassium sulfate	XM5042
948973561	Rhubarb dry extract	XM14Q1
584519971	Rhubarb tincture, compound	XM40D1
669204189	Sodium phosphate dibasic	XM9ML9
1733459676	Scammony	XM38T6
1650872614	Sennoside A+B	XM91P4
2085424918	Anisindione	XM02P8
1164910360	Coumetarol	XM0SY0
2075481528	Futibatinib	XM9XE8
594192037	Drotrecogin alfa	XM0PM7
1856904048	Pralsetinib	XM1UG8
1283384478	Coumarin	XM9E78
840796309	Sodium phosphate monobasic	XM38A9
1176679720	Sulisatin	XM8WQ0
170456490	Contact laxatives	XM5CM0
129891473	Yellow phenolphthalein	XM69R3
422312731	Rebamipide	XM2891
185007130	Bulk-forming laxatives	XM42M0
1321327361	Softeners or emollients	XM1NY1
492663355	Squirting cucumber (cathartic)	XM7XV5
263940646	Osmotically acting laxatives	XM2806
317553093	Nizatidine	XM9ZP3
1199302219	Dinoprostone	XM5VF9
1642496611	Enprostil	XM4GD1
618591392	Alprostadil	XM1CF2
1883265669	Misoprostol	XM28N9
1384468483	Dinoprost	XM3Q43
1488401407	Clusters of differentiation 38 inhibitors	XM4F67
1530370364	Other monoclonal antibodies and antibody drug conjugates	XM4ZA4
1925441199	Clusters of differentiation 22 inhibitors	XM0NB9
44348850	Human epidermal growth factor receptor 2 inhibitors	XM6DT1
1980567167	Sulprostone	XM9BJ7
1498949488	Ranitidine	XM6WY8
2069757367	Abetimus	XM4RN7
1488237228	Niperotidine	XM08A8
188395180	Gusperimus	XM75G0
596699646	Norethisterone	XM7LY6
1645191243	Megestrol	XM7KS3
767456030	Carboprost	XM8XM0
666933559	Progesterone	XM3799
1569047379	Hydroxyprogesterone	XM0R79
1810536777	Dienogest	XM0U58
205387175	Dydrogesterone	XM71X5
574098615	Medroxyprogesterone acetate (depot)	XM2HB5
321777898	Chlormadinone	XM5FK8
2045273535	Demegestone	XM6SD5
1829869737	Methylestrenolone	XM37T7
1240724724	Etonogestrel	XM94C4
454967375	Promegestone	XM71B5
1242865707	Gestodene and ethinylestradiol	XM4BC7
916962251	Ranitidine bismuth citrate	XM1ZT1
1839163959	Allylestrenol	XM77R9
56722853	Ethynodiol	XM6TX3
163930151	Ethisterone	XM0TH1
409925797	Lafutidine	XM0Q37
1381775810	Roxatidine	XM0SH0
1205622331	Gemeprost	XM2L11
2015947924	Cimetidine	XM9YL4
1565096237	Lynestrenol	XM8Y77
434726761	Famotidine	XM6441
1475189935	Gestonorone caproate	XM1KX5
1942645958	Estrone	XM8YK8
577919540	Norgestrienone	XM31C0
1023494936	Ethinylestradiol, ethinyloestradiol with norethisterone	XM7M76
1840654553	Levonorgestrel with ethinylestradiol	XM65V3
685679061	Methallenestril	XM4T41
1232347170	Estriol	XM4EH0
802098592	Norgestimate and ethinylestradiol	XM5PH2
904083786	Drospirenone	XM7XY6
1230064256	Desogestrel and ethinylestradiol	XM6Y16
687865184	Ethinylestradiol, ethinyloestradiol with levonorgestrel	XM3WW4
712364286	Chlormadinone and ethinylestradiol	XM3727
855555505	Lynestrenol and ethinylestradiol	XM9ZQ5
553154450	Nomegestrol and estradiol	XM0QV1
473431775	Quingestanol and ethinylestradiol	XM4AD5
50500048	Ethynodiol with mestranol diacetate	XM8HJ8
151384809	Dienogest and ethinylestradiol	XM5KE9
966623651	Epimestrol	XM7YR1
1477860573	Nomegestrol	XM2LR3
1725762222	Norethisterone with ethinylestradiol	XM7D82
389535400	Dienoestrol	XM6UC0
685162418	Fosfestrol	XM03K8
603968807	Medroxyprogesterone and ethinyloestradiol	XM6EU8
1735514418	Chlorotrianisene	XM1058
1663409966	Drospirenone and ethinylestradiol	XM3L86
333476543	Promestriene	XM7FC3
595398409	Diethylstilbestrol	XM51S9
2101558800	Dexlansoprazole	XM5RA0
966043631	Moxestrol	XM7ST1
1463282498	Dexrabeprazole	XM1J18
219931250	Estrogen conjugated	XM56M0
581447133	Pantoprazole	XM86M3
1443311878	Polyestradiol phosphate	XM3YX8
659601501	Esomeprazole	XM8YE1
2068071465	Omeprazole	XM8X45
220491021	Rabeprazole	XM3M01
1083770695	Ethinyloestradiol	XM1SV5
1737159254	Lansoprazole	XM39X4
1761181847	Ataluren	XM1CL7
1651779579	Drisapersen	XM7H79
1488055469	Medrogestone	XM4HQ9
1315570012	Tegoprazan	XM3MK2
1653165234	Estrogen	XM7CP4
2112015951	Eteplirsen	XM0BM1
1481092021	RimabotulinumtoxinB	XM2501
1570143451	DaxibotulinumtoxinA	XM5JZ1
21235946	Tibolone	XM70N6
391078690	AbobotulinumtoxinA	XM0BF0
1403407753	IncobotulinumtoxinA	XM21V3
1220005733	Levonorgestrel	XM6U53
2113029105	Desogestrel	XM7ZG5
1486401091	Quingestanol	XM1DX1
1064214054	Norelgestromin and ethinylestradiol	XM01B4
1286201344	Megestrol and ethinylestradiol	XM3344
2110307991	LetibotulinumtoxinA	XM2L71
1651052419	Omalizumab	XM4LH9
692219530	Benralizumab	XM0KT0
518074413	Ambuphylline	XM6493
832686723	Bufylline	XM1QL3
736556121	Aminophylline	XM5XJ1
1023651959	Acepifylline	XM1719
1889088324	Bamifylline	XM5Y44
1462534935	Reslizumab	XM6VB5
1374288056	Enprofylline	XM31P6
1911910934	Theophylline piperazine p-amino-benzoate	XM07F4
200965877	Theobromine	XM4L37
1031937104	Mepyramine theophyllinacetate	XM7X44
1737595395	Montelukast	XM10P5
1323494888	Doxofylline	XM9608
1254262580	Theophylline aminobenzoic acid	XM07L0
2125005336	Levoproxyphylline	XM3ZP6
560681781	Etamiphylline	XM1W21
1306873683	Pranlukast	XM1C43
1103534494	Theophylline	XM1FP4
1800909920	Oxtriphylline	XM81W0
128095270	Probenecid	XM0WT0
414355431	Isobromindione	XM3WF1
394052184	Sulfinpyrazone	XM7K05
134509571	Acefylline piperazine	XM5SD1
1569738864	Febuxostat	XM0K04
1619376582	Acrivastine	XM4GA2
416384258	Benzbromarone	XM9DK8
1368355618	Azelastine	XM9VB8
881178021	Piperazine derivatives of second-generation antihistaminic agents	XM6G21
1115911115	Alcuronium	XM23H5
1083781996	Terfenadine	XM2S36
135994552	Tisopurine	XM47Z2
1006272219	Astemizole	XM7S59
1077847880	Ebastine	XM9EU0
447805885	Mizolastine	XM7J45
961961805	Loratadine	XM4PE5
582174090	Ibudilast	XM12R0
402049310	Zafirlukast	XM9BZ0
282132863	Proxyphylline	XM5YJ3
1114016603	Fazadinium bromide	XM87E3
1869026230	Atracurium	XM0FZ0
2021619661	Hexafluronium	XM0L61
896833019	Pipecuronium bromide	XM0Q59
1512218402	Rocuronium bromide	XM4R62
608989887	Cisatracurium	XM0SQ7
238594031	Botulinum toxin	XM9M51
604273275	Mivacurium chloride	XM2SB5
296796603	Ketotifen	XM4F63
520110251	Doxacurium chloride	XM2811
1914441918	Lesinurad	XM95H8
943979828	Allopurinol	XM9589
1385758928	Mannitol	XM5BJ8
1084456946	Fexofenadine	XM1586
271827825	Carbamide	XM4HL5
1865367328	Quifenadine	XM3YG8
2113871129	Potassium chloride	XM0U09
337689397	Ammonium chloride	XM1W37
705795114	Sodium bicarbonate	XM4XZ4
1323701298	Tubocurarine	XM7139
1163651698	Bilastine	XM1WZ8
1695125889	Sodium phosphate	XM76C9
954057362	Sodium chloride	XM0X22
1612928335	Magnesium phosphate	XM6NV5
1792518816	Desloratadine	XM2656
497343096	Dimethyltubocurarine	XM2RT6
804615465	Rupatadine	XM3E25
52596528	Calcium chloride	XM9VN8
24961302	Cardioplegia solutions	XM99L3
1644380096	Gluconic acid	XM7E16
1459944394	Glycerophosphate	XM2S34
1808957007	Potassium acetate	XM45S7
1552321269	Compound solution of sodium lactate	XM3US9
508410068	Magnesium chloride	XM03Q8
659221049	Sodium citrate	XM61E9
239936001	Antazolin	XM5Q41
876178818	Zinc chloride	XM40H8
620858056	Sodium acetate	XM7F36
1091603114	Phenindamine	XM9BD4
1147027103	Potassium lactate	XM3T43
1848306639	Sodium glycerophosphate	XM83Z9
85752001	Thenalidine	XM7ZS2
1242862600	Mebhydrolin	XM4280
171977873	Azatadine	XM6Z93
1432847652	Triprolidine	XM8RT2
1559918425	Cyproheptadine	XM11C5
2013637764	Pipoxizine	XM0404
1603325228	Substituted alkylamines	XM5YE8
358649919	Phenothiazine derivatives	XM52P9
667418023	Setastine	XM5463
2076584794	Pancuronium	XM5CB4
1148306794	Bamipine	XM4GX4
210222114	Carbamic acid esters	XM5AB5
1597472090	Substituted ethylene diamines	XM9MB0
853811416	Gallamine	XM9416
1669295798	Tetrazepam	XM2RH8
2120217844	Eperisone	XM9UU4
1648856285	Tolperisone	XM4MA5
205042986	Ethacrynate sodium	XM79L6
998058875	Fenyramidol	XM7995
1912858613	Pridinol	XM26R3
2112677955	Cyclobenzaprine	XM7LP5
744712677	Mephenesin	XM1HD7
1956272988	Vecuronium	XM7S28
1662222680	Afloqualone	XM0W80
2092572327	Diuretic loop (high-ceiling)	XM8CG7
1412112802	Thiocolchicoside	XM52Y2
1427991112	Aminoalkyl ethers	XM8MV2
1277909982	Baclofen	XM5US2
1335291620	Piperazine derivatives of first-generation antihistaminic agents	XM9NA0
1282149821	Etacrynic acid	XM2LW1
2136753788	Suxamethonium	XM09Y8
138029598	Oxazol, thiazine, and triazine derivatives	XM09D8
466525903	Orphenadrine citrate	XM6X03
372825491	Tizanidine	XM1BK1
126080547	Muzolimine	XM6M47
1008527744	Loop [high-ceiling] diuretic sulfonamides	XM2W24
597538582	Lasix	XM06E2
608734057	Benzothiadiazine derivatives	
1961043851	Cicletanine	XM0G11
1178999457	Tienilic acid	XM9KF7
648648940	Etozolin	XM1H00
1506231349	Low-ceiling diuretic sulfonamides	XM6U69
912458078	Lyovac Sodium Edecrin	XM2C78
844392196	Mersalyl	XM4AF6
534254425	Triamterene	XM5SJ5
1349188212	Amiloride	XM1SM2
245867136	Calcifediol	XM8SM6
1258540314	Mineralocorticoids antagonists	
1098063273	Calcitriol	XM85V3
1267039735	Benfotiamine	XM5HF5
977221129	Nicotinamide	XM4PS9
17754064	Vitamin E	XM5TU4
1151026453	Biotin	XM9RX3
891358955	Ergocalciferol	XM75Z5
801210433	Riboflavin	XM8V93
983074425	Cholecalciferol	XM11C6
771162995	Tolvaptan	XM9LF5
1874958837	Alfacalcidol	XM3NT7
2011465022	Conivaptan	XM25L2
29515182	Dihydrotachysterol	XM37C2
1906642611	Pyridoxal phosphate	XM4GD2
2021544289	sulbutiamine	XM42G9
8485615	Dexpanthenol	XM41P5
982413242	Acetiamine	XM3UQ2
11410688	Panthenol	XM72U8
101760254	Vitamin B-complex, plain	XM2SV4
1093483863	Topiramate	XM2103
1408481305	Potassium aminobenzoate	XM0Y25
1785432489	Octotiamine	XM9609
1345338847	Cetotiamine	XM8SY7
626708208	Bisbentiamine	XM3HE8
816085160	Bisbutiamine	XM5LG0
519873529	Sultiame	XM1RS9
457095962	Felbamate	XM15W2
1642182909	Phenacemide	XM7BQ9
1851273327	Pheneturide	XM4RJ7
437050038	Calcium pantothenate	XM7398
1285663672	Beclamide	XM6KR2
1029476074	Thiamine	XM50T4
1592128541	Prosultiamine	XM7D01
1416123249	Fursultiamine	XM20C9
718981550	Pyridoxine	XM5MM0
1801054215	Gabapentin	XM0J96
779827086	Levetiracetam	XM9326
1115520746	Naratriptan	XM8BC6
826961484	Lamotrigine	XM6FN4
1856077191	Pregabalin	XM0AK1
650704532	Sumatriptan	XM9AV2
1541730579	Carisbamate	XM7PP9
516304538	Lacosamide	XM30R8
147132582	Ganaxolone	XM7QW2
1441615763	Brivaracetam	XM78C3
268356064	Perampanel	XM46J5
629808270	Retigabine	XM1P90
884145100	Stiripentol	XM34S0
1154853079	Zonisamide	XM0SP9
1223743878	Zolmitriptan	XM06P8
2052351787	Almotriptan	XM92S7
962469672	Ketorolac	XM8M52
76518245	Tolmetin	XM97N5
1890627288	Zomepirac	XM92G8
1788067577	Indometacin	XM7497
1867459059	Frovatriptan	XM4WN0
526931601	Diclofenac	XM2AU1
363191682	Eletriptan	XM7YU2
1431613946	Etodolac	XM2186
962214808	Bumadizone	XM6KJ8
869391573	Rizatriptan	XM6W13
1847659582	Sulindac	XM24W2
1943902757	Lasmiditan	XM7P17
321842886	Lonazolac	XM12Q6
34998660	Difenpiramide	XM7K80
1443639631	Fentiazac	XM2AX1
677567698	Acemetacin	XM3458
1476759503	Oxametacin	XM7CA3
460778969	Alclofenac	XM9S89
442268015	Ibufenac	XM8G95
1628475305	Ethosuximide	XM1K85
1920031391	Proglumetacin	XM2P51
1422868071	Vigabatrin	XM5G31
1348509188	Flufenamic acid	XM31G8
1264868089	Paramethadione	XM7N89
529225624	Phenytoin	XM0RY4
928220440	Aceclofenac	XM5W40
1576868431	Bufexamac	XM7AB1
271853203	Mefenamic acid	XM6Q83
1856571195	Trimethadione	XM31H5
344934710	Ethotoin	XM8MV0
1691719427	Progabide	XM2HC7
1779732741	Morsuximide	XM6421
730585268	Phensuximide	XM9E68
1640561171	Valpromide	XM71X1
117981291	Aminobutyric acid	XM5ZT1
463701513	Mesuximide	XM2KZ3
1359619789	Epanutin	XM45R0
1643476793	Ethadione	XM9993
1350919828	Naproxen	XM1KL8
2118835299	Dilantin	XM08H9
266373063	Suprofen	XM2N63
466993327	Fenoprofen	XM7BS7
1701272178	Flurbiprofen	XM8VP8
732990025	Benoxaprofen	XM7F06
1254250574	Oxaprozin	XM9694
100572829	Metetoin	XM02E9
29646617	Pirprofen	XM4KX7
1120682891	Fenbufen	XM4W51
1445218706	Clofezone	XM8X86
24577765	Ketoprofen	XM63J5
5647280	Phenylbutazone	XM8HN0
878672358	Amino(diphenylhydantoin) valeric acid	XM9QF8
406896727	Mofebutazone	XM8P27
1906510852	Dexibuprofen	XM32V2
1792987876	Ibuprofen	XM2RR6
988309320	Meclofenamic acid	XM3W40
1153853276	Mephenytoin	XM4A36
201086994	Albutoin	XM52B4
842274055	Oxyphenbutazone	XM12M5
1952160132	Dexketoprofen	XM1ZF2
776478665	Naproxcinod	XM9ES5
1286263733	Carprofen	XM8GM3
1540872534	Indoprofen	XM3G14
880923533	Flunoxaprofen	XM4FK3
704287261	Kebuzone	XM4H41
1580158166	Alminoprofen	XM1W06
2005520159	Droxicam	XM7WP9
1103513316	Piroxicam	XM9MD6
1796463195	Carbamazepine	XM3D95
82090347	Tenoxicam	XM1867
1510523384	Isoxicam	XM83U4
133078020	Meloxicam	XM1XY0
1011118719	Rofecoxib	XM70K9
1092490512	Celecoxib	XM63D2
30822156	Oxcarbazepine	XM69D6
763139387	Eslicarbazepine	XM5HL7
765086034	Lornoxicam	XM3X14
1239135460	Polmacoxib	XM1N20
1717040178	Etoricoxib	XM2W58
594881467	Lumiracoxib	XM0BC7
872086182	Sodium aurothiomalate	XM9ZC2
372287279	Valdecoxib	XM4SK9
1718188969	Aurotioprol	XM28Y9
1002311904	Periciazine	XM5664
1277370724	Parecoxib	XM96Q4
2003768184	Rufinamide	XM6BU4
1110286251	Auranofin	XM5HT1
1473456611	Aurothioglucose	XM1MX1
1722375226	Thioridazine	XM4DG6
1665777115	Sodium aurotiosulfate	XM8CF5
1084167567	Mesoridazine	XM6447
1793835231	Levomepromazine	XM61Z1
1278767608	Pipotiazine	XM0168
2006525035	Chlorpromazine	XM4U75
847964967	Promazine	XM3CL7
902588782	Acepromazine	XM8LW2
517274990	Fluphenazine	XM6Z10
1857269361	Acetophenazine	XM3EY1
712753887	Chlorproethazine	XM6WY7
771944054	Dixyrazine	XM75P4
1777675324	Prochlorperazine	XM84U4
52034435	Trifluoperazine	XM18F5
1240049302	Thiopropazate	XM0PU2
1545015518	Thioproperazine	XM1V98
1944078400	Protease	XM2VN0
74857256	Butaperazine	XM5JD6
2098496263	Perazine	XM0TU3
2017900701	Magnesium levulinate	XM8W21
1685079020	Sodium monofluorophosphate	XM82S0
1379036621	Magnesium lactate	XM3U21
1308923582	Magnesium orotate	XM8P82
1942957131	Magnesium silicofluoride	XM5VT1
29610299	Sodium fluoride	XM1F39
1029990166	Magnesium pidolate	XM9GU6
136440706	Magnesium aspartate	XM2U66
1110089700	Tiagabine	XM8HQ0
834427223	Valproic acid	XM29Q3
1863255438	Ibuproxam	XM1918
1890998095	Aloxidone	XM1535
71092889	Tolfenamic acid	XM9WQ9
1003467674	Anticonvulsant hydantoin	XM55H4
1224450441	Magnesium gluconate	XM1AU1
1125728081	Calcium phosphate	XM1AY1
202504132	Calcium glubionate	XM7ND2
484546884	Calcium acetate anhydrous	XM5TW4
1547424589	Calcium glucoheptonate	XM08S9
1190272777	Calcium citrate	XM4S97
118876522	Calcium gluconate	XM3EU2
421072068	Calcium citrate lysine complex	XM4X88
157782236	Sodium cyclamate	XM8ZD6
1932186843	Calcium lactate	XM46G3
1354096657	Zinc phosphide	XM6D77
862837142	Calcium glycerylphosphate	XM9WA2
1881346812	Zinc sulfate	XM68Z2
1473086033	Sodium hydrogen carbonate	XM9KZ3
134877335	Sodium magnesium citrate	XM7L15
1769889753	Calcium lactate gluconate	XM4N33
865834206	Calcium salts	XM9566
388174452	Zinc oxide nonmedicinal	XM93K2
1331405750	Sodium salt	XM3H90
1820772953	Calcium laevulate	XM6AK3
1379853799	Selenium fumes	XM4HH9
645978630	Potassium salts	XM0H50
1472919629	Potassium bicarbonate	XM56J9
1914633754	Sodium selenate	XM5RR4
2109615389	Potassium gluconate	XM2P49
1202376673	Triflupromazine	XM1TZ3
1985786821	Sodium acid phosphate	XM0VG1
327322312	Zinc chromate	XM52P2
971657502	Zinc chloride nonmedicinal	XM3E63
1681787165	Cyamemazine	XM3AU5
295483780	Calcium acetate	XM0VY0
915754006	Calcium pangamate	XM7G46
420932047	Chloramphenicol	XM2TE7
1444815194	Thiamphenicol	XM40F4
1046726049	Sodium selenite	XM7809
2038918473	Liver extract	XM7113
855855847	Perphenazine	XM5Z27
1725194899	Calcium bromolactobionate	XM8AM9
2092122807	Liver fraction 1	XM9GC7
959851854	Liver hydrolysate	XM25P4
1111687453	Hydrochloric acid vapor	XM6QZ3
568377130	Magnesium citrate	XM7KF0
2130280113	Cod-liver oil	XM09R3
260804041	Tiaprofenic acid	XM0WQ1
108805248	Zinc pesticide, not elsewhere classified	XM27E8
232357378	Zinc protein complex	XM0418
612381679	Bacampicillin	XM46K9
1706609194	Apalcillin	XM0JT4
1439213663	Yeast	XM9FC4
1048872138	Yeast dried	XM2W18
621382191	Carfecillin	XM2SP1
1328146408	Adicillin	XM1JY8
1989866035	Zinc acetate	XM3R55
2020426636	Potassium citrate	XM7D96
1310139238	Xantocillin	XM3UP8
706196173	Cephalosporins N (adicillin)	XM9MK4
554937441	Clemizole penicillin	XM4YY1
1841948163	Zinc sulfate nonmedicinal	XM82L3
665693008	Zinc gluconate	XM5WL8
1130067889	Sodium biphosphate	XM6R29
698619344	Potassium bitartrate	XM46S4
394115493	Penicillins with extended spectrum	XM3173
540911057	Ancillin	XM1LV7
1062122741	Benethamine penicillin	XM94E1
502275785	Beta-lactamase sensitive penicillins	XM9FQ5
781429537	Penicillin (any)	XM7Q57
462712661	Phenbenicillin	XM71L1
476090065	Pristinamycin	XM48W5
301740201	Ciclacillin	XM2361
534588306	Quinupristin	XM4NJ6
379105484	Sulfathiourea	XM4L44
348659543	Isoxazolyl penicillin	XM0V84
1952830972	Methoxybenzyl penicillin	XM00H2
244261261	Hydrabamine penicillin	XM9VG2
1441851024	Imipenem	XM7LA4
1738601282	Short-acting sulfonamides	XM8162
1724980120	Beta-lactamase resistant penicillins	XM9QY0
478279187	Trimethoprim derivatives	XM3MG7
1408432566	Combinations of penicillins	XM6QQ6
161364121	Rokitamycin	XM8UC1
2042307430	Kitasamycin	XM06K0
1796654296	Penethamate	XM9XB6
955011327	Sulfonamides and trimethoprim derivatives, fixed combinations	XM3EU7
1284191873	Iclaprim	XM98X3
1107731598	Long-acting sulfonamides	XM4J39
1481327685	Flurithromycin	XM2J45
1914211770	Roxithromycin	XM98M0
917761009	Azithromycin	XM1329
1769061076	Josamycin	XM2YT6
1035466077	Erythromycin	XM36F7
771169831	Intermediate-acting sulfonamides	XM06K1
1134747636	Spiramycin	XM1K16
700512981	Midecamycin	XM80A1
1632653069	Dalfopristin	XM2YS9
327071283	Miocamycin	XM3CC3
673978200	Solithromycin	XM2LU0
1374834057	Nitrofurantoin	XM09K7
1916768533	Dirithromycin	XM0EH3
1542034734	Ansamycin	XM4094
645493319	Oleandomycin	XM8HR9
1191973184	Clarithromycin	XM1VG4
39371274	Telithromycin	XM5TV4
1728046033	Brodimoprim	XM4YB5
531793478	Troleandomycin	XM2WF8
2145876389	Nifurtimox	XM9F49
1661433425	Ceftaroline fosamil	XM2LW5
468183052	Furazolidone	XM08Z2
705720292	Furazidin	XM8FX2
24437247	Sulbactam	XM3Y87
752719813	Cefteram	XM45T3
2080505348	Cephalosporins	XM4HC8
206666890	Ceftolozane and beta-lactamase inhibitor	XM7RT0
1800143215	Nifurtoinol	XM1QV5
1945779832	Cefpimizole	XM01V2
209933705	Cefuzonam	XM0C25
313640769	Carbapenems	XM1JU9
617047436	Antibiotic cephalosporin (group)	XM7TD6
356458794	Cefaloglycin	XM5J74
957673502	Ceftobiprole medocaril	XM3QS2
513593852	Cefamycin antibiotic	XM8J52
1317100717	Pipemidic acid	XM61M8
458279062	Fluoroquinolones	XM3HL2
689425751	Telavancin	XM8WT1
879470814	Rosoxacin	XM8SV4
1497175608	Third-generation cephalosporins	XM3FN8
983524251	Vancomycin	XM9YD1
1517763839	Dalbavancin	XM4F99
799895469	Lincomycin	XM53Q9
2142806673	Antibiotic b-lactam	XM3WK4
439076377	Tazobactam	XM2D37
521680594	Nalidixic acid	XM82P4
1252895640	Carbidopa	XM1Z60
529989275	Opicapone	XM6TZ5
1879304623	Oritavancin	XM9LJ3
369007538	Piromidic acid	XM1298
2029346842	Cefuroxime and metronidazole	XM9162
1662099346	Entacapone	XM07G6
2134068878	Clindamycin	XM8158
1037549459	Spiramycin and metronidazole	XM3E19
907059799	Sulfonamides, combinations with other antibacterials	XM5CX9
1136218638	Levofloxacin and ornidazole	XM8TH8
1775077216	Cefepime and amikacin	XM3DB6
1552419788	Ofloxacin and ornidazole	XM2CJ8
430625859	Tetracycline and oleandomycin	XM1CM9
908498067	Ciprofloxacin and metronidazole	XM9T47
475152835	Ciprofloxacin and tinidazole	XM36B5
2140266623	Dibekacin	XM45U4
870187283	Azithromycin, fluconazole and secnidazole	XM5QC3
900531990	Framycetin	XM0PH0
1868265929	Bekanamycin	XM4PT0
719197746	Astromicin	XM4BG6
1059102842	Antitubercular antibiotics	XM7WC2
265239730	Antibiotic aminoglycoside	XM4LV0
1420884909	Amikacin	XM3X89
126307109	Cephalothin	XM67G9
2066511425	Gentamicin	XM3YS5
1750807346	Monobactams	XM3XC6
1231375044	Tolcapone	XM0BA4
744030509	Amantadine	XM2H09
1815417568	Norfloxacin and tinidazole	XM31E8
1384232268	Penicillins, combinations with other antibacterials	XM39C8
2122737181	Dopa and dopa derivatives	XM7SN1
128616857	Fourth-generation cephalosporins	XM60V7
1833098868	Clavulanic acid	XM2K88
1822253628	Second-generation cephalosporins	XM4DG8
1168392324	Teicoplanin	XM2004
1712375120	First-generation cephalosporins	XM9BE0
640892955	Budipine	XM0K96
1794337244	Monoamine oxidase B inhibitors	XM9GG4
1668046717	Dopamine agonists	
709933728	Neomycin (derivatives)	XM2YC8
1330115429	Netilmicin	XM1W69
789561696	Paromomycin	XM1696
988903192	Ribostamycin	XM58T2
1069897962	Novobiocin	XM1QQ2
615280516	Streptonivicin	XM4YK6
1178716046	Ciprofloxacin and ornidazole	XM51W6
1098367543	Sisomicin	XM4GS3
1251353611	Dihydrostreptomycin	XM8KT1
1090419703	Isepamicin	XM6YS3
1979301763	Micronomicin	XM9VS3
1608924883	Kanamycin	XM0C03
1970737939	Demeclocycline	XM9219
621595298	Demethylchlortetracycline	XM17F8
288393943	Demethyltetracycline	XM7KG3
1639063898	Doxycycline	XM7J58
2079661952	Chlortetracycline	XM1JT2
1537990092	Guamecycline	XM4492
781642670	Colistin	XM6510
417143023	Aerosporin	XM5183
1249296922	Polymyxin B	XM0NQ2
186675548	Oxytetracycline	XM8DQ8
1602778194	Polymyxin	XM8MH4
190559854	Amphomycin	XM4E54
1108261171	Tetracycline	XM0BP1
1026923052	Rolitetracycline	XM45X2
1878644540	Anti-infective antibiotics specified	XM2H40
809207321	Antibiotic polypeptide	XM0MJ1
1799635204	Antibiotic specified	XM7SQ4
1085877652	Antibiotic intestinal	XM41T2
1046245916	Albamycin	XM5PV6
1099082133	Fusidic acid	XM6AH3
894296327	Ristocetin	XM19A7
1250342713	Neosporin	XM14K4
150939425	Xibornol	XM71G5
585399285	Methenamine (mandelate)	XM02L5
368499675	Enviomycin	XM74K5
1893532495	Carbomycin	XM0D75
1596965920	Fusafungine	XM5UL0
21311046	Mandelic acid	XM3HJ6
1889764594	Sulfomyxin	XM4F54
1079825668	Fosfomycin	XM0HU8
795757197	Tigecycline	XM74B7
4859251	Sodium fusidate	XM0BX1
1141701569	Nitroxoline	XM33S9
794940883	Viomycin	XM6HE3
94121778	Bacitracin	XM20R8
1424449780	Virginiamycin	XM2A60
6601394	Clofoctol	XM11V4
809517355	Chlormethylenecycline	XM7FD5
1829685457	Arbekacin	XM79T7
538048956	Streptovarycin	XM40X6
904876020	Tobramycin	XM6G20
799568174	Streptomycin	XM6T34
803797604	Daptomycin	XM2NL4
1771265559	Antiviral monoclonal antibodies	XM3NK9
1979415599	Lefamulin	XM9QK9
2033536516	Gas-gangrene sera	XM1FR6
2133285936	Botulinum antitoxin	XM0AD6
1941148005	Acetylsalicylic acid salts	
94806609	Snake venom antiserum	XM18Y9
1320635963	Posaconazole	XM1VE3
1003715767	Laninamivir	XM6M67
355118233	Meclocycline	XM9KD5
2146384334	Penimepicycline	XM3D34
1961568100	Minocycline	XM5TY0
1700295221	Metacycline	XM4CA1
1367204846	Peramivir	XM0AQ6
2047304052	Betamicin	XM2EH2
74580243	Plazomicin	XM1KN3
465382843	Antibiotic tetracycline (group)	XM8124
1043065143	Zanamivir	XM0JN4
1601461614	Dasabuvir, Ombitasvir, Paritaprevir and Ritonavir	XM4R75
807557047	Elbasvir and Grazoprevir	XM7VS7
1962969152	Ombitasvir, Paritaprevir and Ritonavir	XM70P2
1932151589	Sofosbuvir, Velpatasvir and Voxilaprevir	XM14S9
90692387	Sofosbuvir and Ledipasvir	XM5CA7
341785703	Oseltamivir	XM6823
380108362	Immunoglobulin not elsewhere classified	XM1BS2
870847365	Rimantadine	XM2TS5
653490447	Immunoglobulins, normal human	XM0AQ7
814228683	Antirabies hyperimmune serum	XM5083
691653994	Glecaprevir and Pibrentasvir	XM1NF4
1545178496	Specific immunoglobulins	XM5YM7
1092912888	Diphtheria antitoxin	XM2MN8
720833234	Amphotericin B	XM5TR4
1499373173	Sofosbuvir and Velpatasvir	XM3K33
1737092218	Tromantadine	XM7GR8
1846258120	Clomocycline	XM0WY0
55384120	Daclatasvir, Asunaprevir and Beclabuvir	XM10G0
506376757	Lymecycline	XM47D7
1181730737	Zidovudine and Lamivudine	XM5UM7
1603250559	Tedizolid	XM9GT9
1162241339	Linezolid	XM9WV9
95940734	Hachimycin	XM9CM4
831733086	Fluconazole	XM97S6
67524991	Tetanus antitoxin	XM18X1
750868714	Lamivudine and Abacavir	XM41D4
819569574	Voriconazole	XM70R4
1554385909	Zidovudine, Lamivudine and Abacavir	XM2F89
74514872	Itraconazole	XM5XD2
1444494607	Oteseconazole	XM69J7
173391788	Stavudine, Lamivudine and Nevirapine	XM99U8
871366956	Emtricitabine, Tenofovir disoproxil and Efavirenz	XM7RZ6
112561592	Tenofovir disoproxil and Emtricitabine	XM75H2
2050157745	Emtricitabine, Tenofovir disoproxil, Elvitegravir and Cobicistat	XM99Q5
1346779617	Lopinavir	XM3EH7
1627070709	Lamivudine and Raltegravir	XM0229
635043710	Atazanavir and Cobicistat	XM4KM0
27563180	Dolutegravir and Rilpivirine	XM4C60
1149651749	Emtricitabine, Tenofovir alafenamide and Bictegravir	XM0UN9
1795820533	Emtricitabine, Tenofovir alafenamide, Darunavir and Cobicistat	XM7T33
513133930	Emtricitabine and Tenofovir alafenamide	XM8RF0
1098833573	Atazanavir and Ritonavir	XM4TF3
1438559329	Lamivudine, Abacavir and Dolutegravir	XM2UU9
539060990	Emtricitabine, Tenofovir disoproxil and Rilpivirine	XM1KH0
1861394037	Emtricitabine, Tenofovir alafenamide and Rilpivirine	XM08B7
263006764	Darunavir and Cobicistat	XM1FA4
2143975729	Lamivudine and Tenofovir disoproxil	XM50Z0
887167032	Emtricitabine, Tenofovir alafenamide, Elvitegravir and Cobicistat	XM4JT2
480884178	Didanosine	XM8Z78
309338127	Zidovudine	XM9C07
1916277302	Zalcitabine	XM7XQ2
1186608031	Stavudine	XM7RM1
823758264	Lamivudine and Dolutegravir	XM9CE4
1519175918	Asunaprevir	XM6LF8
141149976	Tenofovir alafenamide	XM06Z6
1950044721	Darunavir and Ritonavir	XM8ZN1
1270099884	Boceprevir	XM07W4
1219726623	Telbivudine	XM2P85
2113274251	Adefovir	XM96H1
572330566	Clevudine	XM9K66
669353926	Emtricitabine	XM2L06
227627672	Entecavir	XM0Z52
618800499	Simeprevir	XM9FF9
1993531045	Zidovudine, Lamivudine and Nevirapine	XM0SL5
358934122	Lamivudine, Tenofovir disoproxil and Efavirenz	XM9NL2
1825498831	Lamivudine	XM5471
123446169	Lamivudine, Tenofovir disoproxil and Dolutegravir	XM8QY9
460151018	Lamivudine, Tenofovir disoproxil and Doravirine	XM5FB9
703347014	Abacavir	XM35P4
1468191963	Tenofovir disoproxil	XM67N3
296200679	Telaprevir	XM2WF9
38945231	Ribavirin	XM8YT1
1640037114	Faldaprevir	XM1QK4
1313651244	Etravirine	XM7N44
1026313092	Efavirenz	XM1DX2
2103730744	Aciclovir	XM3MC4
10440355	Dasabuvir	XM34X5
789778035	Grazoprevir	XM9WK5
137830101	Vidarabine	XM30N1
605671780	Famciclovir	XM3RL1
1298471074	Valaciclovir	XM4GK4
1631260395	Idoxuridine	XM2GP5
1023560637	Penciclovir	XM3AF7
962966761	Ganciclovir	XM1M61
1681420154	Rilpivirine	XM1KD4
311298925	Fosfonet	XM8Z26
1381253476	Brivudine	XM5L76
1729220080	Cidofovir	XM6HE0
393649901	Valganciclovir	XM2RU2
1170051372	Elbasvir	XM5HK2
1383743835	Nevirapine	XM10T5
2014221323	Delavirdine	XM0LC3
720083955	Sofosbuvir	XM0ZZ5
942914492	Coblopasvir	XM6ZX2
1895308736	Daclatasvir	XM41F6
955964989	Foscarnet	XM5XQ9
983407330	Miconazole	XM9UH0
1472332051	Brincidofovir	XM4CD1
1640701715	Ketoconazole	XM9795
425304593	Haemophilus influenzae B vaccines	XM11V3
1827633584	Vaccines bacterial with other bacterial component	XM9SW5
715198108	Typhoid vaccines	XM8BU8
1565862886	Vaccines bacterial mixed, not elsewhere classified	XM5926
1063237844	Tetanus vaccines	XM5L44
1471383174	Cholera vaccines	XM29K4
757658980	Remdesivir	XM1ES0
1713411618	Plague vaccines	XM8ZX8
901322168	Vaccines rickettsial	XM91J8
396699965	Hepatitis vaccines	XM6LL6
268870249	Anthrax vaccines	XM8NU9
1037171821	Encephalitis vaccines	XM0RC1
111418983	Diphtheria vaccines	XM8AW3
1716231214	Meningococcal vaccines	XM2WV4
1326557479	Pertussis vaccines	XM43M9
439137653	Brucellosis vaccines	XM7PB3
201368617	Pneumococcal vaccines	XM9EM7
1770751664	Diphtheria, rubella, tetanus vaccines	XM9744
1267641273	Diphtheria, Haemophilus influenzae B, pertussis, tetanus, hepatitis B vaccines	XM7JP3
1699211479	Diphtheria, pertussis, poliomyelitis, tetanus, hepatitis B vaccines	XM0LT9
675122679	Diphtheria, Haemophilus influenzae B, pertussis, poliomyelitis, tetanus vaccines	XM1LX9
933979203	Diphtheria, hepatitis B, pertussis, tetanus vaccines	XM41N3
822379400	Respiratory syncytial virus vaccines	XM02Y0
1234470901	Diphtheria, hepatitis B, tetanus, acellular pertussis, inactivated polio virus, Haemophilus Influenzae type B vaccines	XM84S1
149798181	Diphtheria, poliomyelitis, tetanus vaccines	XM8AW1
206580507	Diphtheria, pertussis, poliomyelitis, tetanus vaccines	XM09Q7
164703371	Rubella vaccines	XM7PP1
1675645605	Diphtheria tetanus, acellular pertussis, inactivated polio virus, Haemophilus Influenzae type B vaccines	XM21E6
210635131	Mumps vaccines	XM1131
1589421967	Dengue vaccines	XM38G7
643642263	Varicella zoster vaccines	XM8DG3
1667622291	Mpox vaccines	XM7ZF1
751881015	Influenza vaccines	XM1LR5
1943937130	Poliomyelitis vaccines	XM0N50
894585096	COVID-19 vaccines	XM68M6
2084009990	Ebola vaccines	XM7P50
1551573590	Smallpox vaccine	XM95R0
647091749	Rabies vaccines	XM6T09
1132895780	Rotavirus diarrhoea vaccines	XM1CE0
1143858830	Papillomavirus vaccines	XM9QP0
1749191919	Tuberculosis vaccines	XM4639
187973104	Yellow fever vaccines	XM0N24
1165620955	Measles vaccines	XM28X5
386948767	Haemophilus influenzae B and hepatitis B vaccines	XM32L7
581970587	Diphtheria, hepatitis B, tetanus vaccines	XM3G68
2003449146	Flubendazole	XM8RG6
1305770462	Fenbendazole	XM5XC2
10241378	Diphtheria, Haemophilus influenzae B, pertussis, tetanus, hepatitis B, meningococcus A + C vaccines	XM5XP9
1205481168	Tiabendazole	XM0CU8
213276798	Diphtheria, tetanus, acellular pertussis, inactivated polio virus vaccines	XM9JP8
928352161	Albendazole	XM79J1
1065319246	Broxyquinoline	XM5MW6
827433262	Ciclobendazole	XM7982
1025950511	Haemophilus influenzae B and poliomyelitis vaccines	XM01H1
1120551230	Mebendazole	XM3GX0
1294028392	Oxantel	XM05V2
761131879	Clioquinol	XM1V59
1652837464	Pyrantel	XM90N4
828661706	Typhoid, hepatitis A vaccines	XM3JA6
355257088	Tilbroquinol	XM1KS8
1824409149	Tiliquinol	XM0V89
1766898253	Phentermine	XM5VK3
744292815	Chlorquinaldol	XM56H5
1452839349	Amfepramone	XM84W9
101101718	Fenfluramine	XM5TZ8
600567126	Mazindol	XM25W6
2095858917	Clobenzorex	XM2NX7
163526664	Dexfenfluramine	XM5WS4
64448508	Aminorex	XM54E8
1568241545	Fenproporex	XM1145
1549237817	Phenmetrazine	XM73T8
183913896	Clefamide	XM9H76
1340782749	Lorcaserin	XM4NN9
361061508	Etofamide	XM3PL8
1704881613	Sibutramine	XM13P5
1403829835	Cathine	XM8K95
1749541193	Benzphetamine	XM4DD3
1902376044	Setmelanotide	XM5DN4
1506075063	Cloforex	XM3AJ4
1930921111	Phenbutrazate	XM4PR1
1927898512	Anti-infective antimalarial	XM37R2
474058320	Clortermine	XM8H60
254866070	Etilamfetamine	XM7830
1240170641	Chlorphentermine	XM16Q1
580041761	8-Aminoquinoline drugs	XM6M61
1429478533	Diloxanide	XM7AM3
949717130	Diethylpropion	XM5FP0
1729614808	Amopyroquin	XM0NC8
230247553	Antiprotozoal drug blood	XM7LP3
1199942634	Antimalarial	XM1914
1383800226	Antimalarial prophylactic	XM5WN6
1211900792	Antimalarial pyrimidine derivative	XM5Q32
1290452808	Anti-infective antiprotozoal blood	XM0VE8
1726558943	Phendimetrazine	XM6AJ3
965530508	Mefenorex	XM3DL8
1175196204	Chlorproguanil	XM0KE4
1118929940	Cinchona	XM38E0
2008432738	Cinchonine alkaloids	XM9V39
945516645	Guanatol	XM23A5
937621751	Daraprim	XM9511
1460501182	Pyrimethamine	XM0XQ2
656957761	Pamaquine (naphthoate)	XM08Q1
2111709086	Halofantrine	XM3T26
1655508666	Pentaquine	XM0346
1477657182	Mefloquine	XM50J2
1993998640	Isopentaquine	XM17W0
964000213	Quinacrine	XM10R3
102985103	Quinine	XM8RC3
1123273974	Pyrimethamine with sulfadoxine	XM90Z4
1230619928	Aminoquinolines	XM50C8
32290874	Arterolane and Piperaquine	XM3B54
1663897670	Artemisinin and derivatives, plain	XM5SP0
803036311	Artemether and Lumefantrine	XM6TH1
1745080323	Naphthoquine	XM8H63
1091328779	Nimorazole	XM5LH9
161146141	Schizontocide (blood) (tissue)	XM9Z81
220689187	Quinocide	XM0RU7
1709313951	Azanidazole	XM4HZ1
467420099	Amfetamine	XM48Z9
1880930775	Arsthinol	XM09B5
509917886	Benznidazole	XM0JG6
1938782817	Lisdexamfetamine	XM4SD7
12013750	Secnidazole	XM98K0
1310541586	Fenetylline	XM8N26
2139248039	Propenidazole	XM61Z9
1799497571	Fexinidazole	XM5VX1
986031660	Glycobiarsol	XM6V40
1614010609	Difetarsone	XM0A09
1833455957	Renin-inhibitors	XM3FH7
1728447135	Zofenopril	XM9N15
65546622	Solriamfetol	XM0462
334857556	Enalapril	XM6X56
1382730981	Quinapril	XM3DU1
1210970687	Perindopril	XM58G7
585656168	Ramipril	XM2A48
708916713	Fosinopril	XM4Z53
1006330530	Meglumine antimonate	XM2TP0
92503884	Sodium stibogluconate	XM2284
1541665114	Fencamfamin	XM2154
951015858	Lisinopril	XM7TF8
427303488	Alacepril	XM3YY8
15746645	Temocapril	XM25N5
363601518	Akritoin	XM3E78
2025433541	Benazepril	XM0HG1
1561374929	Angiotensin II antagonists	XM7169
1171769309	Anti-infective heavy metals	XM44A9
996498692	Antimony tartrated	XM2AH2
1916014249	Enalaprilat	XM5609
1375848171	Spirapril	XM8091
1833377677	Captopril	XM6P97
2124882970	Delapril	XM3DT0
418487294	Cilazapril	XM1AZ4
5416998	Anti-infective arsenical	XM8LB8
72208491	Moexipril	XM6DX1
1088677923	Antimony potassium tartrate (sodium)	XM69W3
1071172412	Antiparasitic drug specified	XM1Z32
175685432	Chiniofon	XM7PV2
1898085723	Flumequine	XM4923
771375895	Iodoquinol	XM80M5
1850829951	Cinoxacin	XM6DH1
1582023963	Nifuratel	XM39N3
251438804	Mercury, mercurial, mercuric, mercurous anti-infective systemic	XM0RW4
1801798529	Fluorocytosine	XM4XE9
876800564	Lead anti-infectives	XM7T64
1967365159	Bismuth salts subsalicylate	XM7A39
294631408	Iodobismitol	XM74Y8
2122190169	Mapharsen	XM0FS9
1623009903	Bithionol	XM8SJ3
1872958093	Arsphenamine (silver)	XM0L93
550509866	Dichlorhydroxyquinoline	XM1YN6
1427988075	Antimony anti-infectives	XM8CX5
178571388	Flunidazole	XM7BY8
1091671761	Disinfectant intestinal	XM59A1
517195762	Croconazole	XM0402
290889395	Trandolapril	XM3F15
1066028768	Oxolinic acid	XM70Q8
818344928	Bismuth salts anti-infectives	XM12U8
1053773152	Hexetidine	XM6UT2
248898618	Potassium antimony tartrate	XM10R8
1003626576	Quiniobine	XM8WV6
1428476345	Neosilversalvarsan	XM0M05
2128198953	Neoarsphenamine	XM08P3
257711612	Sodium cacodylate anti-infective	XM3DB2
1629773459	Salvarsan 606 (neosilver) (silver)	XM3VB9
563420822	Quinoline (derivatives)	XM8U22
828344100	Silver salvarsan	XM6260
505380236	Sulfarsphenamine	XM80F6
1855837697	Stovarsal	XM9L57
1163967121	Tartar emetic	XM96Q1
83882792	Tartrated antimony (anti-infective)	XM6A32
285295984	Thiobismol	XM9KU4
1417947799	Thiocarbarsone	XM9UP9
1072794066	Dehydroemetine	XM28N6
8121036	Emetine	XM2HD6
1849321073	Tin anti-infectives	XM5VM3
549132070	Urinary anti-infective	XM2SB0
2058902613	Tenonitrozole	XM5RX3
1840184194	Phanquinone	XM5GF4
680651219	Mepacrine	XM9VB9
374746293	Lanreotide	XM7GZ3
1864118188	Fumagillin	XM5WJ8
884687473	Octreotide	XM01Z4
18560629	Somatostatin	XM5L29
266667706	Nitazoxanide	XM84S6
1400173372	Vapreotide	XM28Z2
970615909	Pasireotide	XM3AN9
962083267	Bunaftine	XM56N7
1180900062	Bretylium tosilate	XM3ZG2
594808087	Amiodarone	XM3ZJ7
1369151668	Tedisamil	XM8QN8
2115491942	Dofetilide	XM1143
993331181	Ibutilide	XM8AA1
1400394758	Flecainide	XM1E38
1665908622	Propafenone	XM9R82
1556208792	Lorcainide	XM04P2
2079280614	Dronedarone	XM8K75
1183244878	Encainide	XM6TZ8
1361225508	Buserelin	XM32E8
1415777588	Ethacizine	XM23Q8
1520814724	Goserelin	XM8CG4
1008925157	Histrelin	XM78X7
1043784989	Gonadorelin	XM2TU9
596539545	Leuprorelin	XM3S25
701556885	Quinidine	XM8AL5
173915973	Procainamide	XM4MK3
1714519976	Nafarelin	XM4VT6
1774590178	Lorajmine	XM18V8
762497380	Sparteine	XM9ZC0
1377047892	Cibenzoline	XM1SV2
570215337	Moracizine	XM6KX7
742618907	Hydroquinidine	XM0D87
1672365854	Disopyramide	XM8B35
376686947	Ajmaline	XM5CS7
882979911	Lidocaine	XM2BR1
193470201	Vernakalant	XM6602
1275807010	Mexiletine	XM3XK1
1935990440	Aprindine	XM37J0
1009671901	Tocainide	XM1V81
1111536448	Lidoflazine	XM3NU8
242256761	Prajmaline	XM6FW1
1960651115	Mibefradil	XM6GX5
917088746	Phenylalkylamine derivatives - selective	XM2XU6
797241919	Diltiazem	XM5K59
119546921	Tiapamil	XM1EL1
1502491740	Oxodipine	XM3BC0
663475145	Bioflavonoids	XM41G5
1138854228	Phenylalkylamine derivatives - non-selective	XM6T88
1197970122	Hippocastani semen	XM0MJ2
525525285	Antivaricose drug	XM0NL5
53137243	Tribenoside	XM6N03
1226188850	Naftazone	XM1PT0
2132464414	Sclerosing agent	XM9854
1424473998	Polidocanol	XM4DD8
1532901148	Monoethanolamine	XM3WS8
1268035242	Ethanolamine oleate	XM1ME2
1680977046	Sodium morrhuate	XM3846
1008995974	Dihydropyridine derivatives	XM3D74
2121699920	Sotradecol	XM81W1
1804084232	Sodium tetradecyl sulfate	XM2N32
1362520288	Sodium psylliate	XM52L8
1861843336	Esculin	XM93T6
1584011490	Dextrose concentrated solution, intravenous	XM57B0
891696245	Phenol in oil injection	XM6C05
621368659	Varicose reduction drug	XM1LV9
507420789	Zinc antivaricose	XM4J29
1828402436	Vasopressin	XM6A76
2139680801	Lypressin	XM3GU1
171865172	Desmopressin	XM77T2
197137981	Venous sclerosing drug	XM3FL1
1612430515	Ornipressin	XM3LP5
344885811	Terlipressin	XM4E12
555740916	Methysergide	XM4G36
964229185	Ergoloid mesylates	XM0U65
1110636318	Nicergoline	XM5TD8
431701449	Lisuride	XM4E49
1881224445	Ergotamine	XM5P25
2017460616	Dihydroergocristine (mesilate)	XM0TP6
1337186996	Ergometrine	XM3LX6
567007707	Methylergometrine	XM93Q7
624517948	Demoxytocin	XM41G8
1259228300	Oxytocin	XM9SN0
1279634170	Carbetocin	XM4ZX0
1377670712	Phentolamine	XM5NP2
232769307	Pentifylline	XM5RL7
139221141	Tolazoline	XM3BY1
218126147	Xantinol nicotinate	XM91G7
953680751	Pentoxifylline	XM8BD1
1563094070	Isoxsuprine	XM5RH0
194907664	Bamethan	XM0HU4
2083234014	Etofylline nicotinate	XM0JV4
1073732465	Guanidine derivatives	XM3EN5
807306854	Rauwolfia alkaloids	XM67X4
1550172113	Thiazide derivatives	XM7XR3
571592491	Inositol nicotinate	XM5QD1
934097283	Ciclonicate	XM48Y3
945594796	Antihypertensives for pulmonary arterial hypertension	XM8V56
1797458329	Methyldopa	XM9G49
2065102298	Imidazoline receptor agonists	XM2298
1458051261	Hydrazinophthalazine derivatives	XM9021
1035089058	Colestipol	XM0KK8
637217094	Oxiniacic acid	XM2KX4
952390590	Acipimox	XM6QT0
780384609	Simvastatin	XM7AU9
1334909823	Colesevelam	XM6MC3
1709559343	Colextran	XM5RQ3
1004191577	Pravastatin	XM7SM7
670370424	Colestyramine	XM0HQ4
1248431871	Fluvastatin	XM5UF1
276433076	Atorvastatin	XM2WF6
1104524216	Lovastatin	XM72M6
2133590635	Rosuvastatin	XM6NK5
360881460	Pitavastatin	XM8420
974052834	Cerivastatin	XM0M94
1690830039	Tenitramine	XM5KH9
2089800678	Glyceryl trinitrate	XM8LK8
505606310	Pentaerythrityl tetranitrate	XM7KD0
586901788	Isosorbide	XM01Q8
1999201209	Clofibrate	XM19J9
784462209	Gemfibrozil	XM01S9
1132361678	Trolnitrate	XM55H8
1742321301	Methylpropylpropanediol dinitrate	XM9UE1
128898743	Propatylnitrate	XM0DY4
135749157	Isosorbide dinitrate	XM3077
1984242409	Aluminium clofibrate	XM7929
839819955	Eritrityl tetranitrate	XM8SP5
461667605	Simfibrate	XM6MW5
743875748	Clofibride	XM93U8
604217241	Corticotropin	XM7XJ1
1083047088	Somatrem	XM96L8
1277073055	Bezafibrate	XM3F75
798604951	Flutamide	XM3G31
1073104994	Choline fenofibrate	XM9554
253482213	Eucodal	XM7HX3
2072905680	Fenofibrate	XM73E0
1360996878	Ronifibrate	XM39Z8
1244943750	Etofibrate	XM4390
1691230770	Cyclazocine	XM0850
1523448042	Levallorphan	XM65J2
485056540	Somatrogon	XM9WW0
2079867240	Nilutamide	XM9AL0
1755650450	Exemestane	XM2VT0
1780214770	Antagonist narcotic analgesic	XM7TT0
1251916572	Acetyldihydrocodeinone	XM79K2
1043881199	Naloxone	XM14T9
469041453	Morphine antagonist	XM4HP3
1121045696	Vorozole	XM6976
1019158877	Letrozole	XM2J37
1407789958	Formestane	XM14P8
2040397524	Anastrozole	XM4Z64
2022763307	Ciprofibrate	XM9HU7
758652565	Aminoglutethimide	XM7D25
973617918	Mecasermin	XM3038
1834847250	Methylnaltrexone bromide	XM3TK0
1809752866	Sermorelin	XM30J6
1835205515	Dihydromorphine	XM4T95
986723601	Apalutamide	XM6Q81
1425918394	Narcotic antagonist	XM9BM4
801864649	Bicalutamide	XM5FE9
3980457	Tetracosactide	XM4B77
276623280	Mecasermin rinfabate	XM9BW0
1320875876	Naltrexone	XM2M16
1528799793	Naloxegol	XM93Z3
1090748402	Opiate antagonists	XM5DJ2
373425882	14-hydroxydihydro-morphinone	XM39E2
962792948	Opioid antagonist	XM6KY8
1557746113	Hydromorphinol	XM3473
1248815587	Tesamorelin	XM9109
2056625457	Hydromorphone	XM8SD7
1542773126	Nicomorphine	XM7W06
522057517	Benzylmorphine	XM0P98
907854998	Desomorphine	XM45R8
1184788251	Blue velvet	XM0BB1
1613122510	Darolutamide	XM3FZ0
2085300723	Normorphine	XM9BE3
1077592416	Enzalutamide	XM7BF6
1773510587	Morpholinylethylmorphine	XM7VL7
1715406755	Morphine	XM1KZ5
1551819185	Benzomorphan	XM0E25
100525689	Abarelix	XM5ZS9
1652374377	Benzyl morphine	XM8YM7
474927210	Linzagolix	XM3NR0
483369398	Cliradon	XM3YP8
1620110091	Methadone	XM7XP1
728235330	Oxymorphone	XM64M0
1902868321	Myrophine	XM7ZJ1
201668608	Acemorphan	XM5CY8
2133777752	Tamoxifen	XM2UX2
679433113	Alvimopan	XM4GP3
303720566	Acetyldihydrocodeine	XM3DS6
167423433	Fulvestrant	XM2ZV3
330217781	Ganirelix	XM5JS1
688144452	Degarelix	XM8292
1237139322	Cetrorelix	XM8Z22
583826286	Desocodeine	XM4046
1124987029	Dihydroisocodeine	XM77C9
1614240635	Dihydrocodeine	XM06K5
1792043792	Toremifene	XM1312
264692180	Metopon	XM78E0
865032986	Hycodan	XM9UN6
1982035471	Cough mixture containing opiates	XM6C31
210457954	Normethadone	XM5PZ4
204241646	Anileridine	XM7YQ6
1429186998	Thebacon	XM2358
2056766320	Remifentanil	XM0YQ0
1465105907	Antitussive opiate	XM9907
1435971455	Dextrorphan	XM8ZF5
1668968503	Eptazocine	XM4EW3
654254030	Ethoheptazine	XM6CK0
1674177064	Elagolix	XM5064
469965768	Alfentanil	XM4G88
1178197867	Percodan	XM07U7
1518933917	Piminodine	XM5NP7
590861903	Codeine	XM2M43
897101108	Ethylmorphine	XM3WN9
1988413055	Dromoran	XM81P5
2144702076	Dimemorfan	XM7V96
1894534534	Pipadone	XM72D5
801891383	Opioid	XM7S23
1884028404	Thebaine	XM8804
9117337	Narcotic synthetic	XM8PP7
1886127850	Dextromethorphan	XM9UV0
791551143	Profadol	XM39L3
265934697	Pholcodine	XM4QV7
152589584	Dipipanone	XM9SW6
1824782501	Heptalgin	XM35C1
721406921	Levo-dromoran	XM5F21
2079972449	Hydrocodone	XM8E09
1760599045	Hydroxydihydrocodeinone	XM0YG5
959168156	Prodine	XM30T6
1428230214	Phenomorphan	XM9B34
1594558300	Tramadol	XM7KC0
2136327448	Propoxyphene	XM3E08
986753775	Promedol	XM9AZ5
1088398862	Phenazocine	XM2542
1574836895	Difencloxazine	XM1K75
96416103	Meperidine	XM0GS3
13194873	Sufentanil	XM1EF3
976573055	Nisentil	XM8MP5
521434177	Noscapine	XM6RX7
817427731	Levorphanol	XM1R71
1904217300	Levopropoxyphene	XM4P40
212705695	Phenadoxone	XM04Z5
1257615636	Tilidine	XM09H6
1827934713	Viminol	XM5UK3
1184647944	Loperamide	XM86N4
422405716	Morphinan derivatives	XM09R6
2099771229	Dezocine	XM13Q9
901338928	Drotebanol	XM0GU8
216563963	Peruvoside	XM3WU3
1695742926	Phenoperidine	XM0K66
1564067348	Diphenoxylate	XM9Y28
1936064923	Phenylpiperidine derivatives	XM9NL3
361003568	Finasteride	XM8P68
915551754	Buprenorphine	XM9Z94
1674023459	Benzomorphan derivatives	XM1QE0
959573246	Diphenylpropylamine derivatives	XM8286
596240176	Loperamide oxide	XM7VK6
657780462	Laudanum	XM1EE2
588601156	Scilla glycosides	XM71V6
653746085	Digitalis glycosides	XM2EL5
1765980711	Strophanthus glycosides	XM6GX1
1036660954	Milrinone	XM6JT4
921147318	Meptazinol	XM40T9
860086632	Papaveretum	XM1YK2
659099449	Oxedrine	XM5HS9
396303395	Norfenefrine	XM2A75
1169405734	Dopamine	XM9NM4
688185278	Paregoric	XM1LB8
1664628951	Opium alkaloids tincture (camphorated)	XM91H1
828983506	Theodrenaline	XM1CS6
2045117233	Amidefrine mesilate	XM38P3
389656618	Fenoxazoline	XM7AV8
645622925	Dexmedetomidine	XM9QY5
1442925039	Indanazoline	XM0H59
1844104075	Oxymetazoline	XM4KH5
315746452	Naphazoline	XM3Q12
668347618	Metizoline	XM5J98
35352866	Tuaminoheptane	XM8706
1675295449	Tramazoline	XM1RJ9
409263185	Beclomethasone	XM3D85
305401860	Xylometazoline	XM8US0
761468965	Angiotensin	XM10L5
2014608835	Propylhexedrine	XM4435
927935729	Prenalterol	XM18Q9
403691103	Ritodrine	XM1CS3
153055120	Tymazoline	XM0240
1579978120	Orciprenaline	XM6AG0
825806783	Isoprenaline	XM6KG3
1421270346	Methoxyphenamine	XM78W6
777523480	Octopamine	XM9TS0
1712068393	Opium alkaloids (total)	XM2T93
292944041	Ibopamine	XM1641
1353098663	Dutasteride	XM01Y3
1393283933	Opium alkaloids standardized powdered	XM69X3
674650531	Proguanil	XM0S91
380543580	Carbutamide	XM8ZU0
598304302	Buformin	XM6EJ2
751404925	Cycloguanil embonate	XM0EG5
1503132538	Chlorpropamide	XM8S18
146402379	Phenformin	XM4K79
166470345	Metformin	XM0JN5
921722904	Glipizide	XM3TQ4
1137755556	Tolbutamide	XM1RV6
1238057737	Glibornuride	XM8E97
1467727210	Acetohexamide	XM60R0
1445884908	Glyburide	XM6JN8
1193892160	Teduglutide	XM7VJ0
1231604566	Exenatide	XM06C6
442755727	Troglitazone	XM0NQ7
600200207	Liraglutide	XM0EQ7
1403062036	Albiglutide	XM2516
2044056130	Dulaglutide	XM1FT0
1022823883	Semaglutide	XM9KJ3
1966465110	Miglitol	XM9EX0
1598108936	Voglibose	XM4QD6
11151051	Sitagliptin	XM4M71
1120886181	Gliclazide	XM2G21
688694528	Metahexamide	XM5N48
1176093077	Gliquidone	XM8597
1486345398	Metaraminol	XM6L38
1319813490	Amrinone	XM0QD0
1303208901	Bucladesine	XM4BC1
1535911634	Gepefrine	XM4B54
1522114696	Pioglitazone	XM0TX6
398386568	Enoximone	XM2H68
942051762	Methoxamine	XM2CG2
731939992	Dimetofrine	XM6LP2
719254427	Vildagliptin	XM9867
1233147897	Acetorphine	XM3PK7
1776194997	Etorphine	XM02X7
1724306685	Oliceridine	XM1G85
116050290	Tolazamide	XM8YD0
2007650353	Tapentadol	XM25Z3
1448710804	Alogliptin	XM1044
70042694	Fenoldopam	XM91X4
1951111003	Arbutamine	XM17S3
162693471	Lixisenatide	XM3U71
791045659	Acarbose	XM9JV9
144224448	Glisoxepide	XM65J8
1237835496	Disulfanilamide	XM96M6
1878797332	Saxagliptin	XM5QH2
2083342274	Linagliptin	XM9X94
392810133	Sulfaethidole	XM03X3
130589189	Extended Insulin Zinc Suspension	
406175383	Sulfachlorpyridazine	XM69G3
206181599	Evogliptin	XM5SF9
1830133896	Pramlintide	XM62R6
1892513238	Rosiglitazone	XM27D8
395064837	Prontosil	XM55D8
171439936	Sulfaguanidine	XM0F36
1814985353	Glimepiride	XM5N74
404552825	Sulfamethylthiazole	XM5X85
233922583	Racepinephrine	XM5HL3
1508425666	Sulfaloxate	XM6N26
1923172614	Dobutamine	XM4E14
1581203979	Cafedrine	XM2BX9
30691782	Dopexamine	XM4ZY2
159403095	Agonist predominantly beta-adrenoreceptor	XM96M5
1157008975	Midodrine	XM79K5
548428548	Selective beta-2-adrenoceptor agonists	XM1X48
1672678326	Sulfacitine	XM5C46
128145187	Sulfadoxine	XM57L7
2018823748	Sulfaproxyline	XM8QW8
1645473946	Sulfaphenylthiazole	XM2187
641646991	Gemigliptin	XM5T11
1453165870	Sulfamonomethoxine	XM6D90
674174963	Sulfasuxidine	XM9MJ3
779293502	Sulfasalazine	XM2XQ2
372034859	Sulfasymazine	XM2Y59
939554517	Sulfisomidine	XM6BM7
1760376072	Canagliflozin	XM1NP2
89305931	Glymidine	XM5EH1
1571338644	Ipragliflozin	XM8Y84
1052347020	Neoprontosil	XM3GA0
1039721301	Acedapsone	XM19U1
1648013944	Acetylsulfamethoxypyridazine	XM1RU4
674725647	Mitiglinide	XM7967
494072731	Repaglinide	XM9V31
668260225	Trisulfapyrimidines	XM7Z85
910029376	Calcitonin, pork natural	XM28Z6
855552843	Empagliflozin	XM9RW3
411723291	Ertugliflozin	XM66V1
1117380694	Dapagliflozin	XM97T4
1197569494	Nateglinide	XM5Z74
1755999647	Calcitonin, human synthetic	XM32U7
2009334848	Diaphenylsulfone	XM7WC8
897135143	Elcatonin	XM6US3
534770849	Protokylol	XM0FE9
332683435	Sulfameter	XM8UP5
1565862398	Sulfaloxic acid	XM57M8
342215505	Benzedrine (amphetamine)	XM3E65
1692885212	Amfetaminil	XM3C53
1153016464	Dexedrine	XM1WW4
565097819	Methedrine	XM3WD9
1327107148	Central nervous system stimulants amphetamines	XM1NA8
777145773	Calcitonin, salmon synthetic	XM74V3
923150027	Sotagliflozin	XM7947
868004030	Tenamfetamine	XM6V10
1367742463	Sodium aminosalicylate	XM6TY4
1022749366	Clascoterone	XM34C6
1095635947	Ethionamide	XM86N7
992512166	Calcium aminosalicylate	XM7FE7
636039730	Rifampicin	XM0R30
889050901	Rifamycin	XM7HL1
381728471	Protionamide	XM1GT1
171496389	Methamphetamine	XM5B49
1633147338	Rifabutin	XM5QH8
1495521931	Tasimelteon	XM0DX1
543185658	Hydroxyzine	XM8CV8
1065488011	Capreomycin	XM0892
1935085531	Ramelteon	XM4Y11
435785858	Melatonin	XM7R38
553869661	Rifaximin	XM2LE1
696676273	Cycloserine	XM63V4
1572426242	Clofazimine	XM3122
1211762077	Methylamphetamine	XM3Q37
1361845976	Psychostimulant amphetamine	XM6RB6
1742923382	Aminosalicylic acid	XM1X82
784312644	Dapsone	XM73W4
1684835521	Captodiame	XM70L1
561430753	Vinylbital	XM6NX3
1413351731	Talbutal	XM28V1
1720923378	Butobarbital	XM8TB8
912662495	Amobarbital	XM01F5
463139573	Narcobarbital	XM3Z73
231409887	Succinylsulfathiazole	XM85A7
2102840295	Dextroamphetamine	XM6LD5
41058381	Phthalylsulfathiazole	XM1RY1
666885519	Acesulfamethoxypyridazine	XM91Z9
1948418975	Proxibarbal	XM8C15
1488563400	Allobarbital	XM8FN0
497220765	Phenobarbital	XM2605
698088549	Cyclobarbital	XM89L9
31766739	Heptabarbital	XM7ZK9
321833104	Ecstasy	XM07Y4
1635377464	Rifapentine	XM8MQ4
1035892273	Pentobarbital	XM01Z3
928570195	Metharbital	XM64T5
2000022550	Barbital	XM2B90
237866880	Secobarbital	XM6QG0
77604884	Propallylonal	XM37N4
401616386	Etallobarbital	XM1WN6
968138051	Aprobarbital	XM8YV1
473663585	Difebarbamate	XM4C65
369185345	Probarbital	XM6F85
1732774124	Nealbarbital	XM3YG4
1316567017	Vinbarbital	XM9VX7
1533180209	Secbutabarbital	XM81J9
1804199681	Methyprylon	XM2MN1
104791643	Brallobarbital	XM50Q3
1590455189	Pyrithyldione	XM2MC9
925310617	Barbexaclone	XM45T7
1306765391	Reposal	XM1ZM1
1760657534	Methylphenobarbital	XM60H4
1433388361	Primidone	XM5J41
1955724331	Paraldehyde	
152914835	Bromoform	XM7XH5
1126280442	Bromide salts	XM93J2
2024154331	Dichloralphenazone	XM9V32
1032125268	Acetylglycinamide chloral hydrate	XM46J8
404234749	Methobarbital, methobarbitone	XM8DQ9
938190055	Chloral hydrate	XM8AH5
508848508	Zolpidem	XM8188
1634683491	Zopiclone	XM8LM1
35214655	Carbromal	XM68H5
207004071	Butallylonal	XM6XH1
1340660740	Clobazam	XM43U0
819199773	Camazepam	XM5133
394124845	Butalbital	XM3UQ5
238434895	Acecarbromal	XM5V35
97794921	Carpipramine	XM9S41
2051581960	Benzodiapin	XM2GL0
1978736790	Alprazolam	XM1030
1070450687	Bromazepam	XM9JC7
1611634398	Bentazepam	XM4R58
1991219803	zaleplon	XM0UU3
885643603	Brotizolam	XM2S43
546970912	Amyl cinnamal	XM5TZ2
1557876491	Eszopiclone	XM4DP1
910909385	Chloralodol	XM8D85
2125763010	Butylchloral hydrate	XM9J50
476909381	Ethyl loflazepate	XM54N1
641121075	Clotiazepam	XM0A75
94108318	Cinnamaldehyde	XM0V58
1929546320	Glutethimide	XM5S80
754537663	Lormetazepam	XM1EE3
922493573	Delorazepam	XM0GD3
332695511	Flunitrazepam	XM9W71
1178386922	Loprazolam	XM6KW2
750459999	Diazepam	XM8P99
490931957	Lorazepam	XM85H7
212309747	Ketazolam	XM5WE7
480359739	Perlapine	XM3LR9
1722726876	Nitrazepam	XM4TR7
371987031	Nimetazepam	XM8TH1
322010951	Cloxazolam	XM5M11
157221747	Pinazepam	XM0GW7
1004003761	Central nervous system depressants benzodiazepines	XM1J81
1982228620	Bromisoval	XM3260
960866839	Estazolam	XM9YX9
694864689	Etizolam	XM9DN9
2023271232	Halazepam	XM3FR2
1511418444	Chlordiazepoxide	XM5JC4
1161932949	Hexyl cinnamal	XM37U9
478738389	Dipotassium clorazepate	XM3C29
1391230482	Fludiazepam	XM8NC2
1399179216	Flutazolam	XM68Z6
602369117	Flutoprazepam	XM81V7
425271483	Haloxazolam	XM86G3
103428511	Flurazepam	XM73H1
2081193874	Quazepam	XM42F4
1397523774	Temazepam	XM3215
1763127626	Midazolam	XM9PG6
1777519066	Prazepam	XM4M86
302562178	Potassium clorazepate	XM36R8
1450748608	Tofisopam	XM79N8
771629025	Tranquilizer benzodiazepine	XM9X46
113822024	Doxefazepam	XM66N4
747790001	Mexazolam	XM7QC1
1744877354	Allylisopropylacetylurea	XM0Y74
870403989	Nordazepam	XM4FQ9
1443065330	Allyltribromide	XM2MT0
1842438212	Ammonium bromide	XM0FX2
639629789	Oxazepam	XM1A29
1495587522	Oxazolam	XM62U2
947678932	Adinazolam	XM94Z2
2113798498	Acetylpheneturide	XM4JD8
768053299	Bromural	XM0L99
1490461746	Anticonvulsant hypnotic	XM2P06
2005308324	Medazepam	XM9KN4
2098985458	Beta-Chlor	XM34M8
1563308466	Central nervous system depressants hypnotics specified	XM4A26
1221625850	Central nervous system depressants chloral hydrate	XM6Z70
1725267690	Anticonvulsant pyrimidinedione	XM4LR0
393862357	Bromisovalum	XM14P7
1392292652	Bromine sedative	XM0JD2
1744533338	Bromine compounds (medicinal)	XM16D8
949917195	Bromal (hydrate)	XM2S35
35707629	Avomine	XM8WF0
750525462	Cinolazepam	XM4BU2
118813971	Anticonvulsant specified	XM80V1
1019035543	Triazolam	XM1VC3
753506691	Apronal	XM2851
943269499	Calcium bromide	XM7Q19
223733761	Bromides	XM44G1
1663953770	Central nervous system depressants paraldehyde	XM0MP0
49045651	Chloral derivative	XM2PX1
131616621	Chloralamide	XM5HQ1
1383219636	Divalproex	XM5P16
402075211	Diethylsulfone-diethylmethane	XM1L51
1200420860	Doriden	XM2ML0
1470338782	Chloretone	XM1XU2
1659247178	Hypnotic drug specified	XM3GR8
1474420284	Hexapropymate	XM5084
1119410182	Ethchlorvynol	XM4SW2
2039426340	Dormison	XM0YS0
1032059675	Ethinamate	XM8HM5
407807705	Clomethiazole	XM7GE6
842691465	Ectylurea	XM76A5
1306830856	Chlorhexadol	XM7N56
2023826580	Lactuca (virosa) (extract)	XM1H40
142884719	Etifoxine	XM0959
229642385	Croton chloral	XM58S5
1302782182	Lactucarium	XM7EA2
136548127	Lettuce opium	XM2447
197252412	Methaqualone	XM3C52
507470708	Methyl sulfonal	XM8UW8
1627668589	Levanil	XM1SJ9
612446100	Levoprome	XM9S20
817129724	Sedative mixed	XM5YQ4
517643236	Phenergan	XM8U36
291705714	Periclor	XM41Z4
23408826	Somnos	XM4ZG6
1511716773	Sopor	XM1BT3
1424391305	Petrichloral	XM7865
1588027803	Soporific drug specified type	XM2N03
787050600	Potassium bromide	XM3YQ0
453725326	Niaprazine	XM9L86
2126244663	Triple bromides	XM16S3
185429830	Valerian tincture	XM0MV0
25217066	Trichloroethanol	XM1DU6
569854092	Serenesil	XM5BF2
525541922	Propionaldehyde (medicinal)	XM23J2
1859568369	Welldorm	XM2AQ9
519297294	Valmid	XM1WZ4
873070276	Sedormid	XM53R6
1685202803	Sodium bromide	XM8SU3
1161864303	Methylpentynol	XM79Y3
1680895891	Noludar	XM67F2
878900428	Sodium valproate	XM9F88
1104441535	Tribromacetaldehyde	XM9XF5
504766878	Sulfonmethane	XM4YF8
176477828	Triclofos	XM68E8
993952974	Trional	XM2334
1264179155	Sulfonal	XM81Z5
827775794	Tranquilizer with hypnotic or sedative	XM6WP4
552600534	Valnoctamide	XM2TP4
881265756	Trichloroethyl phosphate	XM4236
1317535933	Valerian root	XM3PP3
249346092	Sulfonethylmethane	XM9QV2
1808510945	Quaalude	XM5KU5
966647725	Mephenoxalone	XM01J5
1749141422	Propiomazine	XM9TL2
1514604684	Sodium oxybate	XM15N4
1209744847	Gedocarnil	XM9727
1094986131	Buspirone	XM1ZF1
1818646047	Dipiperonylaminoethanol	XM2AY7
1651501215	Benzoctamine	XM3EH5
53501128	Valerianae radix	XM8488
1224130531	Meprobamate	XM3MX1
221897288	Fabomotizole	XM5928
1809122387	Emylcamate	XM8G67
359039735	Inhaled anaesthetics	XM8T75
896452511	Cyclopropane	XM7T11
1333068986	Intravenous anaesthetics	XM7D47
135941445	Gammahydroxybutyrate	XM9MS5
692357526	Suvorexant	XM2HN6
1737981215	Lavandulae aetheroleum	XM4DF5
1520401718	Tiletamine	XM2MR8
1110789555	Lemborexant	XM9235
34005752	Methylphenidate	XM1NX2
698154028	Propentofylline	XM3Y68
6882283	Hexobarbital rectal	XM5C03
1331809150	Tribromoethanol, rectal	XM8DR0
1987571681	Fenozolone	XM5921
1167567648	Caffeine	XM0NG8
467090382	Anaesthesia, caudal	XM5R82
265325433	Minaxolone	XM20X3
909466398	Levopropylhexedrine	XM3K58
1893082446	Amylocaine, regional	XM1FJ6
722096345	Pemoline	XM52S5
1543715505	Atomoxetine	XM9DQ5
421651768	Dexmethylphenidate	XM5288
744778156	Modafinil	XM75Z6
1509666609	Armodafinil	XM3ZW9
250499061	Etryptamine	XM9FY1
375281161	Anaesthetic with local muscle relaxant	XM3S41
1280168004	Betoxycaine	XM1604
24807281	Bupivacaine	XM5YL1
1603723234	Anesthesia rectal local	XM0D14
605055683	Anesthesia regional	XM0FJ3
972772407	Butanilicaine	XM9VA7
752884463	Anesthetic topical	XM8E23
1176866744	Articaine	XM52S4
473303541	Butacaine	XM3781
1661807340	Benzamine	XM4YN0
376902887	Cyclomethycaine	XM41W7
1727381356	Cyclaine	XM7FD6
328171879	Benzocaine	XM8KD9
60874817	Aptocaine	XM5ZK7
204483133	Diperodon	XM8UZ3
2094631870	Chloroprocaine	XM6HZ0
381398681	Carbocaine infiltration	XM2YU2
434626203	Anaesthetic spinal	XM7EC3
54859985	Butyn	XM5NW5
644726147	Anaesthesia, mucosal	XM25C7
120861841	Dyclone	XM5601
1283549754	Dyclonine	XM3QB4
2124272428	Cinchocaine	XM0L28
1115545880	Butyl aminobenzoate	XM0HA0
683177025	Carbocaine nerve block	XM8C65
217878595	Butamben	XM7MD5
1549971810	Anaesthetic infiltration	XM0LM0
325745143	Anaesthesia, epidural	XM8MY3
959966793	Dorsacaine	XM23R3
1501551730	Endocaine	XM20M0
1127801512	EPAB	XM0P92
207298611	Carbocaine topical	XM2DT1
113085777	Ethocaine infiltration	XM2H77
323173145	Ethocaine nerve block	XM6585
759226817	Ethocaine spinal	XM7217
378727543	Ethyl aminobenzoate	XM1WJ3
1844552134	Dimethocaine	XM3BB4
1497207956	Nesacaine	XM68T6
2111750368	Metabutethamine	XM7CG8
106460609	Meprylcaine	XM9DE9
318862329	Novocain infiltration	XM38C9
422274277	Etidocaine	XM8X57
1157580718	Novocain topical	XM6R58
1424557694	Mepivacaine	XM1MK4
57432639	Ethyl chloride local anaesthetic	XM87H9
1822285976	Hexylcaine	XM76M6
387667383	Leucinocaine	XM5863
2036553440	Eucaine	XM2F20
91516667	Nupercaine, spinal	XM6NN7
277534899	Nupercaine topical	XM8739
91216842	Orthocaine	XM0QU2
1355142421	Oxethazine	XM6V01
452539006	Phenacaine	XM6Z26
728376026	Pitkin's solution	XM8AE6
2131483941	Prilocaine regional	XM4EE1
611588666	Procaine	XM5L66
2132044526	Prilocaine	XM2X66
1697114609	Proparacaine	XM97J9
522773776	Stovaine	XM2MX6
181818200	Quotane	XM87E0
171158472	Surfacaine	XM6392
1441921771	Trimecaine	XM3QD1
1088802502	Propoxycaine	XM72A2
1071574489	Oxybuprocaine	XM6RN9
12455076	Percaine topical	XM7EK6
711813508	Xylocaine spinal	XM5K48
277966210	Oxetacaine	XM5HP0
2114754171	Xylocaine infiltration	XM7771
348551641	Tetracaine	XM1HW1
628314472	Tronothane	XM2FR2
129917408	Prednisolone ENT agent	
1497967439	Prednisolone ophthalmic preparation	
167715893	Methylene-bis-benzotriazolyltetramethylbutylphenol	XM8A13
1053629335	Benzophenone-4	XM4DT5
1066655692	Xylocaine nerve block	XM18M2
2123997952	Phenylbenzimidazol-5-sulfonic acid	XM6UT3
311385359	Benzophenone-3	XM6F99
1251827228	Triamcinolone ophthalmic preparation	
590757796	Fludrocortisone ENT agent	
259209713	Piperocaine	XM2ZH3
1161519965	Percaine, spinal	XM7H65
1540626440	Hydrocortisone ENT agent	
1491718241	Fluorometholone ophthalmic preparation	
570631184	Corticosteroid ophthalmic	
1726614201	Fludrocortisone ophthalmic preparation	
857300614	Triamcinolone ENT agent	
806142051	Xylocaine topical	XM5G11
872195606	Corticosteroid ENT agent	
193104160	Lanolin alcohol	XM4HE0
1947468908	2,4,6-Trianilino-p-(carbo-2-ethylhexyl-1-oxi)-1,3,5-triazine	XM65Q8
675501495	2-(4-Diethylamino-2-hydroxybenzoyl)-benzoic acid hexylester	XM4D35
1098309198	Hydrocortisone ophthalmic preparation	
1816065847	Dexamethasone ENT agent	
1041993872	Fluocinolone acetonide ENT agent	
1393047133	Dexamethasone ophthalmic preparation	
968254522	Bacimycin ophthalmic preparation	
2081527313	Cetylpyridinium chloride ENT agent	
1260290482	Boric acid ENT agent	
129351394	Chlortetracycline ophthalmic preparation	
750139618	Argyrol ENT agent	
814895869	Tetracycline ophthalmic preparation	
1529995416	Chloramphenicol ophthalmic preparation	
1473144657	Argyrol ophthalmic preparation	
1709024436	Zephiran ophthalmic preparation	
374419176	Benzalkonium ophthalmic preparation	
1090480012	Boric acid ophthalmic preparation	
815281297	Chloramphenicol ENT agent	
1516085702	Garamycin ophthalmic preparation	
152809488	Erythromycin ophthalmic preparation	
161944162	Ceepryn ENT agent	
596742098	Methyl prednisolone ENT agent	
1134294281	Bacitracin zinc ENT agent	
1509840387	Aerosporin ophthalmic preparation	
216212880	Merthiolate ophthalmic preparation	
1469899405	Methyl prednisolone ophthalmic preparation	
701202628	Polymyxin B ophthalmic preparation	
1556195011	Polymyxin B ENT agent	
975173009	Tyrothricin ophthalmic preparation	
1016235770	Steroid ophthalmic preparation	
1059838575	Thimerosal ophthalmic preparation	
1381941433	Sincalide	XM53M3
907811312	Ceruletide	XM0D92
1666242521	Sulfacetamide ophthalmic preparation	
492122186	Bacitracin zinc ophthalmic preparation	
1534306422	Tyrothricin ENT agent	
920767238	Zinc sulfate ENT agent	
62870930	Neomycin ophthalmic preparation	
727504359	Zinc sulfate ophthalmic solution	
814409575	Methacetin (13C)	XM0N95
486560368	Galactose	XM9ZW8
2100787449	Iprofenin	XM90L9
685761440	Sulfobromophthalein	XM1XE0
603620830	Neomycin ENT agent	
1841780475	Oxylone ophthalmic preparation	
1028293250	Rose bengal sodium (131i)	XM2PX0
575838634	Lidofenin	XM3114
1503028331	Indigo carmine	XM9RK1
565313571	Inulin and other polyfructosans	XM2JZ2
2074183280	Phenolsulfonphthalein	XM7M20
30327387	Alsactide	XM3G67
656735926	Histamine phosphate	XM1286
1388001321	Pentagastrin	XM9AU1
696971332	Betazole	XM1MP2
197580147	Caffeine and Sodium benzoate	XM1Q27
369136478	Aminohippuric acid	XM27H8
122121398	Cation exchange resin	XM44K8
1372934974	Pancreozymin-cholecystokinin	XM6014
1209663075	Selenomethionine (75Se)	XM24K5
1089320060	Corticorelin	XM1UJ0
1575438379	Secretin	XM3L99
82453123	Acitretin	XM2M63
763370296	Metyrapone	XM5GR6
2021167157	Azuresin	XM1F97
2116031850	Protirelin	XM7R30
1054514427	Etretinate	XM0Z07
350584893	Somatorelin	XM7E13
405840398	Bentiromide	XM7A79
452866615	Macimorelin	XM5AM6
151536972	Iodophthalein sodium	XM8QZ2
856140593	Non-watersoluble X-ray contrast media	XM0LK3
144551001	Iodohippuric acid	XM4E01
1828997390	Iopodic acid	XM7S30
571244953	Methiodal sodium	XM5N73
959298605	Watersoluble, nephrotropic, low osmolar X-ray contrast media	XM4AG5
1137133662	Watersoluble, nephrotropic, high osmolar X-ray contrast media	XM7YS2
1033529389	Iodipamide	XM5NA9
404061455	Thorium dioxide suspension	XM3E15
1471809002	Iophenoic acid	XM9402
1958241187	Bunamiodyl	XM80W7
1457260166	Watersoluble, hepatotropic X-ray contrast media	XM0KA6
826084444	Amidotrizoate	XM0L44
517621382	Diatrizoate	XM6XU2
1569723128	Phenobutiodil	XM96Q8
1752081319	Ioxaglate	XM44B9
38945749	Tyropanoate	XM90A9
1221137614	Iotroxate	XM4R74
426363310	Barium sulfate with suspending agents	XM2MR0
2017722726	Gallium citrate	XM3GL6
1089529431	Iodine (123I) compounds	XM9YB1
1942443767	Barium sulfate without suspending agents	XM1FW7
249967945	ferric (59Fe) citrate	XM3HU5
560625049	Xenon (127Xe) gas	XM6Z69
1787048711	Technetium (99mTc) compounds	XM8ZM1
1732889073	Fludeoxyglucose (18F)	XM3WK3
917202108	sodium iodide (131i)	XM2R88
1714767261	Rubidium chloride Rb82	XM6941
586492380	Iodocholesterol (131I)	XM4ML0
2071589846	Sodium iodide (124I)	XM39A6
1348663963	Xenon (133xe)	XM6EQ3
2135493179	Sodium iodide (123I)	XM1899
1903770473	Iobenguane (131I)	XM60X3
2122409558	Maternal antibodies	XM9F18
1975823703	Sodium iodohippurate (123I)	XM9063
745236750	Fluoroethyl-L-tyrosine (18F)	XM6UT0
1402794093	Cobalt (58Co) cyanocobalamine	XM8YZ3
1134220197	Fluoroethylcholine (18F)	XM5XR7
209183648	Fluciclovine (18F)	XM5G08
568793672	Fluorodopa (18F)	XM3LK2
1522933529	Fluoromethylcholine (18F)	XM1N90
1494308609	Tauroselcholic acid	XM5FA9
2030951853	Cobalt (57Co) cyanocobalamine	XM7VT3
728415524	Iobenguane (123I)	XM1QL4
1400441085	Gallium (68Ga) edotreotide	XM5EC5
1451335037	Fluoroestradiol (18F)	XM80F7
1505159025	Selenium (75Se) norcholesterol	XM42A5
59105832	Iodine 125	XM2YP2
1119689697	Iodine 131	XM8YZ7
954770841	Iodinated (131i) human serum albumin	XM2MJ2
1144441926	Gallium (68Ga) gozetotide	XM05N6
534696461	Microspheres of human albumin	XM40N1
1782650000	Perflubutane polymer microspheres	XM8G80
1171084354	Microspheres of phospholipids	XM4VR4
1874428176	Perflenapent	XM7S16
256478789	Sodium iodide I-131 therapeutic	XM6RC9
119634130	Yttrium (90Y) ferrihydroxide colloid	XM8Z31
703085504	Samarium (153Sm) hydroxyapatite colloid	XM0JJ4
581856756	Erbium (169Er) citrate colloid	XM3MD6
900335453	Microparticles of galactose	XM3PF3
1110698367	Sodium iothalamate (125I)	XM15W7
260555478	Scorpion venom	XM9DM8
1984535382	Paramagnetic contrast media	XM2LS2
1433517065	Spider venom	XM6NN5
15698889	Sulfur hexafluoride	XM8169
1198899271	Yttrium (90Y) citrate colloid	XM10B1
1656200485	Antimonic sulfide	XM9XW5
1328313168	Amylene dichloride	XM5ZE8
441464436	Colorado River toad toxin	XM8YT6
1417921275	Poison dart frog poison	XM7JP5
1864653226	Perflubron	XM2666
613605401	Isoaminile (citrate)	XM01S1
1392693199	Dysprosium (165Dy) colloid	XM56F9
1320905514	Ammonia (13N)	XM5674
2024136006	Superparamagnetic contrast media	XM8966
850477810	Sodium iodohippurate (131I)	XM0RB0
1622852099	Marine toad toxin	XM54D9
1423492171	Texas redheaded centipede venom	XM9FP1
775041084	Australian giant centipede venom	XM52L4
564329032	Horsefly venom	XM7D92
1959022311	Amazonian giant centipede venom	XM5LB1
42459304	Wasp venom	XM2YA4
1053336882	Newt toxin	XM93N2
1100516387	Bruno’s casque headed frog venom	XM0CW7
640089142	Caterpillar venom	XM1142
992575204	Vietnamese centipede venom	XM2WU4
771091927	Ammonium sulfamate	XM3FE7
722593256	Tetronal	XM8296
1570785557	Bee venom	XM13H7
701020326	Ethiodized oil (131 i)	XM1WG6
1421806435	Dicamba	XM3MM5
1377419655	Ant venom	XM3Y95
1259678543	Greening's frog venom	XM8QW3
1732769828	Dalapon	XM3KU8
746345495	Bromoxynil	XM2RT5
1118037774	Chloroacetic acid	XM62D4
1639501591	Dichlobenil	XM5DH1
2096627264	Tick venom	XM94S4
94995953	Iodine (131I) omburtamab	XM7MV3
371712097	Glyphosate	XM50V7
1671415087	Dinoterb	XM62Q7
2127289907	Diquat	XM1M07
499517021	Monuron	XM0TQ1
1379941462	Dinoseb	XM23C2
1389285066	Mecoprop	XM0CJ6
1761505458	2,4-Dichlorophenoxyacetic acid	XM9CD8
810200936	Endothall	XM6KX6
1271667271	Diuron	XM5TV1
1372155005	Propachlor	XM8J05
787631972	Simazine	XM48M2
1194358914	MCPA	XM88B4
1660757314	Benzimidazole	XM44B4
1688576519	Triazine derivative herbicide, not elsewhere classified	XM0MH9
469076758	Sodium cacodylate herbicide	XM7KH8
338102668	Triazole	XM7ML8
1956872655	2,4,5-Trichlorophenoxyacetic acid	XM9MT5
873644488	Paraquat	XM4SL8
166587015	Auramine	XM0MT5
2022067580	Captan	XM9BL0
1845577605	Cycloheximide	XM21E5
1802969243	Propanil	XM66Q3
2007245692	Chlorothalonil	XM75T2
40679691	Blasticidin-S	XM9051
1476059448	Bordeaux mixture	XM6TA8
677802585	Captafol	XM3F05
1343094964	Carbamate herbicide, not elsewhere classified	XM4PA4
1144735708	Dithiocarbamate	XM5KQ8
440302134	Dichlone	XM8E94
762186565	Difenoconazole	XM3365
2041421308	Zineb	XM3JA8
1731847714	Edifenphos	XM3TR4
495782500	Bromadiolone	XM7RU0
348320028	Chloralose	XM1GN8
1487311158	Folpet	XM04K8
609659618	Pyriminil	XM8QH8
1485215493	Alpha chlorhydrin	XM8UV3
396828030	Fluoroacetamide	XM7P90
1545275146	Hexachlorobenzene	XM4AW6
80856798	Diphacinone	XM4J38
1797008021	Tetramethylthiuram disulfide	XM0HQ1
1026961600	Flocoumafen	XM7HA0
1963162337	Bromethalin	XM3QV7
998378420	Alpha naphthylthiourea	XM4X40
1879770109	Difenacoum	XM9VL9
1601679281	Crimidine	XM3KE1
566572398	Chlorophacinone	XM1FD8
243650498	Brodifacoum	XM7138
782570384	Difethialone	XM6DL4
290549396	Pindone	XM4116
1797742118	Glutaral nonmedicinal	XM40T8
489339410	Coumatetralyl	XM0DK0
196206656	Norbormide	XM2WD6
95840236	Octylisothiazolinone	XM0P16
1681628581	Sodium fluoroacetate	XM9LE1
251529460	Warfarin rodenticide	XM8LJ0
2022922614	Nicotine insecticide	XM3AD4
1655677086	Diflubenzuron	XM4NG6
445187962	DEET	XM12C2
1924047111	Carbamate insecticide	XM0231
307678241	Naphthalene	XM5S01
1566442678	Phenothiazine insecticide	XM5EB8
429616293	Organochlorine insecticide	XM41B3
134299591	Cryolite	XM7LT1
955862114	Organophosphate insecticide	XM7154
680310384	Coral venom	XM0CW4
491995634	Fish venom	XM05Z4
1664986223	Jellyfish venom	XM9YA3
220585221	Rotenone	XM1S21
1297554373	Brittle star venom	XM56D3
1736456785	Sea cucumber venom	XM2HU5
1668389078	Pyrethroid insecticide	XM4AP8
2010333163	Snail venom	XM48L3
1229551935	Sea urchin venom	XM2M75
1366477458	Turtle seafood poison	XM7DB8
551144193	Sea snake venom	XM6UB3
2080944415	Blue ringed octopus venom	XM2GR5
200717917	Hydrogen fluoride vapor	XM34T7
411383092	Portuguese man o war venom	XM6S92
695528122	Formic acid vapor	XM6SY2
470191984	Sea anemone venom	XM41L4
1543466494	Shellfish seafood poison	XM7VB5
1611984796	Sea snail seafood poison	XM51R6
1520560806	Ethanol disinfectant	XM6DN6
1936157941	Dynamite fumes	XM7Q61
404915522	Starfish venom	XM7A02
375219169	Terrestrial snake venom	XM8DS9
1312552244	Ammonia liquid	XM2KS4
47924664	Sea cucumber seafood poison	XM5QW5
1448377494	Sodium perborate nonmedicinal	XM25T4
307800751	Sodium oxalate	XM6CB1
1659459696	Indinavir	XM1VT6
1209569734	Butyltoluene	XM4214
1981500190	Hexylresorcinol	XM01R0
1182473648	Potassium oxalate	XM03N8
1551106011	Tipranavir	XM8QH1
920477828	Darunavir	XM63Q8
50348008	Nitric acid vapor	XM5CC8
1577703614	Methyl aminophenol	XM9JR4
2128481676	Sodium borate cleanser	XM4Q76
434155844	Nitrous acid fumes	XM6QY4
1218284834	Saquinavir	XM7YP4
1765176143	Amprenavir	XM6WJ3
854746549	Toluene	XM00E9
1382002464	Xylene	XM0D44
332664302	Aniline	XM76E2
1294777916	Hydroquinone	XM50B6
1250509106	Beaded lizard venom	XM5HY6
849168834	Gila monster lizard venom	XM7HD4
97468975	Crab seafood poison	XM1KF5
1869574009	Fish seafood poison	XM7V29
1365354234	Osmic acid fumes	XM07R4
1128441375	Nelfinavir	XM6175
1059957719	Azobenzene	XM1UP9
667650041	Ritonavir	XM56L1
1251684260	Dichlorobenzidine	XM76A0
1600494060	Dinitrobenzene	XM11G0
401149892	Amyl acetate vapor	XM1JM2
170553251	Anisidine	XM3R71
1954352620	Nitrosodimethylamine	XM1MY0
1780487544	Phenylenediamine	XM1E24
338195327	Potassium hydroxide	XM5N47
543079155	Dinitrocyclohexylphenol	XM95M5
538767891	Toluylenediamine	XM67F1
243971381	Sodium hydroxide	XM4SW1
2072733835	Automobile fuel	XM27Z5
2091801432	Porcelain polish	XM1P52
623704982	Dichlorodifluoromethane	XM3QE2
2077870550	Sodium hypochlorite vapor	XM6KZ0
1863326975	Trichlorofluoromethane	XM7FF5
2070843419	Paraffin wax	XM8PX9
259502386	Petroleum pesticide, not elsewhere classified	XM8AA6
1094001773	Coal tar naphtha	XM6U93
354104935	TNT	XM1X35
1453994295	Coal tar fumes	XM81T5
1560534814	Tar	XM4C94
1162709825	Nail polish remover	XM0ES5
63735190	Polyester resin hardener fumes	XM3EF0
899681467	Dinitrophenol	XM73Y7
364676631	Nitrotoluene	XM6EB1
2145297200	Phenylhydrazine	XM9BN0
2070099216	Trinitrobenzol	XM4B36
799373953	Tetryl	XM9ZV3
2115565317	Mineral spirits	XM7CX7
1249826612	Nitrobiphenyl	XM6GM2
1528890701	Blomia tropicalis	XM6ZC1
181376819	Nitroaniline	XM0179
2008263034	Oyster	XM55Z4
507128978	Mite dust	XM99T8
406983633	Octopus	XM66P3
1296905072	Methoxyethyl mercuric chloride	XM90P2
2078376231	Mosquito	XM0B91
1640871411	Moth	XM3WD1
2129751459	Cheese	XM4JV9
1454464864	Milk	XM8RU4
588128709	Cockatiel droppings	XM66A9
492797633	Lobster	XM9JT3
534347008	Mineral oil nonmedicinal	XM3SU8
367771540	Chicken feather	XM4500
399694253	Crab	XM5MB3
1471095764	Shrimp	XM7E84
1561052758	Fish	XM95M8
1882198561	Chicken	XM9Y41
2025339343	Coal tar nonmedicinal	XM2CE3
1311160732	Diphenylamine	XM2732
672336061	Cockroach	XM0K01
1075218632	Dinitro-ortho-cresol	XM1ZR2
696485545	Cockatiel feather	XM9LW5
1815063486	Whole egg	XM2E06
1301535292	Cockatiel serum	XM9JZ2
1193180496	Egg white	XM6AD6
589783851	Egg yolk	XM9CD1
1714848321	Car polish	XM39J1
773940820	Solid petroleum	XM9WJ0
424747090	Atazanavir	XM2U50
1200186180	Furniture polish	XM2BC0
436539013	Nitrobenzene	XM2W93
1048638958	Kerosene	XM2Q78
2099540505	Floor polish	XM1545
858125572	Fosamprenavir	XM2AR2
1370268193	American house dust mite	XM5AK3
713926514	Dermatophagoides pteronyssinus	XM8BV4
1767079313	Metal polish	XM1J33
364602357	Carbon monoxide from incomplete combustion of water gas	XM9ZV7
1598766816	Carbon monoxide from incomplete combustion of acetylene	XM1MB6
527731833	Carbon monoxide from incomplete combustion of producer gas	XM1JF3
242480458	Carbon monoxide from incomplete combustion of coal gas	XM5TT8
1047481739	Carbon monoxide from motor vehicle exhaust	XM2LM9
2096604809	Propane	XM76Q9
1272961117	Carbon monoxide from engine driven electrical generator	XM7R97
1107380733	Butane	XM4653
1033755282	Methane	XM56Q2
1506645852	Goose feather	XM2PB2
154436422	Strychnine rodenticide	XM9JS2
1170258500	Carbon monoxide from incomplete combustion of utility gas	XM3ES0
54258055	Duck feather	XM3LH5
1838853066	Cocaine topical anesthetic	XM0BC6
963214401	Myristicin	XM31J1
1805443417	Primin	XM07P7
2018244502	Cultivated rye	XM8M82
1111032076	Perennial rye grass	XM01D6
1892520061	Spectinomycin	XM2TG1
1368197425	Racemoramide	XM6625
2101382247	SARS-CoV-2 Beta	XN4Q7
932811678	SARS-CoV-2 Alpha	XN0HL
1822694497	SARS-CoV-2 Gamma	XN5BQ
867842560	SARS-CoV-2 Delta	XN8V6
1503287239	SARS-CoV-2 Epsilon	XN1GK
755161604	SARS-CoV-2 Zeta	XN3ZE
1325943094	SARS-CoV-2 Kappa	XN9LB
217899880	SARS-CoV-2 Theta	XN4Q1
1807359399	Saaremaa virus	XN9PD
1852558025	Kurkino virus	XN8UR
614176734	Dengue virus 2	XN4RL
1721681473	SARS-CoV-2 Iota	XN3UD
1003611631	Chlamydia trachomatis A-C serovars	XN656
357433249	Roseolavirus B	XN8AM
1407270972	Dengue virus 4	XN2EQ
403405056	SARS-CoV-2 Lambda	XN6AM
828129923	Chlamydia trachomatis L serovars	XN5CF
80041362	Dengue virus 3	XN9XQ
1612725417	Dobrava virus	XN16H
335495681	SARS-CoV-2 Omicron	XN161
220739747	Orthopoxvirus monkeypox Clade II	XN1BH
1899075843	Sochi virus	XN95V
779750023	Human immunodeficiency virus	XN487
541735893	Roseolavirus A	XN9NM
122523960	Morganella morganii subsp. sibonii	XN9KW
1840144727	Staphylococcus auricularis	XN0PR
1083402256	Deer tick virus	XN968
496418109	Neisseria meningitidis serogroup C	XN7EM
171932097	Burkholderia stabilis	XN06D
1893043632	Burkholderia anthina	XN0ZW
184745363	Panton-Valentine Leukocidin–producing Staphylococcus aureus	XN4B5
851266973	Neisseria meningitidis serogroup W	XN03X
84990681	Haemophilus influenzae aegyptius	XN1BX
522467097	Burkholderia contaminans	XN15B
1606531452	Chlamydia trachomatis D-K serovars	XN332
1586797373	Dengue virus 1	XN22Z
1934936499	Staphylococcus capitis	XN0H1
135389494	Morganella morganii subsp. morganii	XN8XZ
582708821	Neisseria meningitidis serogroup A	XN3CR
2018316426	Neisseria meningitidis serogroup B	XN8FU
218344446	Staphylococcus caprae	XN99G
2147102378	Francisella novicida	XN4ZY
1753200185	Staphylococcus cohnii	XN95B
939814792	Staphylococcus epidermidis	XN8KJ
942729969	Neisseria meningitidis serogroup X	XN0C2
1568174669	Staphylococcus haemolyticus	XN2GD
45753200	Staphylococcus pasteuri	XN8WC
1741045419	Staphylococcus lugdunensis	XN4N7
1388444383	Staphylococcus pettenkoferi	XN6FH
1132649129	Staphylococcus leei	XN09P
692539392	Staphylococcus sciuri	XN2HN
1936386911	Staphylococcus hominis	XN567
246291168	Mycobacterium simiae	XN4MW
1956714047	Mycobacterium szulgai	XN975
662142636	Staphylococcus simulans	XN7RE
1520758575	Mycobacterium xenopi	XN53D
1837573049	Streptococcus equinus	XN625
1108042601	Staphylococcus warneri	XN4C9
309377754	Staphylococcus xylosus	XN7TQ
390674113	Mycobacterium chelonei	XN3D3
2069550669	Mycobacterium marinum	XN8RB
1811629557	Mycobacterium kansasii	XN3L9
511824566	Mycobacterium abscessus complex	XN4TQ
1480719958	Mycobacterium ulcerans	XN9M0
948410301	Mycobacterium chelonae	XN44M
674287165	Salmonella Virchow	XN3DF
387784021	Salmonella Gaminara	XN3AE
1390033486	Salmonella Wandsworth	XN13V
1526993921	Mycobacterium fortuitum	XN8ZX
1763244742	Salmonella Newport	XN87G
1433453563	Salmonella Oranienburg	XN1QX
186213465	Salmonella Typhi	XN4AM
835461809	Salmonella Panama	XN7U5
1026261221	Salmonella Weltevreden	XN97K
1925624032	Salmonella Give	XN4QY
1446324654	Salmonella Senftenberg	XN5WE
935192346	Staphylococcus schleiferi	XN9X8
754360113	Salmonella Agona	XN0N5
724017588	Salmonella Poona	XN2SZ
1062252094	Salmonella Kedougou	XN36N
645609565	Salmonella Kiambu	XN5SM
214128499	Salmonella Tennessee	XN291
1096108463	Salmonella Bareilly	XN0Q7
1428309543	Salmonella Enteritidis	XN1W7
801682008	Salmonella Havana	XN6JL
1610441879	Salmonella Hartford	XN5TM
1973482281	Salmonella Mbandaka	XN4LH
2133677125	Salmonella Montevideo	XN1FK
1033367560	Streptococcus bovis	XN6KJ
613344284	Salmonella Braenderup	XN4MS
16904506	Salmonella Infantis	XN39C
1127114614	Salmonella Stanley	XN2MU
158960147	Salmonella Saintpaul	XN8SF
733584918	Salmonella Bredeney	XN910
195368124	Salmonella Brandenburg	XN3KA
1438415237	Salmonella Mikawasima	XN3UH
1597103849	Salmonella Concord	XN7QM
19444696	Salmonella Choleraesuis	XN0NU
2018904623	Salmonella Anatum	XN79R
1547414723	Salmonella Javiana	XN41R
376193448	Salmonella Schwarzengrund	XN6V6
1833780471	Salmonella Rissen	XN59R
1746285300	Salmonella Sandiego	XN7EC
557070714	Salmonella Nchanga	XN52S
563317004	Salmonella Lille	XN8F6
1926999363	Salmonella Abony	XN4FV
577556108	Salmonella Kottbus	XN60C
1603694233	Salmonella Cubana	XN8RF
583761662	Salmonella Chester	XN44N
46610798	Salmonella Hadar	XN0RU
648716162	Salmonella Corvallis	XN355
1547725809	Salmonella Derby	XN35B
1550395679	Salmonella Indiana	XN2QX
1457819251	Salmonella Heidelberg	XN9AT
867291482	Salmonella Dublin	XN250
2086461789	Salmonella Coeln	XN7R7
139107842	Salmonella Haifa	XN5H4
357245585	Salmonella London	XN5Z3
1399244386	Schistosoma matthei	XN90N
1879164227	Orthopoxvirus monkeypox Clade I	XN4L3
894937149	Salmonella Muenchen	XN72V
734892846	Haemophilus influenzae type B	XN0FG
1545647718	Neisseria meningitidis serogroup Y	XN5H0
60855142	SARS-CoV-2 Eta	XN2V4
1453315432	SARS-CoV-2 Mu	XN39J
1337809996	Salmonella Muenster	XN52U
1513583466	Enteroinvasive Escherichia coli	XN88S
1865463584	Enteropathogenic Escherichia coli	XN2U0
172796635	Enterotoxigenic Escherichia coli	XN81Z
1039989256	Streptococcus iniae	XN4PA
24942658	Mycobacterium asiaticum	XN6PL
1088044739	Enteroaggregative Escherichia coli	XN55V
1844193719	Streptococcus anginosus	XN39R
1871342005	Mycobacterium haemophilum	XN7YR
1364553059	Mycobacterium avium complex	XN97H
1648274219	Streptococcus mutans	XN2RH
1837914004	Shiga toxin-producing Escherichia coli	XN108
1491856835	Streptococcus canis	XN3L7
1271827895	Mycobacterium scrofulaceum	XN74T
752868831	Salmonella Strathcona	XN0LX
1463381855	Streptococcus parasanguinis	XN18T
1212841595	Streptococcus sobrinus	XN0XM
405907404	Streptococcus vestibularis	XN0Z2
1928606365	Streptococcus thermophilus	XN4LM
1207170793	Streptococcus ratti	XN5DB
579857196	Streptococcus pseudopneumoniae	XN6KE
394800986	Streptococcus salivarius	XN3BQ
1740694427	Salmonella Bovismorbificans	XN10X
1175536935	Streptococcus constellatus	XN0FR
1182420777	Streptococcus mitis	XN5BP
684652094	Streptococcus viridans	XN9LA
1065205537	Salmonella Ohio	XN82M
1918406466	Salmonella Typhimurium	XN15L
1520833172	Salmonella Napoli	XN9ME
1632764816	Treponema pallidum carateum	XN6AL
2027235374	Salmonella Thompson	XN3TU
1484842957	Streptococcus intermedius	XN67P
942223947	Streptococcus, group B	XN2M1
701476640	Streptococcus pneumoniae	XN3PW
367250621	Salmonella Paratyphi	XN0UV
1812896377	Streptococcus sanguinis	XN9FP
121812720	Streptococcus oralis	XN4B2
1976891156	First interdigital web space of hand	XA1BR6
1686361342	Treponema pallidum pallidum	XN030
194483911	Vibrio cholerae O1, biovar cholerae	XN8P1
53713582	Group C Streptococcus	XN518
843412122	Streptococcus peroris	XN58W
520446431	Treponema pallidum endemicum	XN35Z
1614687086	Group G Streptococcus	XN84N
802386629	Vibrio cholerae O1, biovar eltor	XN62R
393904462	Trypanosoma brucei gambiense	XN7TC
976865041	Fourth interdigital web space of hand	XA3WG2
1566769119	Streptococcus, group A	XN6LP
1624226252	Third interdigital web space of hand	XA4012
2102245903	Streptococcus uberis	XN1TV
33540411	Treponema pallidum pertenue	XN46P
1913035915	Trypanosoma brucei rhodesiense	XN5C7
2008478303	Knuckles	XA3T43
550891944	Central palm	XA50E4
939365736	Distal palm	XA00D7
1754619491	Skin of forearm	
1722117937	Skin of hand	
452671086	Thumb	XA8DJ6
771082508	Skin of upper arm	
1158467560	Proximal palm	XA3FJ0
15105170	Index finger	XA6NZ0
1621005983	Little finger	XA5EN3
806667718	Middle finger	XA0Y38
438652349	Second interdigital web space of hand	XA5PY9
1823823558	Ring finger	XA06X8
597130628	Skin of popliteal space	
1058569817	Medial retromalleolar region	XA1SM7
639782753	Side of finger	XA4HZ3
543319774	Upper medial surface of thigh	XA9ZB4
1000728679	Medial supramalleolar region	XA87M9
309316639	Tips of fingers	XA7GT9
1713767336	Salmonella enterica subspecies enterica serovar 4,[5],12:i:-	XN7PN
1419042429	Mycobacterium malmoense	XN5C1
784246463	Lateral supramalleolar region	XA1D83
1095703574	Lateral retromalleolar region	XA41K4
49090369	Plantar surface of forefoot	XA6KE9
1449819373	Salmonella Goldcoast	XN909
1519059849	Salmonella Litchfield	XN5LV
1731473665	Interdigital web space of foot	XA1FL5
1823188172	Salmonella enterica subspecies enterica serovar 4,5,12:i:-	XN2DJ
685861344	Salmonella Kentucky	XN5NG
1719130268	Suprascapular region	XA3PG8
508523179	Skin of perineum	
2034058860	Hypogastrium	XA6N20
273356412	Lower thoracic paraspinal region	XA6RF2
1347318912	Dorsal surface of midfoot	XA02P2
421186462	Trochanteric region	XA4TQ2
1880905153	Dorsal surface of forefoot	XA81Z3
1557043567	Salmonella Livingstone	XN3H1
21927667	Vibrio cholerae O139	XN8KD
1162819802	Lateral border of foot	XA9Y82
1382505498	Medial border of foot	XA3WM8
758539198	Streptococcus suis	XN5SE
2082006308	Leishmania chagasii	XN3HN
533192217	Scapular region	XA3WD7
149928665	Interscapular region	XA9LN5
247910170	Heel	XA5HK0
392349442	Plantar skin	
1017264551	Infrascapular region	XA8NK1
1910272176	Posterior lumbar region	XA8FK6
1286173258	Iliac region	XA0NH8
1727272048	Lumbar paraspinal region	XA7ZW8
79985282	Lower outer quadrant of breast	XA94U2
1871667908	Epigastrium	XA8ZL8
1976688394	Hypochondrium	XA3TD4
1660533706	Anterior abdominal wall	XA4SN6
606682290	Medial surface of lower leg	XA15P0
344934694	Scrotum	XA8MT4
750634689	Arch of foot	XA3T29
855726194	Lateral surface of lower leg	XA4RR4
491885042	Posterior surface of lower leg	XA0LQ2
1603057968	Sacral region	XA2UC8
1578068849	Side of toe	XA14Y9
1605446036	Toenail	XA9E36
1885315825	Plantar surface of toe	XA9LJ5
769712024	Fifth toe	XA42W4
1024856660	Skin of toe	
1227296689	Dorsal surface of toe	XA7J49
361143473	Third toe	XA0SP3
334241346	Upper inner quadrant of breast	XA3LS6
108895453	Anterior thoracic region	XA00R3
206602481	Temporal scalp margin	XA26C1
1003902257	Great toe	XA2RP7
691256124	Lateral thoracic region	XA7884
1848123832	Skin of abdominal wall	
754856433	Second toe	XA8ZZ3
460907569	Frontal scalp margin	XA0WG9
2062046066	Skin of chest	
1672577357	Skin of thoracic wall	
903912423	Skin of breast	
816377166	Aortic body	XA0VA6
362622922	Para-aortic body	XA8S02
1770634929	Parietal scalp margin	XA93S9
442894934	Upper outer quadrant of breast	XA2Q54
1330482498	Umbilicus	XA3MT8
45021297	Fourth toe	XA4KK7
2048843865	Nipple	XA5MC5
1130777881	Lactiferous ducts	XA85A1
511494648	Coccygeal glomus	XA6Y08
356168761	Carotid body	XA0F61
1854252361	Aortic body and other paraganglia	
720548932	Glomus jugulare	XA17K2
1035786178	Lower inner quadrant of breast	XA0VX8
1518117721	Cervical branch of the facial nerve	XA5241
1143431981	Cranial pia mater	XA2T81
1170226664	Auricular branch of vagus nerve	XA0P44
1753770831	Falx without further specification	XA09H1
1626693707	Posterior auricular nerve	XA7F87
1225723477	Trigeminal nerve, mandibular branch	XA1F17
1734330325	Trigeminal nerve, maxillary branch	XA8KJ5
2071013262	Skin of umbilicus	
1982293177	Femoral branch of genitofemoral nerve	XA8N17
1414408665	Axillary tail of breast	XA3PG5
1431130446	Skin of infraclavicular region	
115159129	Temporal branch of the facial nerve	XA1VA9
1617156054	Skin of groin	
863259241	Coccygeal area	XA6DS1
1896461648	Skin of axilla	
1832289433	Areola	XA2JK3
2014787874	External laryngeal nerve	XA9LP4
1503162725	Skin of calf	
1888702705	Pulmonary branches of vagus nerve	XA2KY5
1457022514	Inguinal canal	XA00B4
2028165478	Internal laryngeal nerve	XA6UK8
1661210137	Buccal branch of the facial nerve	XA3A57
680393177	Zygomatic branch of the facial nerve	XA7JD7
1067818265	Marginal mandibular branch of the facial nerve	XA1TY5
1790942493	Optic chiasm	XA5TX3
634038213	Thalamus	XA7L93
1532217902	Basal ganglia	XA4T82
98057805	Superior laryngeal nerve	XA2HA5
1690079375	Submandibular region	XA0MP5
42400149	Medial cord of brachial plexus	XA7UA9
342177102	Spinal arachnoid	XA0382
691645577	Insula	XA0XP7
497490945	Internal capsule	XA5JN6
1970850295	Spinal pia mater	XA8SH5
811371786	Fifth lumbar spinal nerve	XA7VL6
1558455028	Pallium	XA4F88
1319479755	Posterior cord of brachial plexus	XA1UT5
1720999238	Visual cortex	XA5CF8
1100739622	Lateral cord of brachial plexus	XA9PG2
486583409	Cerebral white matter	XA1ZN9
2107111901	Optic tract	XA63Y1
334293601	Operculum	XA84G1
644482991	First lumbar spinal nerve	XA1471
1254968767	Vestibular nerve	XA1AL7
582172859	Rhinencephalon	XA0Z39
1367446506	T1 level	XA17G6
1939141711	Submental region	XA5TZ1
536810562	Cranial arachnoid	XA6WL2
259507478	Spinal dura mater	XA8R98
289527694	Cerebral lobe	XA5N14
820488289	T2 level	XA6GU9
1197590855	T3 level	XA7U15
1028097866	T9 level	XA5T86
1513287692	C2 level	XA7852
735810399	Lumbar plexus	XA1E79
2015825953	T11 level	XA9DV3
1191455647	Supratentorial region of brain	XA73A8
1195936681	T10 level	XA4QU1
141099474	T4 level	XA5UF4
1981227379	T12 level	XA6FB9
33644078	T5 level	XA0D58
1292474043	T6 level	XA5Q83
1514747706	C5 level	XA3JA6
1910503043	S2 level	XA8EL3
1858554510	C6 level	XA4LT0
1766683321	T7 level	XA79E1
848627156	T8 level	XA0N76
1700621186	C1 level	XA2K06
540933355	C3 level	XA3JF5
529928225	Presacral plexus	XA1JE5
732421605	C8 level	XA8965
6504103	C4 level	XA2MQ3
1049293934	Pons	XA9CM4
445897236	S4 level	XA2EF6
2075634047	S1 level	XA3407
133323054	Reticular formation	XA34M4
2075472868	Trigeminal nerve, ophthalmic branch	XA95Y8
1191438082	Olives	XA5KN2
1228151501	Infratentorial region of brain	XA1GA1
1826529298	Petrous ganglion	XA48Z8
390160178	Recurrent laryngeal nerve	XA0VX9
1805742970	Cerebral cortex	XA64R0
8077482	Suprasternal notch	XA8RA2
426851658	Greater petrosal nerve	XA4W18
1405562973	Cerebral hemisphere	XA8GR3
1054293526	S3 level	XA1VA6
1370018052	C7 level	XA3NV2
1095478649	S5 level	XA4L09
200875945	L1 level	XA6TL5
1283174126	Medulla oblongata	XA17J6
512318335	L5 level	XA86M5
2124536433	Occipital scalp margin	XA3EK3
1506687547	Nerve to the stapedius	XA69Y7
1819911366	Ciliary ganglion	XA1SG6
510397860	Otic ganglion	XA2260
870136276	Sixth thoracic nerve root	XA1AB6
178623636	Seventh thoracic nerve root	XA1VM6
442802430	Tympanic nerve	XA4Q30
1573295973	Second thoracic nerve root	XA8933
2124640475	Third thoracic nerve root	XA2EK5
1770722331	Fourth thoracic nerve root	XA6NV1
954976611	Pterygopalatine ganglion	XA0ER1
698519726	Midbrain	XA5KS6
620059924	Fifth thoracic nerve root	XA8DN4
65718697	Pyramid	XA5097
1873892684	Skin of chest wall	
128942268	Lateral ventricle of the brain	XA45Y8
1093428052	Twelfth thoracic nerve root	XA76V2
800979883	L2 level	XA8X63
350291075	L4 level	XA1ZV5
1870441172	Tenth thoracic nerve root	XA2VK2
1054289404	Third ventricle of the brain	XA1H64
1257173925	First thoracic nerve root	XA22C5
495841364	Eighth thoracic nerve root	XA2UY4
1542048790	L3 level	XA57M0
1527649212	Choroid plexus	XA9KX2
704596284	Fourth ventricle of the brain	XA1804
1453283118	Ependyma	XA6J38
741524465	Pharyngeal branches of glossopharyngeal nerve	XA5QA5
7989762	Second cervical nerve root	XA15A2
2077588170	Fourth sacral spinal nerve	XA25F0
1118689162	First sacral spinal nerve	XA2E82
589041086	First cervical nerve root	XA53S6
941599013	Fourth cervical nerve root	XA36V3
23528549	Seventh cervical nerve root	XA5BL9
1243042431	Cranial dura mater	XA9M51
1277589372	Cerebral aqueduct	XA83T2
1245261305	Second thoracic spinal nerve	XA1K85
1487969654	Fifth sacral spinal nerve	XA73B4
1762997304	Cerebellar vermis	XA8E64
1933672633	First thoracic spinal nerve	XA2QF3
391220930	Third cervical nerve root	XA2MT0
1561413945	Third thoracic spinal nerve	XA0DY5
1434825546	Second sacral spinal nerve	XA9V46
868211282	Cerebellar hemisphere	XA4SL2
374300837	Sixth cervical nerve root	XA8YT7
1828527626	Third sacral spinal nerve	XA74E6
756918918	Cerebellar tonsil	XA7E38
1624694353	Sixth thoracic spinal nerve	XA4GT3
1767688775	Fifth thoracic spinal nerve	XA48M5
2013182609	Seventh thoracic spinal nerve	XA0RA9
1690188325	Eighth cervical nerve root	XA0245
792186341	Fifth cervical nerve root	XA87U1
685677899	Second sacral nerve root	XA4PP9
304579793	Twelfth thoracic spinal nerve	XA7QX3
2121576071	Fourth thoracic spinal nerve	XA7BM1
727656849	Eleventh thoracic spinal nerve	XA6369
296103947	First sacral nerve root	XA4HY7
1317410769	Eighth thoracic spinal nerve	XA2VJ9
1301168238	Cerebellopontine angle	
1504604945	Ninth thoracic spinal nerve	XA64N5
1954483787	Fourth lumbar nerve root	XA2ZQ7
1969348652	First lumbar nerve root	XA8VX2
1073150347	Third sacral nerve root	XA32J7
479403573	Fourth sacral nerve root	XA0WH3
196836085	Fifth sacral nerve root	XA7BN5
1292346123	Third lumbar nerve root	XA4N03
1513080779	Second lumbar nerve root	XA9BK9
887338786	First cervical spinal nerve	XA9DY6
600560610	Second cervical spinal nerve	XA1LR0
11416670	Third cervical spinal nerve	XA7LF0
803214265	Sixth cervical spinal nerve	XA26W5
1303551703	Paranasal region	XA3ZL3
379109113	Seventh cervical spinal nerve	XA4WT3
2046762409	Upper cheek	XA5KE9
1520106007	Lower cheek	XA7207
1859615081	Central cheek	XA6C41
394678430	Fourth cervical spinal nerve	XA1QX0
952661881	Fifth cervical spinal nerve	XA06Q1
28367417	Eighth cervical spinal nerve	XA3XK7
1785217857	Root of nose	XA0LR7
950703353	Periorbital region	XA0SB3
357199537	Pharyngeal plexus	XA9LV7
472261609	Ala nasi	XA32Q9
919195713	Tip of nose	XA56T3
412686785	Lateral side wall of nose	XA9JN5
1471140905	Nostril	XA1B05
263290113	Dorsum of nose	XA5YP3
1046293042	Central forehead	XA9SG2
161520262	Chorda tympani	XA2BL2
695553778	Glabella	XA90D8
1972509547	External nose	
1190795105	Allantois	XA9YJ5
1941937141	Amniotic sac	XA7MU1
1342206285	Ectoderm	XA7TJ5
1976079538	Testicular appendage	XA14M8
1682829875	Endoderm	XA3HM5
567933316	Seminiferous tubules	XA9636
1897234516	Glans penis	XA0MH6
396837934	Lip	XA8JD4
608198862	Chin	XA2C62
1426275489	Tunica albuginea	XA07W9
1970791419	Skin of head	
1559850418	Lymphatic vessel of the heart	XA55B8
13424608	Perioral region	XA1A48
1379111130	Root of penis	XA0970
1626620517	Descended testis	XA13Z7
260894141	Vas deferens	XA8PQ1
1769528333	Mesoderm	XA3D33
348962324	Prepuce	XA71S4
1332622170	Lymphatic vessel of the oesophagus	XA8QZ0
1433631142	Lymphatic vessel of the pericardium	XA6J62
911730672	Other specified parts of male genital organs	
1113267558	Lymphatic vessel of the lungs	XA3EB8
1981193754	Lymphatic vessel of the thymus	XA3JF4
1598376404	Frenulum of penis	XA7V24
1715332244	Coronal sulcus of penis	XA54U4
1631517402	Lymphatic vessel of the pleura	XA4QL2
1159459866	Body of penis	XA9A26
1110011206	Cochlear nerve	XA1QU6
613924498	Tentorium cerebelli	XA7N98
265230989	Fundus of uterus	XA3V49
39979633	Pharyngeal branch of vagus nerve	XA8F53
826434415	Second lumbar spinal nerve	XA0VF5
39079517	Connective and other soft tissues of uterus	XA0KR7
936985916	Medulla of ovary	XA44X6
2101231629	Isthmus uteri	XA7F09
1730349811	Clitoris	XA4851
1399753101	Cervix uteri	XA5WW1
1929091765	Cortex of ovary	XA6FA5
523484767	Hard palate	XA4527
1779836109	Corpus uteri	XA5229
1012292065	Soft palate	XA8HL5
191897765	Posterior fourchette of vulva	XA0565
1568013412	Vulval vestibule	XA1A52
1782448509	Labia of vulva	XA11L9
2062188575	Palatal mucosa	XA00H5
839421413	Vaginal introitus	XA4AH3
987725990	Fallopian tube	XA3EF0
873459633	Junctional zone of tongue	XA8SX3
2038528549	Hymen	XA3A69
605908172	Vaginal vault	XA46V2
135822391	Gartner duct	XA9BM1
972524974	Ventral surface of tongue	XA8FK4
2119547447	Dorsal surface of tongue	XA1V27
11325971	Other and unspecified parts of tongue	XA9RP1
1796590376	Border of tongue	XA4DB6
462193783	Base of tongue	XA25G3
710988614	Tonsillar fossa	XA46Z4
890617101	Pharyngopalatine arch	XA3021
1170554644	Cardiac atrium	XA91S4
1293717335	Great cardiac vein	XA38Z5
1538734536	Posterior vein of the left ventricle	XA8HT6
2092798548	Cardiac ventricle	XA7XU8
1955611217	Left marginal vein of heart	XA0HP7
219422544	Coronary sinus	XA16E4
1634573898	Smallest cardiac vein	XA9498
2098878023	Middle cardiac vein	XA3UN3
2104691257	Small cardiac vein	XA6QD7
882430552	Anterior cardiac veins	XA4TZ2
62966944	Oblique vein of the left atrium	XA6YW4
1438458126	Pericardial vein	XA4366
1232529470	Upper right canine, deciduous	XA06P0
426130305	Upper right 2nd molar, deciduous	XA2GE5
202800983	Upper right central incisor, deciduous	XA3BG3
457536653	Glossopalatine arch	XA9A13
1025695619	Upper right 1st molar, deciduous	XA7ZT9
504120458	Third lumbar spinal nerve	XA9178
108929195	Upper right  lateral incisor, deciduous	XA2XZ5
126639705	Upper left central incisor, deciduous	XA4ZQ5
2108297302	Lower left 2nd molar, deciduous	XA8NE2
578325577	Upper left 1st molar, deciduous	XA85K7
153362506	Fourth lumbar spinal nerve	XA6N66
1934266287	Arteries of heart	XA42G7
1126086594	Upper left 2nd molar, deciduous	XA2BD4
1122814258	Upper left canine, deciduous	XA98V8
1657800581	Lower alveolar ridge mucosa	XA8C21
885000506	Submandibular ganglion	XA74N6
952796991	Lower right  lateral incisor, deciduous	XA1W31
675436137	Lower left canine, deciduous	XA8QV7
1046395396	Lower left  lateral incisor, deciduous	XA8MH6
1939480838	Lower left 1st molar, deciduous	XA55D8
1120242656	Lower right central incisor, deciduous	XA6TB6
924321187	Lower right canine, deciduous	XA8KQ7
1799572494	Upper alveolar mucosa	XA2C94
233046437	Upper left lateral incisor, deciduous	XA9QP7
1216648910	Lower right 2nd molar, deciduous	XA6F50
1325901840	Upper alveolar ridge mucosa	XA7DA0
1146205925	Lower left central incisor, deciduous	XA2RW5
1540823032	Lower alveolar mucosa	XA96F2
1266200740	Pericardium	XA2XU0
1859287955	Cardiac septum	XA81Z5
1350243387	Endocardium	XA3227
1423573173	Dentin	XA6FX3
1642334362	Left main coronary artery	XA0F62
2009065227	Cementum	XA4KC7
1620542411	Pulp	XA5B71
564649693	Anterior floor of mouth	
847420636	Alveololingual sulcus	XA69M6
1058060994	Left ventricular papillary muscles	XA7S34
1841489119	Mucosa of floor of mouth	XA8CF9
1139958901	Periapical tissue	XA2CA1
1839377909	Enamel	XA5R09
798486415	Lateral floor of mouth	
1974020566	Frenulum of upper lip	
1778343496	Right ventricular papillary muscles	XA5Y16
400106404	Aortic valve	XA19J4
245492722	Buccal surface of tooth	XA6DE2
719654900	Incisal surface of tooth	XA3W20
835612792	Labial surface of tooth	XA4UP2
642454303	Inferolateral buccal sulcus	XA5MG3
510358088	Lingual surface of tooth	XA8M68
1043705868	Mesial surface of tooth	XA5Z48
270566438	Occlusal surface of tooth	XA5DM8
1677065059	Anteroapical wall of heart	XA4U99
273808805	Anterolateral wall of heart	XA5W05
69661229	Inferolateral wall of heart	XA61Y9
1270971545	Distal surface of tooth	XA5ML5
1068830395	Deep petrosal nerve	XA9CT5
343377487	Lateral wall of heart	XA3XS7
1348433454	Basal-lateral wall of heart	XA6GR4
965339684	Pulmonary valve	XA6WC4
1535069916	High lateral wall of heart	XA1HH6
1495317899	Anteroseptal wall of heart	XA2RT9
1133653343	Superolateral buccal sulcus	XA6WJ3
1596476595	Proximal surface of tooth	XA3HD5
1947963948	Apical-lateral wall of heart	XA8ZQ8
1493826598	Inferior wall of heart	XA3RM8
660512363	Anterior wall of heart	XA7RE3
535668545	Septal wall of heart	XA83Q5
505403827	True posterior wall of heart	XA01U7
1021997417	Ascending branch of the left colic artery	XA82R7
2114486919	Atrioventricular node	XA4359
1443104660	Eleventh thoracic nerve root	XA61G0
792647857	Coeliac artery	XA8577
1419358023	Sinoatrial node	XA1UE3
1274611864	Cystic artery	XA0JE4
1774319231	Anterior suprarenal artery	XA7TZ1
2052499607	Descending vasa recta	XA1VJ7
1357213652	Posteroseptal wall of heart	XA60V2
812722861	Posterolateral wall of heart	XA4RC1
956846616	Common hepatic artery	XA26R6
1954883051	Bundle of His	XA7J11
1540119742	Branches to abdominal muscles of the musculophrenic artery	XA8BY2
1373913704	Gastroduodenal artery	XA0NN4
1705623832	Hepatic artery	XA5AP2
2057488593	Inferior epigastric artery	XA3F13
7405400	Left gastric artery	XA0LL0
3344486	Left gastro-omental artery	XA9AQ6
734139817	Left colic artery	XA6WR7
1925337830	Dorsal pancreatic artery	XA1QB0
941014129	Inferior phrenic artery	XA2LL9
834011945	Mesenteric artery	XA6CA5
529503959	Lumbar artery	XA4UK9
1557228632	Proper hepatic artery	XA8C72
76296782	Sigmoid artery	XA02A2
202950719	Renal artery	XA69V9
1270546342	Right gastro-omental artery	XA8V02
1921099224	Terminal branches of the proper hepatic artery	XA51U4
2129236671	Posterior suprarenal artery	XA00T1
1553111910	Superior pancreaticoduodenal artery	XA2870
1709848102	Splenic artery	XA0R02
456174847	Middle suprarenal artery	XA1GQ7
895509887	Intestinal artery	XA68L7
450503390	Umbilical artery	XA0VZ0
145224215	Inferior mesenteric artery	XA2N15
961258790	Superior mesenteric artery	XA3VR0
1696487010	Deep artery of clitoris	XA4XP0
1677768711	Artery of bulb of penis	XA5PV1
1932057799	Artery of bulb of vestibule	XA30X9
1916154530	Deep artery of penis	XA7AM0
1120177142	Deep branch of the superior gluteal artery	XA14N2
139694673	Deep external pudendal artery	XA4AP3
1263443938	Dorsal artery of clitoris	XA4FK8
1550252834	Dorsal artery of penis	XA4X54
1023475530	Lateral sacral artery	XA5Y50
582771193	Inferior vesical artery	XA2QX3
707304330	Iliac branch of the iliolumbar artery	XA5GV0
216836217	Internal pudendal artery	XA7FK7
13068322	Inferior gluteal artery	XA0G82
1341236682	Inferior branch of the lateral sacral artery	XA3XS2
968869218	Deferential artery	XA27B8
74994186	Iliolumbar artery	XA7D46
719125454	Median sacral artery	XA82V4
2115891961	Perineal artery	XA5MN1
898893113	Middle rectal artery	XA8X93
1765119545	Posterior scrotal branches of the internal pudendal artery	XA2025
1987930318	Obturator artery	XA69V8
653736855	Ovarian artery in females	XA1MF5
1347238777	Posterior labial branches  of the internal pudendal artery	XA34Z7
1490665738	Superior branch of the lateral sacral artery	XA0AZ8
1988692106	Superior gluteal artery	XA26E6
1187784360	Right gastric artery	XA9HE0
1110502322	Vaginal artery	XA47A2
698366470	Anterior communicating artery	XA2B10
1427672946	Superior vesical artery	XA1426
1637968970	Superficial branch of the superior gluteal artery	XA2TT0
38873033	Anterior ethmoidal artery	XA2QF4
1197825977	Urethral artery	XA85K8
1937337123	Inferior adrenal artery	XA9QC3
540176836	Iliac artery	XA83D6
781689250	Uterine artery	XA0610
34787577	Carotid artery	XA9AD7
836722519	Testicular artery in males	XA0UK9
383470025	Artery of pterygoid canal	XA2505
754290191	Anterior meningeal artery	XA00K1
914462863	Cerebellar artery	XA5SN3
361571151	Deep auricular artery	XA7SK1
539635218	Dorsal nasal artery	XA18D8
1565703689	Anterior superior alveolar artery	XA1GU9
476998439	Costocervical trunk	XA2UK9
1079165983	Facial artery	XA3FL3
189140967	Deep cervical artery	XA1NY7
868053242	Cerebral artery	XA13S2
1049124550	External striate of the anterolateral central artery	XA4QF0
2088754518	Glandular branches of the cervical artery	XA83M8
693393986	Greater palatine artery	XA2626
146699489	Sacral plexus	XA0929
1997200087	Intracranial artery	XA85W7
683594849	Hyoid artery	XA4H29
1227665487	Occipital artery	XA9EU7
1736210895	Maxillary artery	XA18M5
1900737386	Lateral nasal branch of the facial artery	XA3N26
1048329858	Lesser palatine artery	XA5Z38
502118778	Internal striate of the anterolateral central artery	XA5VX8
901688951	Superficial temporal artery	XA0SB1
298219809	Superior thyroid artery	XA7K29
1948206945	Ascending pharyngeal artery	XA00E5
1577374863	Posterior auricular artery	XA13U3
1664557985	Lingual artery	XA2WS5
927055328	Right common carotid artery	XA53A8
2127300188	Inferoposterior wall of heart	XA2H88
1666673291	Fifth lumbar nerve root	XA5W91
1014451537	Tenth thoracic spinal nerve	XA5AZ7
1961568039	Lingual branch of the inferior alveolar artery	XA5TR9
407661879	Inferior palpebral arch artery	XA4VH9
882917392	Parietal branch of the superficial temporal artery	XA6XV2
729693473	Uvula	XA2993
1780485007	Lateral branch of the posterior inferior cerebellar artery	XA16L7
1697151268	Papillary muscle	XA2DC8
15812452	Mitral valve	XA7V72
116268513	Posterior communicating artery	XA7U73
610366590	Posterior lateral nasal branches of the sphenopalatine artery	XA9VV0
860426430	Sphenopalatine artery, terminal branch	XA1BZ0
1148240399	Posterior inferior cerebellar artery	XA8RM9
1468973209	Mylohyoid branch of the inferior alveolar artery	XA3TE9
430367510	Submental artery of the cervical artery	XA90T0
488233278	Posterior septal branches of the sphenopalatine artery	XA4Q78
1238945801	Posterior ethmoidal artery	XA5881
2025908094	Pterygoid branches	XA1K74
261122481	Posterior meningeal artery	XA8FA1
675984423	Temporal branches of the anterior and posterior meningeal artery	XA65G3
102399399	Superficial petrosal branch of the anterior and posterior meningeal artery	XA82P9
1515163361	Superior laryngeal artery	XA9GU1
273001342	Transverse cervical artery	XA6142
414715249	Superior tympanic artery	XA50Q9
691865150	Thyrocervical trunk	XA9XH0
580307639	Transverse facial artery	XA9M59
1179720336	Vertebral artery	XA1XP6
922897106	Twig to the upper part of lacrimal sac of the dorsal nasal artery	XA5D86
1063440615	Orbital branches of the anterior and posterior meningeal artery	XA34H5
1401318855	Supraorbital artery	XA1C15
1908314926	Anterior ciliary artery	XA94Y6
1805900242	Long posterior ciliary artery	XA9RA2
1721169902	Short posterior ciliary artery	XA04E2
948666441	Branches to gingiva	XA4KE1
1390113938	Circulus arteriosus major artery	XA22D8
1741418169	Zygomatic branches of the lacrimal artery	XA1Q49
992578185	Superior palpebral arch artery	XA35L5
1234904889	Lacrimal artery	XA5P69
1929541513	Infraorbital artery	XA5C33
1820752768	Anterior medial malleolar artery	XA4K68
2016708410	Central retinal artery	XA5RB0
1173557330	Circulus arteriosus minor artery	XA8T70
1588806649	Lateral palpebral artery	XA00Q9
1597018536	Ascending branch of the medial femoral circumflex artery	XA0DB6
1137204377	Branch of the medial inferior genicular artery to popliteus	XA42R8
1580105665	Anterior tibial recurrent artery	XA7BL5
2075008960	Anterior lateral malleolar artery	XA91J1
723799271	Branch of the medial superior genicular artery to surface of the femur and the knee-joint	XA2DD1
724989423	Ascending branch of the lateral femoral circumflex artery	XA5BU3
59835048	Acetabular branch	XA61E8
511123968	Communicating branch of the fibular artery to the anterior tibial artery	XA4VS8
1621998375	Deep branch of the lateral superior genicular artery	XA19F5
528217745	Deep femoral artery	XA3KL5
918712255	Descending genicular artery	XA3CV5
347694696	Deep branch of the descending branch of the medial femoral circumflex artery	XA7DF6
988393448	Descending branch of the medial femoral circumflex artery	XA15J8
329537166	Descending branch of the left colic artery	XA6NY6
937198040	First perforating artery	XA2GU0
1121366784	Dorsalis pedis artery	XA41L4
1425146193	Femoral artery	XA2JF3
1008603439	Lateral femoral circumflex artery	XA9EP9
1567239247	Lateral inferior genicular artery	XA4B67
1209595240	Medial femoral circumflex artery	XA6920
1007429671	Branch of the medial superior genicular artery to vastus medialis	XA7WF1
655330496	Fibular artery	XA9GM6
1144206655	Musculo-articular branch of the descending genicular artery	XA9TP5
1423980633	Medial inferior genicular artery	XA1QB3
1784937663	Anterior tibial artery	XA6CN3
708485760	Medial plantar artery	XA7PN1
1394299391	Popliteal artery	XA44K1
412263999	Second perforating artery	XA2Z59
568986495	Saphenous branch of the descending genicular artery	XA09P5
1507137127	Superficial branch of the lateral superior genicular artery	XA5687
903630327	Body of tongue	XA8Q87
1225136897	Muscular branches of the anterior tibial artery	XA0PT7
552920344	Perforating artery	XA0GA4
308076967	Sural artery	XA08Q7
157238592	Perforating branch of the fibular artery to the posterior tibial artery	XA1YF2
1024640576	Lateral plantar artery	XA6QR6
767675176	Superficial branch of the descending branch of the medial femoral circumflex artery	XA7W56
2102106239	Posterior tibial recurrent artery	XA33D9
391682968	Hepatic branch of the left gastric artery	XA2LQ8
2005262311	Middle genicular artery	XA5LB1
1743776255	Superficial femoral artery	XA5PP5
343671452	Urethral gland	
552763184	Prostatic utricle	
1332517362	Thoracoabdominal aorta	XA9NQ2
1392687323	Ureteric orifice	XA4P63
2059975565	Internal urethral orifice	XA8KN5
1142846482	Posterior wall of bladder	XA2562
183766859	Superior wall of bladder	XA6SR9
1523216505	Upper right 1st bicuspid	XA64J5
1519811009	Cowper gland	
1491295975	Anterior wall of bladder	XA4UM5
783346505	Lateral wall of bladder	XA3JA5
2123273339	Upper right 2nd bicuspid	XA45K9
1902139432	Transverse branch of the lateral femoral circumflex artery	XA4XR2
1849953741	Upper right canine	XA0LE1
723819172	Upper right central incisor	XA43X2
263897855	Third or fourth perforating artery	XA8J55
1361811013	Upper right  lateral incisor	XA3QH3
192567528	Upper left 3rd molar	XA8328
1678053599	Upper right 2nd molar	XA0BR9
1901860583	Upper right 1st molar	XA0TL3
722327626	Upper right 3rd molar	XA5306
2018823700	Ninth thoracic nerve root	XA8QS1
1364218231	Upper left 2nd molar	XA1YK1
1709059267	Upper left 1st molar	XA2GW7
1521596235	Upper left 2nd bicuspid	XA5Z15
549370796	Upper left 1st bicuspid	XA3EF6
14711272	Upper left canine	XA2LF2
614768102	Upper left  lateral incisor	XA0MG2
536371916	Lower right 3rd molar	XA8YF6
152582241	Lower right canine	XA95A1
1357949529	Upper left central incisor	XA9P69
1006554672	Lower right 2nd bicuspid	XA26X2
33429784	Paramedian forehead	XA1UW4
119900018	Lateral forehead	XA1Z38
568075325	Tunica vaginalis	XA1FS5
1020479083	Lower left 1st molar	XA6R23
232320336	Middle temporal artery	XA6X36
918231447	Lower left 1st bicuspid	XA1SQ7
2041827588	Lower left canine	XA8P88
1649677558	Lower right central incisor	XA5NT8
361774384	Lower right 2nd molar	XA5CA4
912187655	Lower left 2nd molar	XA8YV5
1282977544	Lower right 1st bicuspid	XA47C4
416672393	Lower left  lateral incisor	XA4B13
2092799542	Lower left 2nd bicuspid	XA80S2
763140220	Other specified parts of female genital organs	
986791328	Right marginal vein of heart	XA2KE8
2003943329	Bronchial vein	XA1GY9
965501851	Lower left 3rd molar	XA0XB1
92333345	Azygos vein	XA7AN5
1626353644	Frenulum of lower lip	
30129999	Accessory hemiazygos vein	XA6DM9
484535831	Superior epigastric vein	XA4VD1
1993722314	Lower left central incisor	XA7B54
1175515380	Lower right  lateral incisor	XA8660
679888423	Oesophageal vein	XA3VU3
297606231	Hemiazygos vein	XA4GF1
36324031	Innominate vein	XA27D1
857754818	Superficial branch of the transverse cervical artery	XA0898
564788303	Superior cerebellar artery	XA7423
258214391	Supratrochlear artery	XA6W31
1448926462	Diaphragmatic vein	XA9NE2
130572738	Brachiocephalic vein	XA57F8
1198448711	Superior labial sulcus	XA2151
1346798727	Inferior labial sulcus	XA52Q7
1833328145	Transverse scapular vein	XA2DL5
1791382209	Internal mammary vein	XA3V69
787267597	Right coronary artery	XA2QX7
782339812	Tricuspid valve	XA6FF2
1648096464	Subscapular vein	XA8WJ4
1926261744	Cystic Vein	XA1MQ4
1128021215	Caput medusae vein	XA9PF5
241753752	Thymic vein	XA2YF2
1328802508	Nephron	XA8AN8
619606352	Ileocolic vein	XA95M2
995291135	Inferior vena cava	XA7UV5
1984645004	Renal tubule	XA2364
1731329088	Common femoral artery	XA8YC8
1519973797	Lower right 1st molar	XA5M57
2079189134	Paraumbilical Vein	XA0N54
1893406783	Intercostal vein	XA9HG3
699532048	Subcostal vein	XA3568
2106217551	Junction of hard and soft palate	
1882159225	Mediastinal vein	XA6JE5
1610376104	Superior vena cava	XA5WA4
180271312	Superior intercostal vein	XA4DR2
755841320	Thoracoepigastric vein	XA46Q0
843433937	Portal Vein	XA1E17
134372457	Pancreatic vein	XA3X37
1692852553	Splenic vein	XA0J33
674353489	Lumbar vein	XA52L9
738324041	Medial palpebral artery	XA8VA1
659323790	Pancreaticoduodenal vein	XA4XM0
1716010216	Descending branch of the lateral femoral circumflex artery	XA3SV6
715628216	Rectal venous plexus	XA5JV6
636526377	Hepatic Vein	XA2UD7
1360466216	Posterobasal wall of heart	XA7D76
1442764352	Posterior tibial artery	XA6LK2
1824551632	Lower right 1st molar, deciduous	XA36B2
605688072	Intestinal vein	XA55H2
1369577561	Mesenteric vein	XA5KA1
1866146493	Veins of stomach	XA1C53
1068376807	Epigastric vein	XA04Q7
1914964904	Ascending lumbar vein	XA4DQ4
2069528568	Cephalic vein	XA4YQ8
196189718	Phrenic vein	XA1EK8
48112377	Median basilic vein	XA1YZ7
1285512456	Proper volar digital vein	XA3GZ6
1098168382	Deep volar venous arch	XA7902
819169336	Colic vein	XA2DK6
384031631	Accessory cephalic vein	XA0QT1
718193352	Common volar digital vein	XA7FD2
1309217505	Brachial vein	XA43Q5
1718660768	Radial vein	XA32L8
358773790	Rectal vein	XA5T10
1466472919	Superficial volar venous arch	XA7HM9
148674401	Volar metacarpal vein	XA13N1
1729068393	Dorsal digital veins	
1952719383	Frontal venous lacunae	XA0CA3
1758273808	Cortical vein	XA9TJ8
313033185	Basal vein	XA8ZU5
1616501601	Buccinator vein	XA5SG1
218009969	Angular vein	XA8ZS9
283116802	Emissary vein of the foramen of Vesalius	XA12G2
1184753808	Cricothyroid vein	XA7C08
684044567	Great anastomotic vein of Trolard	XA3DS7
56488104	Temporal vein	XA6HG4
2112763393	Maxillary vein	XA4ZZ3
615351934	Emissary vein	XA14M4
1109578424	Choroid vein	XA49Y4
1426765432	Cerebral vein	XA2LX2
1570655241	Deep cervical vein	XA9U81
1819417400	Cerebellar vein	XA91N0
1849335769	Frontal vein	XA74U9
188574353	Posterior anastomotic vein of Labbé	XA2NF3
1230492985	Meningeal vein	XA4105
1413411665	Tracheal vein	XA7F45
1626229783	Occipital venous lacunae	XA7AS3
1011867415	Palatine vein	XA1SM5
2009475287	Occipital vein	XA01E7
506779342	Parotid vein	XA91G2
1860457681	Pharyngeal vein	XA98C1
1735278791	Sphenopalatine vein	XA0M51
1282096464	Submaxillary vein	XA7ZY4
1451366392	Pterygoid venous plexus	XA0QP2
975527400	Terminal vein	XA8680
132303504	Stylomastoid vein	XA4XY4
152875534	Parietal venous lacunae	XA4HX4
1125554065	Transverse cervical vein	XA6945
1531140496	Submental vein	XA1LD6
95047279	Vein from the tympanic cavity	XA22T9
301919079	Sublingual vein	XA7K99
78946314	Vein of the pterygoid canal	XA9914
1463377815	Palpebral vein	XA9SD5
644875578	Labial vein	XA52V8
532087953	Ulnar vein	XA8CK3
184373246	Dorsal metacarpal vein	XA9886
368461369	Median antebrachial vein	XA3TW9
1695313768	Axillary vein	XA3EY8
817550408	Volar interosseous vein	XA2C08
500509502	Dorsal interosseous vein	XA6NS3
1673012881	Lateral thoracic vein	XA4A41
1022904417	Basilic vein	XA6JD7
798717647	Alveolar vein	XA37J7
1864659390	Diploic vein	XA2QB0
1050306512	Subclavian vein	XA6YT2
663924872	Volar digital vein	XA2Y72
735063201	Basilar plexus	XA6SL1
1181321432	Anterior vertebral vein	XA0ET2
204313222	Jugular vein	XA4582
1298102375	Extraspinal vein	XA2L55
1657771144	Pterygoid plexus	XA5TG4
1744010495	Internal auditory vein	XA5YM5
1984297610	Vein of the ala nasi	XA21F0
1988439573	Facial vein	XA0BP3
2070992054	Venous jugular arch	XA1K34
1036782922	Vein of the pericranium	XA73J2
1101689656	Pterygoid vein	XA1VP6
1482081336	Vertebral vein	XA7QR6
304027287	Orbital vein	XA9XW7
1333698808	Venous Sinuses	XA1VJ8
423672408	Thyroid vein	XA9VA8
1329420234	Vena comitans of the hypoglossal nerve	XA1RH4
1363274776	Anterior vertebral venous plexus	XA0BP6
455251447	Deep temporal vein	XA1LU7
1847974310	Ischiorectal fossa	XA9CK0
1406641151	Superior sagittal vein	XA1RV1
581343498	Auricular vein	XA97T8
1460927649	Anterior ulnar recurrent artery	XA7U09
701064826	Branch to volar carpal network of the anterior interosseous artery	XA5RC6
336523538	Brachial artery	XA1138
1276139578	Anterior interosseous artery	XA2PP8
1206407267	Inguinal region	XA0GN7
1275704927	Presacral region	XA53A7
1512493727	Posterior ulnar recurrent artery	XA8JY7
1058649489	Lingual vein	XA8NY9
290028561	Masseteric vein	XA8Z61
87519831	Ophthalmic vein	XA0X91
1103310664	Laryngeal vein	XA23C4
479857505	Princeps pollicis artery	XA05L5
52860370	Profunda brachii artery	XA2PP0
1403831945	Radial artery	XA8RG5
979253394	Anterior humeral circumflex artery	XA0H14
50429644	Perirectal region	XA2EG4
1808434606	Ascending branches of the inferior ulnar collateral artery	XA8ZA6
1087371303	Axillary artery	XA38W3
1792306121	Radial branches in the forearm of the radial artery	XA3SL1
196243361	Radialis indicis of the radial artery	XA62C1
1728031634	Radial collateral artery	XA3PZ4
1530412282	Muscular branches of the anterior interosseous artery	XA8LL2
127512570	Palmar carpal arch	XA0GZ0
2113670921	Radial recurrent artery	XA3H61
1219453458	Branches to the deltoid muscle of the Profunda brachii artery	XA91T8
635610657	Deep palmar arch	XA3M37
2095243630	Inferior ulnar collateral artery	XA9F90
1969812858	Interosseous recurrent artery	XA9179
1648398778	Posterior interosseous artery	XA51P8
2125096335	Deep volar branch of ulnar artery	XA1VB5
280087354	Volar carpal network	XA90B4
559782921	Dorsal carpal branch of radial artery	XA44C1
1602684626	Superior ulnar collateral artery	XA0JA6
1909968722	Medial collateral artery	XA2722
37256119	First dorsal metacarpal artery	XA2UT9
405090633	Palmar carpal branch of radial artery	XA2F13
353378167	Radial branches in the hand of the radial artery	XA91J7
1385726880	Brachiocephalic trunk	XA2KA0
1712049110	Six anterior intercostal branches of the internal thoracic artery	XA14K0
46930929	Internal thoracic artery	XA9S49
207306511	Subcostal artery	XA3311
1523757785	Subscapular artery	XA2YJ5
913701065	Radial branches at the wrist of the radial artery	XA9W25
1292809823	Common interosseous artery	XA4RU3
1474796775	Intercostal artery	XA7KK5
1601398422	Upper branches of the six anterior intercostal branches of the internal thoracic artery	XA99C2
337430552	Inferior striate vein	XA9GT2
1855926695	Thoracoacromial artery	XA79X5
351965526	Sternal branches of the internal thoracic artery	XA6UQ6
1973196094	Branches to lower part of the pericardium of the musculophrenic artery	XA1PX4
2081849642	Intercostal branches of the musculophrenic artery	XA0T62
460544975	Superior phrenic artery	XA9J15
842965671	Posterior intercostal artery	XA0WT1
1898163990	Perforating branches of the internal thoracic artery	XA1190
1799284202	Musculophrenic artery	XA7EC2
1253451977	Deep dorsal vein of the penis	XA03F7
1077647457	Ulnar artery	XA23B7
620513350	Dorsal carpal network	XA7M90
252532105	Superficial palmar branch of the radial artery	XA5BG5
869543046	Dorsal carpal arch	XA9ZJ6
1149542985	Descending branches of the inferior ulnar collateral artery	XA1ES5
1656025598	Branches to diaphragm of the musculophrenic artery	XA4TH8
604514306	Deep branch of dorsal scapular artery	XA3M86
852148961	Superficial palmar arch	XA5AG1
344060960	Renal vein	XA3200
2042058087	Superior thoracic artery	XA8M67
1444883408	Iliolumbar vein	XA9X28
202043703	Deep vein of the penis	XA7U63
522860713	Pampiniform plexus	XA05M3
350791776	Obturator vein	XA5AH6
728218583	Ovarian Vein	XA4PC3
1450604464	Superficial dorsal vein of the penis	XA4TQ4
2145732048	Corpus cavernosum penis	XA6YL8
1978134600	Prostatic vein	XA8WY0
343250024	Suprarenal vein	XA2WW4
333394936	Vesical plexus	XA0DB7
310520495	Vaginal vein	XA1MK5
83318584	Vesical vein	XA7GN4
1513417623	Gluteal vein	XA8GA3
698151277	Periampullary	
536146849	Vulval vein	XA9GG9
1700680249	Ureteropelvic junction	XA7NQ9
20963081	Deep Femoral Vein	XA3E41
2031170783	Adrenal vein	XA6TQ3
2118951521	Renal calyces	XA0AC1
944206409	Deep plantar venous arch	XA8RN9
1594360800	Pubic vein	XA0GG0
1141614457	Spermatic Vein	XA5KK7
245153504	Sacral vein	XA71Q4
1517755559	Femoral vein	XA3QX9
651143633	Uterine plexus	XA7AB3
1458260872	Lateral femoral circumflex vein	XA74K2
1541301688	Lateral plantar vein	XA0L88
260198585	Sigmoid vein	XA8HY5
1633887052	Renal pyramid	XA9Q52
841784239	Medial femoral circumflex vein	XA8PZ9
1585426937	Metatarsal vein	XA7ND7
403137061	Pudendal vein	XA3F81
868619664	Iliac vein	XA03Q4
1469905297	Plantar cutaneous venous arch	XA4EV7
2131830168	Anterior tibial vein	XA4CQ8
142634228	Anterior femoral cutaneous vein	XA8LE8
837274897	Uterine vein	XA8M77
1085578577	Plantar digital vein	XA8657
480467040	Granulocytes	XA2WC0
1993918130	Peroneal vein	XA4930
1394852793	Small saphenous vein	XA2073
1728431334	Left hepatic duct	XA89K4
1047398280	Posterior tibial vein	XA5D60
1366916688	Subclavian artery	XA5D68
891523663	Lower (3rd to 11th) posterior intercostal artery	XA1EE3
1308284441	Lateral thoracic artery	XA3DE1
1213923926	Lower branches of the space anastomoses of the six anterior intercostal branches of the internal thoracic artery	XA0QG6
1093096992	Aorta of thorax	XA8K52
1204996303	Oesophageal artery	XA8ES3
762731602	Posterior humeral circumflex artery	XA0882
97328296	Macrophages	XA9DP6
2033733719	Superficial iliac circumflex vein	XA8HR9
128017722	Monocytes	XA46Q2
671943795	Right hepatic duct	XA6M95
1429960002	Lymphocytes	XA8YQ2
555473820	Posterior wall of hypopharynx	
1712472710	Interarytenoid fold	
1717636182	Ileocecal junction	XA4F42
577065871	Common hepatic duct	XA96K1
1777850685	Ascending colon	XA3AL5
1614204137	Descending colon and splenic flexure of colon	XA7177
1643160178	Perineal vein	XA1W18
1431962259	Ascending colon and right flexure of colon	XA25P9
894847549	Sigmoid colon	XA8YJ9
951259663	Accessory saphenous vein	XA8WJ3
328294343	Hepatic flexure of colon	XA95L3
703099594	Cranial Bones	XA1RZ4
480847577	Rib	XA5TK7
1757281176	Facial bones	XA3Y16
453411773	Descending colon	XA2G13
1178586650	Ileocecal valve	XA3VB0
720455085	Rectosigmoid junction	XA33J5
823077211	Short head of biceps brachii tendon	XA0FB1
640109979	Long head of biceps brachii tendon	XA2UD9
1399556983	Pelvis	XA8Y23
1407290557	scalenus medius tendon	XA7XV7
634489753	Sternum	XA6NB3
1871963848	Lateral marginal vein	XA4L08
1773375176	Rectal ampulla	
1358605327	Bronchial artery	XA6E07
1412451925	Pyloric antrum	XA4EC5
1091984320	Bones of the shoulder girdle	XA2AL0
1228384175	Lower rectum	XA1LM5
1136263363	Middle rectum	XA2P23
627942161	Popliteal vein	XA08Q1
2128592381	Transverse colon	XA49U1
110459031	Great saphenous vein	XA59H1
204400509	Splenic flexure of colon	XA1PY9
1000771513	Medial marginal vein	XA1XM3
64436104	Upper rectum	XA41Y4
162211192	Common digital vein	XA23R2
622249575	Supreme intercostal artery	XA7TT5
911777029	Pyloric canal	
747563897	Medial plantar vein	XA85B7
1761166931	Intervertebral disc or space	XA02R1
2108769597	scalenus posterior tendon	XA9HH7
1851292761	Bones of middle ear	XA6EQ1
2038724831	Carpal bones	XA09H2
255752241	Radius	XA3WG1
759525864	Humerus	XA2XL4
1154082941	scalenus anterior tendon	XA45L1
1788420605	scalenus minimus tendon	XA7NL5
1302669122	Vertebra	XA7MS2
1060675873	Metacarpal bone	XA3YX4
520825881	Tibia	XA44U1
1491791024	Tarsal bone	XA7NN4
435983056	Patella	XA4T36
983135600	Femur	XA6BA0
623242207	Phalanx of the hand	XA3PA7
1895435407	Ulna	XA5007
2029439036	Sacrococcygeal joint	XA70B6
325262192	Metatarsal bone	XA6VH2
246982804	Lumbosacral joint	XA5A04
85354215	Fibula	XA3KT5
103568101	Arcuate pubic ligament	XA9621
1302701349	Broad ligament of the uterus	XA0EJ9
1536372612	Interarticular ligament of the pelvis	XA46Z2
679254885	Posterior pubic ligament	XA92G5
489682556	Interosseous sacroiliac ligament	XA02T6
346415724	Posterior sacroiliac ligament	XA6RS4
1677028517	Ligamentum teres of the Liver	XA1NT7
935331284	Anterior sacroiliac ligament	XA10C4
1960642661	Anterior pubic ligament	XA5S21
1519239653	Round ligament of uterus	XA23X3
1876864252	Sacrococcygeal ligament	XA8GZ2
1287342916	Pubic symphysis	XA1UP6
72056752	Phalanx of the foot	XA39M2
168268476	Sacrotuberous ligament	XA6396
863977468	Sacrospinous ligament	XA8J68
1916678712	Uterosacral ligament	XA2NB2
719727487	Shoulder joint	XA05J7
1062535077	Uterine ligament	XA4T57
428919892	Sacroiliac joint	XA3T32
285488677	Superior pubic ligament	XA68K7
1676501535	Joints of the hand	XA62V5
1768750843	Wrist joint	XA64C3
1948870691	Atlantoaxial joint	XA7EM1
1364152594	Elbow joint	XA69H4
1888899595	Interspinal ligament	XA9M15
741851403	Interarticular ligament	XA3ZW3
1067491299	Occipitoaxial ligament	XA3J99
614677372	Temporomandibular joint	XA2SM2
58320620	Intervertebral fibrocartilage ligament	XA5180
1740519115	Articular capsules	XA3XV5
1590074251	Intertransverse ligament	XA9NZ1
2141720548	Ligament of the wrist and hand	XA9Y28
1661013219	Anterior atlantoaxial ligament	XA68Z9
1297204579	Anterior atlantooccipital ligament	XA4XK9
66023439	Oligoarticular	XA1CK9
991929803	Ligamenta flava	XA72L3
183759612	Atlantooccipital joint	XA65F2
1020159779	Ligament of the shoulder	XA93X9
1919500700	Interosseous membrane of forearm	XA6SA0
443625892	Ligament of the elbow	XA5Y12
680065827	Lateral atlantooccipital ligament	XA97L7
114832035	Apical odontoid ligament	XA3K95
2107866165	Posterior atlantoaxial ligament	XA1CC5
1517920675	Posterior atlantooccipital ligament	XA80K5
1138733116	Cricopharyngeal ligament	XA6B16
60967491	Cricothyroid ligament	XA4051
340886060	Posterior longitudinal ligament	XA8E20
848671197	Sphenomandibular ligament	XA4FR7
1574110781	Knee joint	XA8RL1
1739724504	Thyroepiglottic ligament	XA56S4
637803919	Cricotracheal ligament	XA3BV9
154135855	Hyoepiglottic ligament	XA3JR5
1389237648	Vocal ligament	XA6928
926180756	Anterior longitudinal ligament	XA9F16
598848067	Polyarticular	XA3FU7
40306827	Ligamentum nuchae	XA6RG7
1832890812	Vestibular ligament	XA4KB2
2000483733	Ankle joint	XA27P3
1732925069	Anterior costotransverse ligament	XA70E9
1705475090	Ligament of the ankle or foot	XA2F70
1787500789	Transverse ligament of the atlas	XA8389
422170343	Cricoarytenoid ligament	XA9XG3
357526603	Supraspinal ligament	XA7WU3
633197853	Stylomandibular ligament	XA4WM3
1160863572	Anterior intersternal ligament	XA0QM2
1005307277	Posterior costotransverse ligament	XA4A37
1098515772	Costotransverse joint	XA7AR2
1377385364	Facet joint	XA0ZE4
528559059	Thyrohyoid ligament	XA33F9
1885483597	Radiate sternocostal ligament	XA43Z7
1865075900	Radiate ligament	XA8RC0
355147270	Joint of the foot	XA22T0
2013440124	Costochondral joint	XA30Q4
1188078244	Hip joint	XA4XS4
1280256772	Anterior ligament of the spine	XA8V32
2102860915	Interchondral ligament	XA8D15
96129380	Adductor minimus muscle	
364579853	Ligament of the tubercle of the rib	XA81P3
1580399565	Costoxiphoid ligament	XA2S05
32156671	Subscapularis muscle	XA1QF1
1786738867	Posterior intersternal ligament	XA26A7
1350440641	Long head of the biceps brachii muscle	XA0481
300963427	Temporomandibular ligament	XA4WJ7
900147329	Infraspinatus muscle	XA7E49
43215053	Lumbocostal ligament	XA8B33
29462328	Nasopharyngeal surface of soft palate	
1801557716	Iliolumbar ligament	XA4356
579816513	Supraspinatus muscle	XA74P3
1196847617	Short head of the biceps brachii muscle	XA3J17
720668234	Extrinsic larynx	
1045602928	Ventricular fold of larynx	
381865791	Teres minor muscle	XA3CP1
641037459	Vocal cord	XA3299
267501164	Pharyngeal fornix	
1576643955	Pharyngeal recess	XA7W35
457837468	Adenoid	XA5AS8
823988307	Aryepiglottic fold	XA9907
932007904	nasal arch vein	XA3HQ4
1795155953	Arytenoid cartilage	XA0AF3
1584503365	Cricoid cartilage	XA7S05
1412779183	Dorsal interossei of the hand muscle	XA2QW3
1833820655	Palmar interossei of the hand muscle	XA5055
32483589	Epiglottis	XA9ZY9
68180054	Posterior margin of nasal septum	
645414567	Subparotid lymph node	XA1Q47
1807410255	Intrinsic larynx	
2123560905	Posterior auricular lymph node	XA91C5
690828214	Deep parotid lymph node	XA07P4
457951625	Preauricular lymph node	XA56J5
1921980626	Ligament of the hip	XA1A66
391521938	Ligament of the knee	XA8P38
454102316	Thyroid cartilage	XA2716
1921942507	Sublingual lymph node	XA8027
1629356493	Cuneiform cartilage	XA7SZ3
810464256	Subclavian lymphatic trunk	XA9CD6
1270979280	Superior deep cervical lymph node	XA6AC0
732554109	Pulmonary lymph node	XA9QW9
320703950	Superior tracheobronchial lymph node	XA2JX0
1291230721	Superficial parotid lymph node	XA85E1
12324184	Pectoral lymph node	XA63L4
1995599360	Deep cervical lymph node	XA9PW0
136902439	Deep facial lymph node	XA2S79
716639514	Tracheal lymph node	XA3194
969187352	Subscapular lymph node	XA9R12
82298010	Bronchopulmonary lymph node	XA96Z0
1701131032	Lateral axillary lymph node	XA6NK2
1918747766	Common iliac lymph node	XA1MS6
1014360059	Suprarenal lymph node	XA7DX9
147588291	Posterior mediastinal visceral lymph node	XA7571
1110280623	Epitrochlear lymph node	XA5183
22446967	Buccinator lymph node	XA1SG7
1670051326	Sternocostal joint	XA83N6
377415607	Mandibular lymph node	XA8DW7
228385306	Jugulodigastric lymph node	XA6HG6
1448239612	Costovertebral joint	XA0892
1226481421	Interarticular sternocostal ligament	XA70A1
1641679168	Inferior deep cervical lymph node	XA3S48
1558838800	Superficial cervical lymph node	XA7N00
905966573	Retroaortic lymph node	XA0TK3
2121663533	Preaortic lymph node	XA4WV3
535060483	Anterior mediastinal visceral lymph node	XA5HA3
1533497284	Costotransverse ligament	XA5G44
751018317	Ligament of the neck of the rib	XA6ZD7
1260742966	Internal iliac lymph node	XA0TJ6
11312886	External iliac lymph node	XA8M66
2006183675	Jugulo-omohyoid lymph node	XA5A75
1192143213	Lateral aortic lymph node	XA6KK3
200943471	Tragus of pinna	XA2N71
483541935	Concha of pinna	XA8W55
898601745	Parametrial lymph node	XA3QA5
847415855	Intertragic notch of pinna	XA5VK5
1595445314	Optic disc	XA4A75
1967461412	Uterine paracervical lymph node	XA5M72
1724482772	Nail	XA6Q52
1717583106	Macula lutea	XA9V06
27452209	Subinguinal lymph node	XA4RT0
921333339	Ciliary body	XA03X9
1289529914	Superficial inguinal lymph node	XA1114
566364827	Iris	XA3GW7
635122949	Lateral sacral lymph node	XA1EN9
1393264173	Nail matrix	XA4KT3
865887306	Triangular fossa of pinna	XA3RC6
503033770	Femoral lymph node	XA5130
2103679387	Choroid	XA96A7
361728485	Limbus of cornea	XA1DA5
525596533	Suspensory ligament of lens	XA6U53
1973684090	Anterior tibial lymph node	XA3X71
1822964169	Eccrine sweat coil	XA5VA9
2041804561	Acrosyringium	XA6PJ1
1607743974	Median sacral lymph node	XA86R4
1081331887	Earlobe	XA0TW7
913769980	Perionychium	XA5US0
696331958	Helix of pinna	XA6B58
631959279	Antitragus of pinna	XA7RR9
615776394	Antihelix	XA7V14
1800737598	Aqueous humour	XA3518
539100188	Peripheral retina	XA4YS8
1465627759	Retroauricular sulcus	XA4DV9
844452979	Upper eyelid	XA9K79
271474090	Palpebral conjunctiva	XA3X70
1468820019	Lower eyelid	XA0JV9
1861535603	Medial canthus	XA2GQ3
1543140348	Beard hair	XA9N28
276005948	Scalp hair	XA5Y68
688597372	Eyebrow hairs	XA78D2
1974123132	Body hair	XA1WH2
373476792	Eccrine sweat duct	XA7P52
2046656918	Left upper lobe bronchus	XA6F58
1042501052	Eyelashes	XA1RK2
1288836924	Pubic hair	XA12U4
1847793967	Posterior surface of pinna	XA3S47
2044502963	Lateral canthus	XA0403
598495035	Left lower lobe bronchus	XA2XH5
2114981322	Hilum of left lung	XA6VA2
971182104	Hilum of right lung	XA29Y4
764682130	Right upper lobe bronchus	XA8Z30
1576225933	Right middle lobe bronchus	XA1QM3
1467935713	Right lower lobe bronchus	XA41Z3
1057076963	Hair bulb	XA2MW3
892051967	Apocrine sweat gland	XA7487
1357909066	Sebaceous gland	XA6666
1259901123	Choana	
1703597341	Laryngeal commissure	
1917671384	Central axillary lymph node	XA8HY4
395602328	Subclavicular axillary lymph node	XA1N88
787268824	Intermediate lymph node	XA2UJ4
942203192	Left main bronchus	XA5FV2
1105672452	Hair shaft	XA6DT2
841725132	Right main bronchus	XA3L52
1441195961	Hilum of lung	
1837026391	Efferent arteriole of the interlobular artery	XA2AT1
1200701439	Interlobar artery	XA6WT9
893767926	Ceruminal gland	XA5K66
1693767745	Afferent arteriole of the interlobular artery	XA9PU5
857222326	Pulmonary vasculature	XA4646
1492119116	Bronchus	XA61M6
1517197905	External auditory meatus	XA5GS5
805568052	Pleura	XA5TT2
1943846017	Interlobular artery	XA2S57
1013784154	Lower lobe of lung	XA7L34
2081481761	Lung parenchyma	XA8Z62
277246160	Upper lobe, bronchus	XA37W0
1830316639	Lateral cervical lymph node	XA1W79
1261828760	Inferior cervical lymph node	XA4R20
1852527073	Pulmonary trunk	XA3713
38690952	Anterior jugular node	XA6YX2
1864033215	Lower lobe, bronchus	XA8JM5
885167314	Middle lobe, bronchus	XA1K94
1544897881	Inferior tracheobronchial lymph node	XA1PA1
922044675	Middle lobe of lung	XA1N36
860600854	Conjunctival fornices	XA6EZ4
693563626	Bulbar conjunctiva	XA6V06
228429126	Shower	XE31Q
1493361369	Propranolol	XM3HA9
1366541796	Alprenolol	XM2YK6
727026669	Timolol	XM1KQ9
1634299014	Sotalol	XM5BT4
25620173	Nadolol	XM69F3
1983574845	Upper lobe of lung	XA9HN5
1422465154	Oxprenolol	XM0M15
508710809	Tertatolol	XM6489
722977549	Carteolol	XM1AJ9
1430298948	Mepindolol	XM89L8
72825251	Bupranolol	XM9RX1
1360580588	Bopindolol	XM79L8
1041010133	Pindolol	XM2SH3
737295261	Practolol	XM9VG1
1094168266	Penbutolol	XM17Y6
455354503	Bevantolol	XM0HY3
465686551	Esmolol	XM4AB1
1564008640	Dimethylaminopropionylphenothiazine	XM4VE1
1617831896	Acebutolol	XM0V36
353641220	Epanolol	XM1T80
983065554	Nebivolol	XM0995
249208527	Betaxolol	XM7U87
1345780875	S-atenolol	XM7115
1063319122	Cloranolol	XM2M62
1055487301	Celiprolol	XM54E1
932610023	Nicofetamide	XM5LN3
501394103	Tiropramide	XM36J3
563766369	Bisoprolol	XM8QC9
1258238159	Landiolol	XM44F9
283948676	Talinolol	XM3156
343431301	Metoprolol	XM8L21
1590316402	Atenolol	XM0M62
1191453569	Prifinium bromide	XM6X69
1753050156	Benzilone	XM7XV6
407404604	Tiemonium iodide	XM2LU4
494710722	Timepidium bromide	XM51J2
846129767	Tridihexethyl	XM4LY7
2045955317	Camylofin	XM5RM7
1206988026	Butylscopolamine	XM0QS6
681481000	Scopolamine	XM1MW1
1114784927	Methylatropine	XM4P67
936393477	(2-benzhydryloxyethyl)diethyl-methylammonium iodide	XM2WF7
226135050	Moxaverine	XM1V30
682042915	Fentonium	XM08K5
744014378	Drotaverine	XM13K8
39664442	Homatropine methylbromide	XM1642
1034723090	Papaverine	XM8X70
1668892753	Mepenzolate	XM7W33
767669974	Poldine	XM7EV5
1837496748	Methylscopolamine	XM3068
500899764	Trimebutine	XM0EL4
840243076	Oxyphencyclimine	XM5D56
750598842	Cimetropium bromide	XM0PN2
692432698	Mebeverine	XM90R8
1986135689	Hyoscyamine	XM11J9
1911087552	Benzatropine	XM8ZR2
1405374789	Etybenzatropine	XM2789
945031826	Propantheline	XM05C6
585076278	Piperidolate	XM24K8
404373303	Fenpiverinium	XM0D83
1740577117	Otilonium bromide	XM8YF7
965686924	Isopropamide	XM6XN4
356949001	Atropine	XM7Y01
846676382	Hexocyclium	XM1WN2
702685004	Methantheline	XM5WL4
957417774	Oxyphenonium	XM1LM4
852554220	Dicycloverine	XM0CE0
496588626	Rociverine	XM7GS6
938312196	Profenamine	XM8VR6
1013404903	Dihexyverine	XM4SN3
400050752	Pipenzolate	XM6FV2
1877876890	Bevonium	XM63B0
1107933562	Difemerine	XM2043
1182362858	Diethazine	XM0HT8
937745938	Trihexyphenidyl	XM9W98
618401729	Tropatepine	XM4YL9
322394532	Bornaprine	XM8T72
1471799530	Carboquone	XM8A50
695004628	Dexetimide	XM1H88
774736509	Thiotepa	XM8QS9
1015191202	Procyclidine	XM9AG2
1291111302	Orphenadrine	XM7U62
1227712086	Mazaticol	XM3FW6
527207189	Biperiden	XM65C9
683135434	Metixene	XM4RV4
2110600636	Busulfan	XM7WX6
1666822916	Etanautine	XM8UB6
32192500	Mannosulfan	XM4TU0
1704514774	Treosulfan	XM9CR4
1759734111	Phenglutarimide	XM64K1
174681727	Semustine	XM0VS7
799290301	Triaziquone	XM2RU1
1617885350	Streptozocin	XM5GB0
156268934	Carmustine	XM82H4
67885809	Lomustine	XM2G49
1845687770	Nimustine	XM1KF0
553141183	Uramustine	XM9KU3
1093762555	Ranimustine	XM64P5
1441861439	Gemcitabine	XM8GX9
856722709	Trifluridine, combinations	XM0YN9
1799727275	Fotemustine	XM5RH5
630610978	Decitabine	XM1458
1570125321	Cytarabine	XM3ZN1
1539110164	Tegafur	XM10L4
1169598885	Carmofur	XM6CQ5
266504564	Capecitabine	XM40Y4
1342806719	Fludarabine	XM9RH9
796081394	Fluorouracil	XM55V5
1618736231	Azacitidine	XM92X1
148636089	Cyclophosphamide	XM7SY9
2139478639	Nelarabine	XM6079
1022365058	Chlormethine	XM9W18
171699107	Melphalan	XM2VC7
1664244897	Chlorambucil	XM5TX7
1876389944	Ifosfamide	XM7FY4
355157302	Clofarabine	XM2YA3
2055032815	Cladribine	XM1055
1860635978	Prednimustine	XM4NR8
2125704030	Trofosfamide	XM4EP0
1599481615	Tioguanine	XM3FP5
1068280199	Mercaptopurine	XM1SK9
995551721	Melphalan flufenamide	XM0DA1
1154082939	Bendamustine	XM45K9
169483508	Pemetrexed	XM16W8
871249250	Methotrexate	XM7KT0
1953821039	Raltitrexed	XM5NF9
2029591110	Cisplatin	XM05M0
544131490	Pralatrexate	XM06R0
2004046812	Polyplatillen	XM0FB2
1282893810	Carboplatin	XM6Z30
761320855	Satraplatin	XM86Z5
966829907	Paclitaxel	XM5TC8
1672683806	Docetaxel	XM5U86
292011828	Hexalen	XM0JA8
271967638	Epirubicin	XM6LT8
1737908	Vinblastine	XM0BG8
1863239307	Etoposide	XM9VL7
118751431	Oxaliplatin	XM2LX1
1793004005	Teniposide	XM4565
1237840976	Paclitaxel poliglumex	XM9NR6
1622442923	Vinflunine	XM9QY3
332689923	Vintafolide	XM9DS3
1580277330	Mitoxantrone	XM26H0
1597844737	Aclarubicin	XM1VB7
1282582031	Daunorubicin	XM0031
992833942	Vindesine	XM59U2
920263328	Doxorubicin	XM7JU8
216345543	Cabazitaxel	XM50E3
2062577859	Idarubicin	XM3PF9
372041603	Amrubicin	XM3J03
999969687	Retifanlimab	XM2KA7
823653627	Oportuzumab monatox	XM0AN7
1525480047	Vinorelbine	XM1Y07
1279222224	Valrubicin	XM9CA4
1367590920	Tislelizumab	XM3Q80
808021816	Vincristine	XM82R6
1877687835	Zorubicin	XM9R95
1032667881	Bisacodyl	XM14G1
1832526120	Phenolphthalein	XM30Q0
865257676	Polygeline	XM99H6
878208435	Trastuzumab duocarmazine	XM9KZ5
1923926164	Senna glycosides	XM9LC4
1329632950	Amivantamab	XM0550
922805637	Castor oil	XM7G77
323156000	Gelatin (intravenous)	XM4NU0
1012413139	Pixantrone	XM8ZP9
144950387	Sodium picosulfate	XM8YN7
120786447	Cascara	XM8N88
2116218379	Linseed	XM3VP9
794581241	Methylcellulose	XM5DN2
505976018	Sterculia	XM9JR8
678687905	Bisoxatin	XM00W5
1413420362	Dantron	XM86Q2
1608045969	Pirarubicin	XM4AY9
2049443193	Magnesium oxide	XM7G33
457859909	Sotorasib	XM78S9
521873662	Triticum (wheat fibre)	XM4SJ2
1049865742	Liquid paraffin	XM8UE2
2118893592	Docusate sodium	XM59Z2
1652795830	Oxyphenisatine	XM5E72
1157081315	Ispaghula	XM3JB5
900358853	Sacituzumab govitecan	XM5Q93
1133078141	Dimetindene	XM74S1
1957644647	Magnesium sulfate	XM6EC7
1635108193	Polycarbophil calcium	XM5BR4
131528351	Lactulose	XM7W31
2781496	Ethulose	XM0LV6
298304553	Tazemetostat	XM4WB3
836456069	Belzutifan	XM7SW9
1455123019	Brompheniramine	XM5PK9
1961689479	Sodium sulfate	XM6AX9
630787199	Dexchlorpheniramine	XM6CF9
1683521693	Magnesium peroxide	XM3CD3
1389702308	Macrogol	XM6FQ8
1856651101	Sorbitol	XM9YJ1
319615597	Phenprobamate	XM8DV7
1258360881	Lactitol	XM4RE1
53524845	Promethazine	XM0605
1774747244	Pheniramine	XM4UU4
286430846	Pentaerithrityl	XM7RN6
1432462279	Mequitazine	XM5EB9
480661721	Thiethylperazine	XM9QY1
1017770067	Carisoprodol	XM2DC7
2103085430	Methapyrilene	XM7TD1
1392479050	Thonzylamine	XM6NM2
1887682140	Talastine	XM4AA0
1594489915	Alimemazine	XM1N75
484966179	Febarbamate	XM2339
1971006428	Thiazinam	XM29Q8
1232063263	Chlorpheniramine	XM9VG3
1825152211	Pyrilamine	XM54R1
998661131	Chloropyramine	XM9CM1
699580043	Methocarbamol	XM7AC3
1055667337	Pamiparib	XM0PX7
1714368945	Bromazine	XM1TL5
638268953	Styramate	XM3KM3
1594883726	Hydroxyethylpromethazine	XM5QG6
2055661849	Methdilazine	XM5E89
615974351	Isothipendyl	XM4Z91
1741521535	Tripelennamine	XM0N55
899768789	Histapyrrodine	XM4NS9
782045907	Dexbrompheniramine	XM1107
1077454335	Oxomemazine	XM5DB5
369764940	Diphenhydramine	XM6KY0
1634738904	Clemastine	XM3DL4
1475350395	Altizide	XM5FV5
845982371	Diethylcarbamazine	XM1VF1
481655551	Metaxalone	XM5PZ1
795389329	Levocetirizine	XM5AC9
328280789	Zoxazolamine	XM7ZQ9
1449944324	Chlorzoxazone	XM7Q44
1747511743	Furosemide	XM8UE3
58801592	Bumetanide	XM6MV2
399978677	Piperazine	XM07V7
1740891377	Bendroflumethiazide	XM64R7
314482914	Torasemide	XM4DR4
140565382	Piretanide	XM9ML2
314587603	Rotoxamine	XM3FN3
1030095755	Chlormezanone	XM8MD5
1062256699	Cetirizine	XM0QD9
480291136	Polythiazide	XM7NZ7
756742922	Teclothiazide	XM26G2
431203038	Meclozine	XM1A78
2126391508	Quinethazone	XM3WN8
508232137	Chlorphenoxamine	XM4QD7
566321873	Chlorcyclizine	XM9SK3
1637210696	Doxylamine	XM77K6
2077418654	Diphenylpyraline	XM7GV4
971858066	Cyclizine	XM0S26
1613896696	Clofenamide	XM0EZ6
1429593986	Clopamide	XM7A66
1061841771	Xipamide	XM4U11
1377949717	Methyclothiazide	XM9T97
845802030	Hydrochlorothiazide	XM6910
1188870149	Mebutizide	XM3EW9
1568516119	Cyclopenthiazide	XM4SP9
1839971085	Disulfamide	XM71N6
1845172940	Piprinhydrinate	XM7180
1216552543	Butizide	XM83Q3
1916621497	Benzthiazide	XM7Q17
1645360031	Hydroflumethiazide	XM2671
100822794	Cyclothiazide	XM1PM4
1093965484	Chlorothiazide	XM3PJ4
1755288819	Trichlormethiazide	XM1L59
1055559749	Mefruside	XM1DG9
581137304	Penflutizide	XM1DC4
39955051	Oxatomide	XM6AV1
1435850092	Buclizine	XM8GH2
674157812	Epitizide	XM8532
608720399	Metolazone	XM7G39
877977239	Carbinoxamine	XM9KZ9
487890348	Chlortalidone	XM51L8
290427515	Meticrane	XM3GK5
1785923302	Canrenone	XM1ML2
1343552703	Indapamide	XM49L3
72670371	Fenquizone	XM6CD1
62664556	Eplerenone	XM0TH6
2139992238	Potassium canrenoate	XM0ET8
239736991	Clorexolone	XM8GT1
1355631106	Aldosterone	XM94A6
196250911	Canrenoic acid	XM6QK1
1167346748	Spironolactone	XM1JS8
198936007	Finerenone	XM8ZW7
772641923	Carindacillin	XM7J83
456384293	Pivmecillinam	XM9LR3
1539364804	Epicillin	XM31J4
2147480820	Azlocillin	XM8820
1153958358	Carbenicillin	XM3D58
1873498856	Pivampicillin	XM7CR7
85262467	Ampicillin	XM5MY7
283883211	Amoxicillin	XM7CM1
2078039406	Penamecillin	XM16L6
601694076	Pheneticillin	XM9NF6
1096946058	Metampicillin	XM1HX8
44946568	Benzylpenicillin	XM83S8
771670173	Sulfathiazole	XM3G53
568760781	Sultamicillin	XM0RU1
886347259	Piperacillin	XM3MP9
1087514524	Clometocillin	XM5N44
30626191	Phenoxymethylpenicillin	XM9B11
1883667554	Aspoxicillin	XM70P4
1257779334	Azidocillin	XM4EZ4
1887787328	Ampicillin and beta-lactamase inhibitor	XM3DN8
245785443	Temocillin	XM1QC3
2092498473	Mezlocillin	XM1Z93
620491997	Dicloxacillin	XM5SF7
2043591189	Sulfadiazine and trimethoprim	XM18A9
836811269	Nafcillin	XM8HL9
1572065733	Sulfadiazine and tetroxoprim	XM1UR3
2009531541	Sulfadimidine and trimethoprim	XM4WW1
2076495929	Trimethoprim	XM7NY9
127948682	Sulfametrole and trimethoprim	XM87N2
768901848	Sulfamoxole and trimethoprim	XM4008
848155065	Sulfisoxazole	XM9TQ5
399408869	Sulfamethizole	XM0XY9
175177555	Sulbenicillin	XM3S35
2116339950	Ticarcillin	XM4D90
350313913	Talampicillin	XM3Z13
556753728	Trimethoprim with sulfamethoxazole	XM22Y8
1682617562	Mecillinam	XM5562
460429253	Hetacillin	XM9HP3
581087391	Sulfanilamide	XM72K1
136344556	Procaine benzylpenicillin	XM4HD6
714530573	Piperacillin and beta-lactamase inhibitor	XM0LH3
2082426457	Methicillin	XM0PP7
46021171	Sulfadiazine	XM12D1
1916572096	Sulfadimethoxine	XM3ER6
412159564	Sulfamerazine and trimethoprim	XM3Y04
257351229	Doripenem	XM27D0
1610667236	Imipenem and cilastatin	XM12K6
499985175	Sulphamethoxazole	XM1AM5
577637089	Sulfalene	XM8LL9
1525779474	Amoxicillin and beta-lactamase inhibitor	XM7UP4
2134576871	Pefloxacin	XM1Z91
14813789	Ticarcillin and beta-lactamase inhibitor	XM1FZ0
1219207094	Sulfamerazine	XM7R74
325068108	Panipenem	XM02N8
622988141	Biapenem	XM1Q21
928777943	Sulfamoxole	XM43U3
1430607984	Ertapenem	XM50J4
1022125470	Sulfametomidine	XM95D0
1760910842	Sulfamethoxypyridazine	XM7XJ2
162122282	Benzathine benzylpenicillin	XM4E82
190772963	Oxacillin	XM2UY3
1594431890	Benzathine phenoxymethylpenicillin	XM6MK0
1312711052	Flucloxacillin	XM6AV2
1233001048	Sulfamazone	XM0ZN8
1141978651	Sulfapyridine	XM72R1
1460942060	Sulfaperin	XM92E0
1976951790	Cloxacillin	XM6L30
1078728762	Propicillin	XM5MN2
1582696641	Sulfaphenazole	XM1G41
2133953826	Meropenem	XM82S6
552339	Enoxacin	XM7SH9
1791883462	Ciprofloxacin	XM77G2
772199491	Temafloxacin	XM98Z1
143799047	Delafloxacin	XM9CC7
225093255	Garenoxacin	XM1QZ5
1436705612	Fleroxacin	XM2GR2
656307159	Pazufloxacin	XM3Z59
1536758496	Levofloxacin	XM7KX7
1819072452	Cefsulodin	XM9732
1232315137	Faropenem	XM1N97
1270964941	Betamipron	XM5261
1947554318	Lomefloxacin	XM3JX8
1911408526	Grepafloxacin	XM6RS6
25859219	Trovafloxacin	XM6YH9
585557591	Tosufloxacin	XM3S71
738083267	Moxifloxacin	XM8147
904548727	Norfloxacin	XM85E7
1859952204	Gemifloxacin	XM5HN4
1583449952	Sparfloxacin	XM6MR3
457398487	Rufloxacin	XM7BN7
2039636364	Ceftazidime	XM94G4
593764183	Ceftriaxone	XM3P83
1502538534	Cefotaxime	XM7CZ4
1704036552	Ofloxacin	XM8072
1212709134	Sitafloxacin	XM5MK4
1811021796	Cefditoren	XM2SP6
1549745224	Ceftizoxime	XM1064
1958782498	Cefoperazone and beta-lactamase inhibitor	XM4UZ8
23027901	Cefdinir	XM2141
168699618	Aztreonam	XM3DB8
1711573056	Cefpiramide	XM9YD6
531814476	Cefixime	XM4Q77
1977124817	Melevodopa	XM1JZ7
1354616304	Cefozopran	XM1BL5
1467556044	Gatifloxacin	XM17A4
2098066842	Prulifloxacin	XM3NU2
631973086	Cefetamet	XM8YC6
1943239834	Latamoxef	XM0B94
2140773059	Levodopa and decarboxylase inhibitor	XM7ZB9
1099246262	Cefcapene	XM0H82
860585585	Cefoperazone	XM5425
1846110820	Cefpodoxime	XM85Q0
551198445	Cefepime	XM1HW5
462859513	Cefotaxime and beta-lactamase inhibitor	XM9RH3
2059999394	Cefpirome	XM0MR4
7209892	Levodopa, Decarboxylase inhibitor and COMT inhibitor	XM3PK3
172781060	Cefmenoxime	XM6FL0
352122042	Melevodopa and Decarboxylase inhibitor	XM0D22
1149091638	Ceftibuten	XM2D98
179194813	Ceftriaxone and beta-lactamase inhibitor	XM19K3
1081117033	Cefminox	XM27Z3
914626882	Cefalexin	XM9Z22
1706920613	Cefaloridine	XM7GR3
1874067590	Loracarbef	XM6KH0
1188346092	Flomoxef	XM83K2
183230066	Cefazolin	XM0BY6
1439463361	Cefadroxil	XM11S1
510540153	Cefprozil	XM4CP3
874179625	Cefodizime	XM12J5
325029473	Etilevodopa and Decarboxylase inhibitor	XM6R13
818944007	Levodopa	XM2WU7
944726237	Ceforanide	XM3QK7
423602977	Cefotiam	XM3V37
836925865	Ceftazidime and beta-lactamase inhibitor	XM8EN5
1072437768	Cefazedone	XM1EQ8
916105503	Cefuroxime	XM7VY3
1172510439	Cefamandole	XM8839
362746489	Carumonam	XM9FE9
1909119779	Cefmetazole	XM8S59
305902989	Cefoxitin	XM26N9
1384838540	Cefotetan	XM5QJ0
279765160	Cefbuperazone	XM14Q0
1077068169	Cefaclor	XM1ZJ9
1005993034	Cefonicid	XM3M14
930250407	Pergolide	XM1GL7
1186968292	Cefradine	XM8X72
1016305819	Bromocriptine	XM5QR9
1633629690	Hib, combinations with toxoids vaccines	XM7F70
1069926168	Palivizumab	XM45N8
2097049764	Apomorphine	XM5PE4
326552719	Safinamide	XM8H59
1020383355	Selegiline	XM8FH5
956439007	Rasagiline	XM6XW7
259579396	Diphtheria immunoglobulin	XM4YT6
169710394	Raxibacumab	XM0U74
1046342921	Anti-D (rh) immunoglobulin	XM4361
2054864935	Bezlotoxumab	XM6GD5
1023052895	Ropinirole	XM9D35
722000029	Hib, purified antigen conjugated vaccines	XM6RG9
246320977	Hib, combinations with pertussis and toxoids vaccines	XM81F7
1767438398	Ceftezole	XM2L78
1403815558	Rotigotine	XM7B98
977097368	Rubella immunoglobulin	XM3ZS8
1247412619	Cytomegalovirus immunoglobulin	XM7NM9
1990320720	Streptomycin derivative	XM32G0
639253048	Vaccinia immunoglobulin	XM8Q08
378427663	Pramipexole	XM5YJ4
733108064	Streptoduocin	XM7N64
1463438494	Mesulergine	XM50V4
2056031599	Cefacetrile	XM7DR9
1456642852	Cefroxadine	XM75P2
1708540251	Hepatitis A immunoglobulin	XM7LD1
809803445	Immunoglobulins, normal human, intravenous	XM26U5
1095732472	Hepatitis B immunoglobulin	XM6JK2
1734710686	Tetanus toxoid, combinations with diphtheria toxoid vaccines	XM1G86
1253919615	Sotrovimab	
1436712068	Tetanus, diphtheria, acellular pertussis vaccines	XM31Q8
511681494	Typhoid, oral, live attenuated vaccines	XM33K4
1046686076	Typhoid, purified polysaccharide antigen vaccines	XM3SF6
1687508903	Typhoid, inactivated, whole cell vaccines	XM89G3
1950645026	Hib, combinations with meningococcus C, conjugated vaccines	XM0X86
808012275	Tixagevimab	XM78P5
543770220	Anthrax immunoglobulin	XM8Y60
450212725	Rabies immunoglobulin	XM5R25
1343100279	Obiltoxaximab	XM54X9
2061965471	Motavizumab	XM0QB1
1975644492	Immunoglobulins, normal human, extravascular	XM3H32
1867150824	Tetanus immunoglobulin	XM8824
2115949315	Encephalitis, Japanese, inactivated, whole virus	XM0LB5
732930532	Hepatitis A, inactivated, whole virus	XM2A12
435039956	Plague, inactivated, whole cell vaccines	XM3796
324708399	Diphtheria vaccines combination	XM8YP9
1008358017	Diphtheria toxoid vaccines	XM86V7
1175805538	Diphtheria vaccines combination without pertussis	XM39K8
228589771	Diphtheria vaccines combination including pertussis	XM46V1
1955820655	Encephalitis, tick borne, inactivated, whole virus	XM8MP6
701343271	Typhoid-paratyphoid vaccines	XM9UB1
445318405	Anthrax antigen vaccines	XM2C05
325290432	Tetanus toxoid, combinations with tetanus immunoglobulin vaccines	XM9AK2
1890639347	Combinations hepatitis vaccines	XM03Y7
918468355	Tetanus toxoid vaccines	XM29H5
793282805	Tetanus and diphtheria vaccines	XM32Q5
1859125126	Cholera, inactivated, whole cell vaccines	XM3Z26
1843933938	Hepatitis B, purified antigen	XM9V38
1380651782	Typhus (exanthematicus) vaccines	XM3JJ2
1147064900	Cholera, live attenuated vaccines	XM72A0
548455280	Encephalitis, Japanese, live attenuated	XM47S0
1539380959	Vaccines rickettsial with bacterial component	XM4F19
1223284044	Rocky Mountain spotted fever vaccines	XM0E84
1322480936	Cholera, combinations with typhoid vaccine, inactivated, whole cell vaccines	XM1FT6
1726548498	Dihydroergocryptine mesylate	XM5DT8
1613681883	Staphylococcus immunoglobulin	XM1V63
1336054795	Encephalitis, tick borne immunoglobulin	XM5NX5
363926086	Measles immunoglobulin	XM1GU6
113781997	Piribedil	XM2QX7
1789127753	Cefatrizine	XM8UF3
2136824321	Cefapirin	XM6DE1
1203345122	Meningococcal polyvalent purified polysaccharides antigen vaccines	XM5LC2
983887519	Cilgavimab	XM1CT9
273254342	Varicella zoster immunoglobulin	XM7X82
1880106530	Mumps immunoglobulin	XM8Z30
1599134862	Pertussis immunoglobulin	XM3FU2
1397512280	Meningococcus A, purified polysaccharides antigen conjugated vaccines	XM2280
1625813008	Meningococcus C, purified polysaccharides antigen conjugated vaccines	XM18Y8
1519204432	Meningococcal monovalent purified polysaccharides antigen vaccines	XM92B2
138999348	Pertussis, inactivated, whole cell vaccines	XM45L8
2009034581	Meningococcus B, multicomponent vaccines	XM1X81
1654923661	Meningococcus B, outer membrane vesicle vaccines	XM9GJ1
1229683522	Pertussis, purified antigen, combinations with toxoids vaccines	XM4082
1740197021	Pertussis, purified antigen vaccines	XM62J1
492026092	Pertussis, inactivated, whole cell, combinations with toxoids vaccines	XM2TK2
1109334865	Meningococcus A, purified polysaccharides antigen vaccines	XM37L5
1682069738	Brucella antigen vaccines	XM7RX8
342781498	Vaccines pertussis with diphtheria	XM2CV8
172584777	Pneumococcal conjugate (13-valent) vaccines	XM9G97
428806626	LC16m8 vaccine	XM3ZY6
747689717	Pneumococcus, purified polysaccharides antigen vaccines	XM91D7
1769793056	Synagis	XM69P6
1991958378	Pneumococcus purified polysaccharides antigen and Haemophilus influenzae, conjugated vaccines	XM4R39
674054347	Pneumococcus, purified polysaccharides antigen conjugated vaccines	XM96S7
824452416	Influenza vaccines, virus like particle	XM9E16
1538819279	Poliomyelitis, trivalent, inactivated, whole virus	XM5V19
993066376	COVID-19 vaccines, live attenuated virus	XM5DF6
344093324	Influenza vaccines, live attenuated	XM5V64
382285729	Rubella, live attenuated	XM9PS9
184392178	Poliomyelitis oral, monovalent live attenuated	XM0VX8
774324818	Influenza, purified antigen	XM33X8
56549061	Zoster, live attenuated	XM1SS1
1000964652	Influenza vaccines, inactivated, split virus or surface antigen	XM8MP2
426819379	Mumps, live attenuated	XM2340
264142908	COVID-19 vaccines, non-replicating viral vector	XM9QW8
1104808441	COVID-19 vaccines, inactivated virus	XM1NL1
2146367699	Vaccine sabin oral	XM1Y59
1901715257	Influenza vaccines, inactivated, whole virus	XM8857
1108310064	Orimune	XM4KG4
373657629	Rubella, combinations with mumps, live attenuated	XM3B09
877986394	COVID-19 vaccines, replicating viral vector	XM0CX4
1084912791	Poliomyelitis oral, trivalent, live attenuated	XM0KZ1
1851996153	Poliomyelitis oral, bivalent, live attenuated	XM79H3
915928557	Diplovax	XM2KH7
2041850548	Varicella, live attenuated	XM0NS8
540916249	Pneumococcal polysaccharide 23-valent vaccines	XM2249
873941688	COVID-19 vaccines, RNA based	XM0GQ8
1368305645	COVID-19 vaccines, virus protein subunit	XM5JC5
1316179031	COVID-19 vaccines, DNA based	XM6AT1
729916172	COVID-19 vaccines, virus like particle	XM1J92
344572808	Rabies, inactivated, whole virus	XM7BE8
1696948661	Rota virus, pentavalent, live, reassorted	XM4VG1
409393697	rVSV∆G-ZEBOV-GP vaccine	XM4P37
2006409352	Ad26.ZEBOV and MVA-BN-Filo vaccine	XM4TZ2
16698370	Rota virus, live attenuated	XM4GV0
959195229	Papillomavirus (human types 6,11,16,18,31,33,45,52,58)	XM5CE9
14126832	Measles, combinations with rubella, live attenuated	XM21H2
173681028	Measles, combinations with mumps, rubella and varicella, live attenuated	XM4AJ8
1504223258	Yellow fever, live attenuated	XM3418
1292373126	Chloroquine	XM6ZE6
724695832	Hydroxychloroquine	XM9YB2
1014173101	Papillomavirus (human types 6,11,16,18)	XM1821
87842213	Measles, combinations with mumps and rubella, live attenuated	XM8TF3
1773165662	Tuberculosis, live attenuated vaccines	XM8142
1036578795	Primaquine	XM9F55
630313964	Tafenoquine	XM5EL4
1622346851	Artemisinin	XM1ED1
883504302	Artesunate	XM7Q22
1588198459	Losartan	XM7DY0
1320539033	Amodiaquine	XM3GB3
959348095	Measles, live attenuated	XM8L15
1898298603	Telmisartan	XM2P63
785297192	Valsartan	XM29M2
1857729251	Artemotil	XM37K1
860594445	Nisoldipine	XM5W45
944750497	Nimodipine	XM5TX8
79329910	Eprosartan	XM2F90
1962249424	Lidocaine spinal	XM4RU4
2092325942	Troxerutin	XM71U2
517857792	Artemether	XM7D52
2029977512	Nicardipine	XM3L32
1532062139	Olmesartan medoxomil	XM1B39
1106397350	Lidocaine regional	XM93V0
2050849439	Measles, combinations with mumps, live attenuated	XM9439
21164022	Tasosartan	XM0T42
1457361654	Papillomavirus (human types 16,18)	XM9BT4
724974248	Candesartan	XM4168
1154377651	Artenimol	XM9ND1
327002631	monoxerutin	XM7EF1
1096499496	Gallopamil	XM2WH6
1810657455	Irbesartan	XM1935
1528594430	Felodipine	XM1BZ0
6535393	Fendiline	XM5BR3
1161914218	Bepridil	XM1LR8
1472070920	Isradipine	XM1SC0
510899764	Azilsartan	XM5GC5
316576353	Verapamil	XM5GX3
1612536751	Fimasartan	XM2T51
1384786678	Nitrendipine	XM17Z8
1945821450	Nifedipine	XM3N90
1350730614	Rutoside	XM5734
333469421	Diosmin	XM6UE1
1829980060	hidrosmin	XM2SA0
922796503	Nilvadipine	XM6PC3
1914838622	Manidipine	XM3GA2
411861255	Barnidipine	XM84M5
855135319	Lercanidipine	XM3MV9
89852658	Lacidipine	XM2QH8
1598542364	Reserpine	XM2764
494146695	Amlodipine	XM68M5
1760285212	Cilnidipine	XM3TF3
2043884894	Guanazodine	XM6N54
129882307	Clevidipine	XM5GS7
1872714914	Pentazocine	XM9K14
1602500291	Debrisoquine	XM4L51
1417685103	Deserpidine	XM7424
206369731	Macitentan	XM21T1
1966278474	Rauwolfia alkaloids, whole root	XM39Z4
279297210	Methoserpidine	XM0ND0
1899065784	Levamlodipine	XM91L4
1242105810	Betanidine	XM8LD0
274176	Guanethidine	XM3QD6
1099698472	Ripasudil	XM9M92
2134838303	Guanoxabenz	XM4L63
2125018683	Methyldopa, levorotatory	XM54Y3
1605202989	Hydralazine	XM8D89
1891945581	Cadralazine	XM33U1
162817603	Bosentan	XM4KA3
537421968	Tolonidine	XM9SU8
1081510878	Rilmenidine	XM6AB8
790659335	Bietaserpine	XM64M5
1117718346	Benidipine	XM8EW6
1160197006	Dextromoramide	XM3246
89412695	Moxonidine	XM4NH5
1356432838	Dextropropoxyphene	XM8GB8
1948553559	Methyldopa, racemic	XM9ZV9
1235309950	Acetyldigitoxin	XM0QK0
1785157344	Pegvisomant	XM5CS4
1160179849	Endralazine	XM1KN9
398720881	Proscillaridin	XM1EG1
184562094	Guanfacine	XM5KP4
892478669	Guanoclor	XM4189
47755689	Digitoxin	XM13W9
1054133316	Lanatoside C	XM8036
1626058059	Dihydralazine	XM2FP9
93746057	Ketobemidone	XM9HP7
641214099	Riociguat	XM8BU0
1726114972	Sitaxentan	XM7WR2
791666592	Guanoxan	XM3952
360032465	Nalbuphine	XM4P05
2015037240	Acetyldigoxin	XM1640
1405577507	Levo-iso-methadone	XM9RG7
1170409497	Clonidine	XM6GV8
340124034	Digitalis leaves	XM2GT4
69192265	Bezitramide	XM5GN5
170916635	Piritramide	XM55Z5
599831315	Ambrisentan	XM8HR5
474043178	Fentanyl	XM76M8
154212350	Antitussive codeine mixture	XM05R0
2058130321	Diazoxide	XM8YG1
1280950526	Digoxin	XM8VJ6
85541392	Rescinnamine	XM9SB3
2106103992	Deslanoside	XM8XH2
1305508156	Metildigoxin	XM37V6
594313282	Butorphanol	XM1682
604266025	Gitoformate	XM2505
675912809	g-Strophanthin	XM9YU9
2120595562	Fenoterol	XM2HS2
29058023	Clenbuterol	XM3NS3
886549917	Bitolterol	XM15R7
1683571074	Reproterol	XM7MM4
193919461	Indacaterol	XM51C1
918310520	Salbutamol	XM8MA0
570043573	Olodaterol	XM1QR3
1288280530	Procaterol	XM2YD0
781226823	Broxaterol	XM05Y4
275151923	Rimiterol	XM22C3
235072373	Carbuterol	XM4ZB3
152049019	Cymarin	XM30Z9
294912705	Hexoprenaline	XM1GA5
1874372540	Tulobuterol	XM2YE0
1522492362	Tretoquinol	XM3GQ2
340121007	Clorprenaline	XM27W7
1160350334	Salmeterol	XM6B34
188138635	Etafedrine	XM4YX5
724192807	Levalbuterol	XM6EU7
68743383	Terbutaline	XM6NE3
91264813	Ethers	XM4VX3
827126347	Formoterol	XM0QJ7
1427093322	Anaesthesia endotracheal	XM0ZA2
1582902332	Psychostimulant caffeine	XM9932
1515439944	Ethyl bromide anaesthetic	XM3EA4
194783763	Divinyl ether	XM9TE3
1634224682	Xenon	XM8X62
238960883	Desflurane	XM1C44
2079589371	Barbiturate anaesthetic, intravenous	XM59B1
985891017	Alfaxalone	XM4PF7
268028311	Central nervous system depressants anaesthetic gases	XM5UK1
1251565310	Ethylene anaesthetic	XM6WF0
1050350921	Halogenated hydrocarbons	XM0TE1
169951977	Pirbuterol	XM1QR7
1078927456	Bambuterol	XM2U16
1054144623	Isoetarine	XM8ZC3
613664437	Ibuterol	XM55D7
1249683054	Chloroform anaesthetic	XM42D4
1070211613	Anaesthetic halogenated hydrocarbon derivatives	XM8V73
1602359334	Chloroform water, concentrated	XM2DK4
1702761504	Vinesthene	XM7Q24
1867776830	Ethyl chloride anaesthetic	XM2D90
1950168152	Trifluoroethyl vinyl ether	XM9NP2
1368370272	Alphadolone	XM14F2
2052017638	Anaesthetic gaseous	XM05Z8
719559452	Etomidate	XM5MB2
816096706	Buthalitone sodium	XM6LE6
545570323	Thiobarbital sodium	XM4NL3
1705402778	Thiamylal	XM66H8
568821174	Sernyl	XM5ZF4
1047189811	Ketamine	XM7C11
254723800	Thialbarbital	XM4XN0
544095352	Thiobutabarbital sodium	XM72F2
253505799	Fluroxene	XM9K99
626660234	Brevital sodium	XM9CB4
1073196855	Nitrous oxide	XM73B5
1247143040	Propanidid	XM4BS0
1869018339	Central nervous system depressants anaesthetic, intravenous	XM9SR9
300802542	Paracetaldehyde	XM0ZC2
2080078094	Methohexital	XM7JR4
955004928	Esketamine	XM2W08
1965148729	Butyl thiobarbital sodium	XM5K69
289336409	Evipal sodium	XM93E9
975766190	Thiamylal sodium	XM8UK0
804359423	Propofol	XM1903
1780476168	Thiopental sodium	XM0EL8
608867747	Sevoflurane	XM07G7
1877476989	Amylocaine, regional infiltration	XM1H49
1655741804	Hexobarbital	XM08U4
1102034829	Thiobarbiturate anaesthetic	XM1QW9
1974417575	Amylocaine, regional nerve block	XM7CH6
634708246	Amylocaine, regional topical	XM5JY6
808081246	Amylocaine, regional spinal	XM37J6
272213767	Bupivacaine infiltration	XM7WQ7
65185953	Chloroprocaine infiltration	XM8XD3
1470764466	Etidocaine nerve block	XM8RU6
1807684136	Bupivacaine nerve block	XM4216
1287856860	Nesacaine infiltration	XM6AA0
1341912614	Propoxycaine nerve block	XM2DT4
1181206362	Chloroprocaine nerve block	XM0GC2
1504929292	Bupivacaine spinal	XM46M2
1850277203	Procaine spinal	XM8KS3
1925249028	Nesacaine nerve block	XM4148
875589904	Tetracaine nerve block	XM32E4
1851214490	Prilocaine infiltration	XM9NH0
812082507	Propoxycaine infiltration	XM9BY7
1347102603	Procaine regional	XM1CG3
1169527235	Procaine nerve block	XM05Z5
1973013890	Cinchocaine topical	XM5Y10
2063348304	Propoxycaine topical	XM0BG4
329696137	Mepivacaine epidural	XM0EH7
215339693	Etidocaine infiltration	XM8013
1514697337	Stovaine spinal	XM9657
1786485235	Stovaine nerve block	XM08B5
1402564882	Chloroprocaine spinal	XM94U2
533536128	Stovaine topical	XM3MW8
805238284	Stovaine infiltration	XM79W4
366084027	Prilocaine nerve block	XM85Q7
1857204746	Piperocaine infiltration	XM7UW6
421426904	Iotroxic acid	XM5LW4
1266675658	Piperocaine topical	XM40M8
2016837111	Ioxilan	XM6VV1
1299444067	Iodixanol	XM8NA7
950945747	Iofendylate	XM1R87
668817143	Iodamide	XM6583
1841263817	Iotrolan	XM8VT7
1024762496	Iobitridol	XM79B6
1667939595	Ioxaglic acid	XM5EP5
1735137010	Iopamidol	XM8C50
1548424743	Ethyl esters of iodised fatty acids	XM6SE3
392197934	Iomeprol	XM75B4
401522045	Iohexol	XM3R65
1484052389	Sodium para-aminohippurate	XM87Y9
661023538	Propyliodone	XM1YV8
1754781314	Metrizoic acid	XM7PH4
679552757	Iopromide	XM4UK7
1385048596	Metrizamide	XM3WB6
490594118	Iotalamic acid	XM8XV8
1626948716	Tetracaine regional	XM9H96
1538619008	Piperocaine nerve block	XM8J09
595933273	Iopydol	XM1AX3
1728521267	Iopentol	XM6227
5541569	Tetracaine spinal	XM9CQ9
1217094883	Ioglicic acid	XM50U3
77428832	Iocarmic acid	XM7ZV2
229227372	Methiodal	XM9C52
484422126	Acetrizoic acid	XM50Y6
658026087	Iopanoic acid	XM2NU7
944488259	Ioxitalamic acid	XM34M9
1465908602	Iocetamic acid	XM8PW2
618588075	Chinese scorpion venom	XM12P5
777208007	Brazilian yellow scorpion venom	XM2HW7
832224298	Iobenzamic acid	XM1QH8
1998434947	Sodium iopodate	XM4ZU7
760279451	Ioglycamic acid	XM8411
422503834	Gallium (67Ga) citrate	XM8SB4
1407347526	Iodoxamic acid	XM2VE6
735937264	Diodone	XM2DC4
693027900	Asian black scorpion venom	XM0HC0
741098810	Tyropanoic acid	XM8WD0
1284860297	Australian forest scorpion venom	XM72V7
1309028165	Adipiodone	XM7QU5
1983890295	Calcium iopodate	XM6TF5
2052699446	Fattail scorpion venom	XM95A6
2054223832	Australian urodacus scorpion venom	XM10T2
1660924339	Diatrizoic acid	XM8KK9
1836258257	Sodium pertechnetate Tc99m	XM5VK7
363335583	Death stalker scorpion venom	XM0E23
11747655	Indian red scorpion venom	XM67X5
723298315	Flat rock scorpion venom	XM91Z5
1895649460	Bark scorpion venom	XM3HL0
1610605306	Common yellow scorpion venom	XM5QE7
1880424556	Gadofosveset	XM6GF6
1828065075	Mangafodipir	XM73Z5
1889682925	Gadopentetic acid	XM7CY5
1603879102	Gadobutrol	XM3VG2
1504936871	Gadoteric acid	XM4UX1
92980977	Gadoversetamide	XM3BF7
1191104492	Six eyed sand spider venom	XM6QH2
1407549748	Jumping spider venom	XM0C68
805180321	Ferric ammonium citrate	XM29E1
1062326734	False widow spider venom	XM6SD4
448503605	Gadoxetic acid	XM7W85
933848636	Brown recluse spider venom	XM2RM6
664335457	Wandering spider venom	XM8FT7
1514487708	Lesser Asian scorpion venom	XM11L8
1067356719	Transvaal thick tailed scorpion venom	XM1WF9
60818924	Gadodiamide	XM1564
589652575	Tarantula spider venom	XM8095
74780747	Yellow creeping leg scorpion venom	XM8XC7
1842288902	Widow spider venom	XM7JS2
152305647	Hobo spider venom	XM57S7
1588188647	Anthony's poison arrow frog poison	XM6K27
688878915	Mouse spider venom	XM1LF5
1519025275	Funnel web spider venom	XM3KD6
352204930	Strawberry poison dart frog poison	XM7JV0
2042107532	Wolf spider venom	XM2WM2
1978504684	Gadobenic acid	XM0XE4
701812922	Gadoteridol	XM0FN2
1983713103	Africanized honey bee venom	XM1GA3
629723318	Golden poison frog poison	XM4BD8
1381018019	Puss caterpillar venom	XM57P9
1917592335	Paper wasp venom	XM1PF5
498964902	Hornet venom	XM31U2
577809629	Brown dog tick venom	XM3J29
55763709	Yellow sac spider venom	XM3UW9
120986882	Jack jumper ant venom	XM5ZS2
413201590	Honey bee venom	XM42T0
145151870	Yellow jacket venom	XM6D92
304960474	Bumblebee venom	XM0NK4
224091261	Australian paralysis tick venom	XM51Y1
2064613931	Kokoe poison frog poison	XM9TX1
1884330551	Bull ant venom	XM4CP1
7492465	ferristene	XM84N5
179990088	Bullet ant venom	XM02L8
1753280970	American dog tick venom	XM7WR0
31815258	Black legged poison frog poison	XM2698
403129544	Cup moth caterpillar venom	XM2T44
148996381	Spinose ear tick venom	XM8YN1
1516361022	ferumoxsil	XM33C2
687672241	Deer tick venom	XM77E1
935096882	Mecoprop-P	XM0QY2
516776398	Fire ant venom	XM3UK8
2065091707	Harvester ant venom	XM1547
705070625	iron oxide, nanoparticles	XM2945
558341550	Carbendazim	XM9F10
1253779861	Ethiofencarb	XM8FU1
1538091485	Benomyl	XM2WG5
273504074	Furathiocarb	XM9HR4
1972828925	Methiocarb	XM9Y05
1481492633	MCPA-thioethyl	XM6T93
40642161	Lone star tick venom	XM5RS1
810671588	Carbofuran	XM7A68
1604347725	Butoxycarboxim	XM4DS5
529071372	Thiophanate-methyl	XM7E92
368544296	Butocarboxim	XM0ZT6
1131635886	Methomyl	XM2CU6
1241433026	Oxamyl	XM0DL6
1296258558	Thiofanox	XM3358
1795008375	Chlorobenzilate	XM7JD5
691256539	Propoxur	XM79F9
868034300	Carbaryl	XM9G20
352672360	Thiabendazole nonmedicinal	XM7ZN0
1406748842	Chlordane	XM12L2
203102601	DDT	XM9EL1
1387269550	Dinoseb acetate	XM60K0
90310995	Dicofol	XM2CK5
2014144212	Paradichlorobenzene	XM3XK2
1725861088	Aldrin	XM5Y08
1445059882	Isobenzan	XM5642
376792509	Kelevan	XM4H89
471677505	Heptachlor	XM2JS5
578871099	Endosulfan	XM5C19
890836857	Chlorfenvinphos	XM20D7
1832405171	Cadusafos	XM2JZ1
333904435	Strobane	XM4FV5
1847877431	Fuberidazole	XM0ZM1
1667518910	Toxaphene	XM91D0
1983731592	Pentachlorophenol	XM32P2
1352302567	Lindane	XM16G7
689634869	Endrin	XM6ZU9
1175370764	Mirex	XM5NU4
672831290	Chlorethoxyfos	XM3DK0
1103352412	Dimefox	XM5Q52
1167834356	Chlorpyrifos	XM3QX6
422122943	Dieldrin	XM5U23
1792755292	Chlorthiophos	XM2MP2
1616306488	Coumaphos	XM8WL8
1350627884	Diazinon	XM6AY4
2020109	Chlormephos	XM4RG9
788451981	Dimetilan	XM56E1
721831693	Dicapthon	XM26D3
537024929	Demeton	XM5F29
1329551734	Dioxathion	XM3494
466637847	Demephion	XM6L87
174050847	Leptophos	XM6A89
1347176530	Azinphos-ethyl	XM7RX0
260970865	EPN	XM5BC5
637193249	Aldicarb	XM0HS9
2143291524	Dicrotophos	XM5UL4
175541489	Dimethoate	XM58G9
1695139014	Carbophenothion	XM8AZ4
982113541	Ethion	XM7X81
46789146	Azinphos-methyl	XM7H46
237617166	Mecarbam	XM5406
291164458	Famphur	XM7818
1608286766	Chlorthion	XM5566
1564389636	Heptenophos	XM7TZ6
1806706011	Ethoprophos	XM9F71
1254608118	Dichlorvos	XM03V8
1069413115	Disulfoton	XM9SP5
1831082082	Methidathion	XM83J2
76154845	Fenthion	XM7SU5
1169358362	Fluorophosphate insecticide	XM5KA2
120403785	Isoxathion	XM5JS5
2145995374	Mephosfolan	XM9R34
878449863	Malathion insecticide	XM0G23
2088520342	Quinalphos	XM7UW2
825053576	Sulfotep	XM1E56
1436393276	Hexaethyl tetraphosphate	XM5G36
1468081670	TEPP	XM6P90
670720904	Cobbler fish venom	XM0UJ4
840153950	Stingray venom	XM7P10
820102325	Toadfish venom	XM33N5
1688813546	Parathion	XM14N6
1499577271	Rabbitfish venom	XM17D1
931628926	Soft coral venom	XM0R26
1139425043	Dogfish shark venom	XM6643
1425119264	Striped eel catfish venom	XM0784
1585200972	Striped blenny fish venom	XM83T2
2012904709	Lion's mane jellyfish venom	XM6PY9
1063200826	Omethoate	XM2D86
1140205964	Phosphamidon	XM3QY4
1443405764	Phosfolan	XM2324
1789938772	Mevinphos	XM8ZT2
1231526015	Ghost shark venom	XM3DB5
596332486	Scorpionfish venom	XM5V26
288815477	Mipafox	XM4197
1059385096	Triazophos	XM2AH6
325585069	Thionazin	XM4T49
1698130245	Thiometon	XM72Q5
381280195	Terbufos	XM2QB5
724051892	Oxydemeton-methyl	XM48D2
1484144085	Fire coral venom	XM65N5
1069619096	Tebupirimfos	XM7LH6
1009316355	Trichloronate	XM13H5
972629357	Prothoate	XM7GK7
209724029	Allethrin insecticide	XM27C9
57551717	Cyhalothrin	XM8HR7
986436521	Weeverfish venom	XM1VW1
1767608264	Bifenthrin	XM79U4
900286564	Vamidothion	XM9FN4
1873617220	Paraoxon	XM7LW0
1283126639	Stargazer fish venom	XM73V9
1427336612	Phorate	XM20V2
24285789	Naled	XM0US9
1705931960	Parathion-methyl	XM1YY0
698439900	Stonefish venom	XM8P00
60278124	Lionfish venom	XM4CL4
1237329935	Goblinfish venom	XM5FP5
1757165648	Cyphenothrin	XM3Y88
741265867	Deltamethrin	XM3BQ7
2046434418	Esfenvalerate	XM76R8
992955916	Asp viper snake venom	XM5UK6
1000217899	Mussel seafood poison	XM41B9
1909059662	Scallop seafood poison	XM3KC2
2078533460	Oyster seafood poison	XM3XQ0
2031804600	Tetramethrin	XM1MW0
1474754473	Crown of thorns starfish venom	XM3X53
1874700852	Green sea turtle seafood poison	XM1C12
1718416838	Fenpropathrin	XM1Z58
1351624133	Tralomethrin	XM2H33
1497441966	Flucythrinate	XM6H26
1826706090	Fenvalerate	XM9JZ0
358047301	Box turtle seafood poison	XM2YA1
1903050816	Clam seafood poison	XM3S96
445857674	Adder snake venom	XM9034
1400880232	Australasian black snake venom	XM3DZ2
666169541	Permethrin	XM7461
1996675002	Gaboon viper snake venom	XM2RJ2
794313090	Bush viper snake venom	XM26Z0
871102737	Coral snake venom	XM4WV8
984631300	Tefluthrin	XM5QE0
1993993124	Boomslang snake venom	XM0RN4
877167564	Mamba snake venom	XM9JL4
1851308630	Krait snake venom	XM7TD0
809365360	Prallethrin	XM4AC0
1858010391	Lancehead snake venom	XM7JF1
1042340920	Hump nosed pit viper snake venom	XM7WL0
1250159671	Desert viper snake venom	XM5A72
881080758	Mole viper snake venom	XM81Z8
183597228	Tiger snake venom	XM23U8
1995166986	Ottoman viper snake venom	XM2A66
1551562956	Palestine viper snake venom	XM88F6
441285340	Moorish viper snake venom	XM3G20
204677077	Australian brown snake venom	XM5MD7
2076878270	Hawksbill sea turtle seafood poison	XM0RH0
422072589	Australian copperhead snake venom	XM1FY9
1532984864	Rattlesnake venom	XM1504
429861953	Water mocassin snake venom	XM59V3
359108888	Taipan snake venom	XM4SM0
244840861	Aniline vapor	XM0061
1166535719	Ciguatera fish seafood poison	XM1DD9
857656509	Cobra snake venom	XM1R49
1103477371	Carpet viper snake venom	XM6HP1
2087088742	Levant viper snake venom	XM40A2
139911892	Puffer fish seafood poison	XM33K2
1161783590	p-Phenylenediamine	XM0AK0
1620655850	N-isopropyl-N'-phenyl-p-paraphenylenediamine	XM54V0
993667212	Automobile fuel vapor	XM7CM2
1270383361	Gas oil	XM4RN1
822784603	Dinitrobenzene vapor	XM54Q3
296255643	Greenland shark seafood poison	XM7N43
1489552373	Toadfish seafood poison	XM40D3
600837948	Tar fumes	XM5LE8
1937937509	Hydroquinone vapor	XM1N69
2105006697	Box jellyfish venom	XM4057
1441904483	Monocrotophos	XM27J3
2002636149	Sea nettle venom	XM8EA9
980181977	Waspfish venom	XM0U57
1770192094	Schradan	XM0TB4
1630121665	Petrolatum nonmedicinal	XM3ZG5
1698573724	Nitrotoluene vapor	XM5F24
936535741	Methamidophos	XM56W1
634379806	Scombroid fish seafood poison	XM74Y6
611604402	Propetamphos	XM6YG2
2062510931	Anthracene	XM7WM1
610557247	American copperhead snake venom	XM6CL7
502845105	Salmon	XM8Q65
116731330	Anopheles	XM7VF0
200031128	Kerosine vapor	XM3QU8
859896798	Silver polish	XM5J78
1152904441	American cockroach	XM27E1
1602249084	Nitrobenzene vapor	XM2VA4
837967530	Russell viper snake venom	XM8JD0
1468424506	Codfish	XM6BL6
1550180027	Nitroaniline vapor	XM8M07
861231558	Culex	XM0ZZ8
1911514661	Carbon monoxide from incomplete combustion of liquefied petroleum gas	XM5XY1
1457773188	Goat milk	XM4Y68
1958188371	Cheese mold type	XM3FK1
1683999199	Lubricating oil	XM4NT9
1547499572	Cow milk	XM6RB2
209226414	Aedes	XM95T4
1455776010	Bushmaster snake venom	XM2650
1843796472	Cyfluthrin	XM7YT2
1716442612	Pitch	XM16M2
2140868148	Carbon monoxide from incomplete combustion of utility natural gas	XM6708
912912145	Cypermethrin	XM1MQ5
729695142	Mineral spirits fumes	XM2E62
316242445	Horned viper snake venom	XM6LU5
719760766	Halibut	XM31E6
43182145	Cheese cheddar type	XM5GA5
223960329	Tuna	XM3QU9
1168240829	Gasoline	XM8WE9
2107227748	Trout	XM64N8
543885842	Sardine	XM8Y82
1743686094	BA.5	XN8Z4
414061669	BQ.1	XN4UD
1834670326	XBB	XN51Y
849120993	BA.1	XN3QV
743838688	Mycobacterium bouchedurhonense	XN92G
156684281	Mycobacterium abscessus subsp. bolletii	XN017
2104092229	Orthopoxvirus monkeypox Clade Ib	XN8ZK
1632098611	Orthopoxvirus monkeypox Clade IIa	XN00B
2127638663	Orthopoxvirus monkeypox Clade IIb	XN7VR
1061908143	Enterohaemorrhagic Escherichia coli	XN5NF
1660882929	Monkeypox virus Clade Ia	XN9XX
1674646094	Mycobacterium abscessus subsp. massiliense	XN5SW
1072544956	Human immunodeficiency virus type 2	XN71W
143668338	Streptococcus agalactiae	XN0KC
2053690181	Human immunodeficiency virus type 1	XN8LD
527532341	Salmonella monophasic Typhimurium 1.4.[5].12:i:-	XN2V3
1767683362	Mycobacterium abscessus subsp. abscessus	XN7V4
868285012	Mycobacterium timonense	XN1LH
1423652218	Salmonella paratyphi B	XN322
833038527	Salmonella paratyphi A	XN1K5
77655243	Salmonella paratyphi C	XN5TR
112542501	BA.2	XN53K
1845584730	Skin of finger	
1806721108	Perionychium of thumb	XA0RL8
113970990	Streptococcus zooepidemicus	XN0TY
509453814	Mycobacterium intracellulare	XN3ZQ
727839793	Skin of wrist	
1366227152	Skin of palm	
1745513710	Pad of thumb	XA5ZV0
910415755	Thumbnail	XA5PD5
1378134824	Hypothenar eminence	XA5TQ4
22853611	Perionychium of index finger	XA6YH1
1366475182	Dorsum of thumb	XA76N2
560706379	Index fingernail	XA40D9
1753730649	Pad of index finger	XA6TA9
150683262	Streptococcus dysgalactiae	XN8UN
1924561533	Mycobacterium avium	XN5LZ
1417984525	Mycobacterium chimaera	XN077
961371448	Mycobacterium marseillense	XN66U
1801193064	Thenar eminence	XA2JN4
428661782	Perionychium of middle finger	XA1FY2
1793213579	Little fingernail	XA29K9
88992170	Perionychium of little finger	XA89P0
1319776991	Perionychium of ring finger	XA7K11
403906059	Middle fingernail	XA9YZ9
499724876	Streptococcus pyogenes	XN7YG
829745490	Pad of middle finger	XA79X0
1588506495	Tip of index finger	XA41X5
792280312	Pad of ring finger	XA6C72
255556299	Ring fingernail	XA6Y59
2133454663	Pad of little finger	XA4WN3
1149410219	Tip of middle finger	XA9Y99
1562567127	Fifth metatarsal head region	XA05N7
1309621447	Tip of ring finger	XA91S7
868162094	Third metatarsal head region	XA0HX4
959626562	Second metatarsal head region	XA2P22
1231353985	Second interdigital web space of foot	XA8HC5
1142038927	Fourth interdigital web space of foot	XA2A07
1396327759	Third interdigital web space of foot	XA9LB9
440768985	Perianal skin	
1498460263	Sacrococcygeal region	XA4L23
546365233	Skin of anus	
935223898	Medial surface of heel	XA1QH8
1157054995	Skin of labium majus	
435071962	Posterior surface of heel	XA5ZE2
1020079694	Skin of hip	
730703536	Skin of Scrotum	
1369036147	Tip of little finger	XA8QW7
1471104699	Fourth metatarsal head region	XA86J0
1582079041	First interdigital web space of foot	XA81N1
546703002	Plantar surface of heel	XA2N02
1475326003	Pad of fifth toe	XA3C43
1895763573	Third toenail	XA3D73
239105128	Perionychium of third toe	XA3UC8
418399679	Lateral surface of heel	XA3R99
1677718053	Perionychium of fifth toe	XA1AV3
1218006356	Fifth toenail	XA3VM6
365259649	First metatarsal head region	XA6V29
670734973	Skin of vulva	
2025035092	Skin of penis	
2012428959	Pad of third toe	XA5JP9
1042014204	Lower lateral thoracic region	XA9MN4
1816355894	Perionychium of great toe	XA4774
1152552203	Great toenail	XA1RE3
290846749	Upper lateral thoracic region	XA9RL9
341082328	Auriculotemporal nerve	XA5DA8
1117448806	Perionychium of second toe	XA5446
907939357	Falx cerebri	XA1FV7
622361443	Lower anterior thoracic region	XA7GU3
1742170805	Fourth toenail	XA6TS5
104448957	Lingual nerve	XA5CT7
91203899	Nerve of pterygoid canal	XA9LR9
941492892	Perionychium of fourth toe	XA40R3
755319876	Pad of fourth toe	XA9316
842014627	Upper anterior thoracic region	XA8ML7
1297401753	Digastric branch of the facial nerve	XA1ZH3
1209486602	Pad of great toe	XA6VJ2
719415546	Pad of second toe	XA3626
1308798239	Buccal nerve	XA7UK9
301290649	Stylohyoid branch of the facial nerve	XA36Y9
681405051	Deep temporal nerve	XA52H1
1402661323	Second toenail	XA7GG3
1886888725	Masseteric nerve	XA5NQ5
1085519869	Falx cerebelli	XA33G9
809288740	Palatine nerve	XA7P00
1887683411	Inferior palpebral nerve	XA4E11
230204538	Sphenopalatine nerves	XA3W58
1160039950	Middle meningeal nerve	XA9G70
317741709	Superior labial nerve	XA6AE9
2086429518	Mental nerve	XA6ZD8
358284563	Infraorbital nerve	XA3G43
1337673646	Pharyngeal nerve	XA5Q86
306695675	Nasopalatine nerve	XA0S35
1046446234	Lateral pterygoid nerve	XA3114
373112079	Corpus striatum	XA64F9
553513038	Medial pterygoid nerve	XA1RH8
1372514598	Zygomaticotemporal nerve	XA9MM8
1394598536	Claustrum	XA00D6
866045666	Frontal nerve	XA7F46
1535382642	Mandibular region	XA8KA2
2122370753	Zygomaticofacial nerve	XA62X3
856076923	Choroid plexus of third ventricle	XA53A3
1061252861	Long ciliary nerves	XA3VY1
1289879868	Cerebral peduncle	XA1AA8
1171304010	Inferior alveolar nerve	XA3VT0
1020539111	Choroid plexus of lateral ventricle	XA1XM1
2085368334	Superior vermis	XA5694
1765681607	Malar region	XA0M67
1866423778	Ethmoidal nerve	XA5BP8
568439937	Supratip of nose	XA3057
342165446	Parietal Lobe	XA92Y6
725573819	Nasociliary nerve	XA5WM9
1454608614	Lacrimal nerve	XA16M4
1220842694	Temporal lobe	XA97T4
55403270	Frontal Lobe	XA2NT0
1609363462	Occipital lobe	XA89Y2
1225375386	Choroid plexus of fourth ventricle	XA1B86
9052694	Amniotic fluid	XA33K4
156594054	Chorion	XA66R5
1215114516	Penile urethral meatus	XA3Q76
1772661249	Zygomatic nerve	XA4DJ9
1901492070	Amnion	XA8XR0
1255503889	Alar rim	XA7LG9
1976884722	Preauricular region	XA0SU2
400864032	Infraorbital region	XA6TV2
1856577253	Paraurethral gland	XA3KB3
363608063	Infratip lobule of nose	XA3ZG3
185485097	Alar groove	XA5ED7
216471431	Supraorbital region	XA5WP1
42226495	Side wall of ala nasi	XA2TK5
363025167	External lip	XA3K27
694722230	Skin of temple	
1837215775	Skin of forehead	
846654057	Sill of nostril	XA9YZ7
1774888048	Inferior vermis	XA70Y8
626953897	Columella	XA4S17
1700142766	Lower lip	XA15W6
1717589539	Skin of face	
792367638	Squamocolumnar junction of cervix	
1215214268	Outer surface of prepuce	XA2BL8
9380078	Labial commissure	XA1EF8
65329876	Mucosal surface of prepuce	XA1CP6
1521195932	Inner aspect of lip	XA1BP2
1364749024	Upper lip	XA7VQ4
477289013	Cervical canal	XA7Z73
417824333	Internal os	XA3Z33
766776148	Dorsal surface of penis	XA03Y8
239913172	Uterine cavity	XA3QZ2
1090115429	Labium minus	XA0MU9
1879797299	Bartholin gland	XA27K9
622913829	Labium majus	XA59G9
786426222	Lingual frenulum	XA9YA2
846456979	Aortic septum	
64157078	Pericardiophrenic artery	XA9X98
445803026	Lateral margin of tongue	XA49C6
212132023	Dorsal surface of base of tongue	XA0HQ3
918009805	Myometrium	XA2LU5
1473360805	Clitoral hood	XA3C45
1028175750	Anterior tonsillar pillar	XA2JB0
2074122070	Posterior of tongue	XA2B11
2135163477	Cusps of aortic valve	XA2QK7
230297298	Tip of tongue	XA1WZ8
778289638	Inferior pancreaticoduodenal artery	XA6358
1485932998	Posterior tonsillar pillar	XA0X58
193216739	Pericardial cavity	XA48H9
1809854176	Left obtuse marginal artery	XA1SH6
575144383	Ileocolic artery	XA2Z43
1441591094	External iliac artery	XA53T4
420574304	Common carotid artery	XA1V84
1479385422	Internal iliac artery	XA4HL2
218506842	Middle colic artery	XA1Z62
732645847	Left anterior descending coronary artery	XA7NQ7
439239322	Right colic artery	XA6GC2
1625632108	Septal artery	XA5LW8
1494371678	Endocervix	
1470813907	Atrioventricular septum	
1719523028	Exocervix	
1948423579	Parietal pericardium	XA8RK9
1169221472	Ramus intermedius artery	XA3QP2
564122381	Parametrium	XA9HG1
2056757674	Jejunal and Ileal Arteries	
242935698	Dorsal nasal artery to the root of nose	XA56R8
1837804561	Deep circumflex iliac artery	XA9MJ1
983332756	Ventral surface of penis	XA3D56
1838952682	Cervical stump	
1746753308	Epicardium	XA37Q8
21611059	Left circumflex artery	XA9FX9
248640748	Endometrium	XA8QA8
586426679	Dorsal surface of body of tongue	XA8YB9
807921792	External carotid artery	XA9EK2
980718560	Internal carotid artery	XA78C0
1325778318	Common iliac artery	XA6PZ8
920188923	Cusps of pulmonary valve	XA1403
360268553	Nasal branches of the anterior ethmoidal artery	XA53D3
424837970	Dorsal nasal artery to the dorsum of the nose	XA0PF0
1717737386	Angular artery	XA36S6
613749818	Middle cerebral artery	XA2JH8
180739514	Anterolateral central artery	XA4WT4
1158115350	Inferior labial artery	XA2ZM0
1449414330	Anterior cerebral artery	XA1VB0
1378817238	Superior labial artery	XA4UT8
938879638	Ascending palatine artery	XA7YP8
1467654367	Cervical artery	XA9QG7
1884560655	First portion of the maxillary artery	XA49F5
1249565385	Posterior superior alveolar artery	XA3WA5
171032062	Descending palatine artery	XA55G2
1102596670	Deep temporal artery (anterior and posterior)	XA0BD0
1095510650	Posterior cerebral artery	XA7C50
267990479	Basilar artery	XA2K99
1877509054	Masseteric artery	XA49F4
1301514855	Inferior alveolar artery	XA7SV5
44386191	Anterior tympanic artery	XA9MM1
1298655777	Cricothyroid artery	XA0FT7
551439958	Tonsillar branch of the cervical artery	XA2E78
1452289790	Buccal artery	XA0LK0
1736972681	Nasal branches of the posterior ethmoidal artery	XA7561
244221910	Superficial branch of the submental artery	XA6FR0
596124880	Frontal branch of the superficial temporal artery	XA7WG0
1592833225	Deep branch of the supraorbital artery	XA8BL5
1264858288	Ascending branch of the vertebral artery	XA6TE8
1041588990	Inferior thyroid artery	XA2V10
1628035069	Cusps of mitral valve	XA3GE9
1152256263	Superficial branch of the supraorbital artery	XA6503
1548505200	Descending branch of the vertebral artery	XA3R20
1004399311	Middle meningeal artery	XA5RM1
556202367	Superior mesenteric vein	XA4DA7
1889566025	Meningeal branch of the posterior ethmoidal artery	XA7945
433948256	Middle temporal vein	XA8SD6
2106026623	Superior phrenic vein	XA27Y3
2133440464	Meningeal branches of vertebral artery	XA3NW4
559344009	Midline of tongue	XA65E9
422176296	Inferior phrenic vein	XA0EZ6
1680479049	Orbital branches of the infraorbital artery	XA05E9
744265781	Wolffian body	
1756739228	Wolffian duct	
567449913	Gastric vein	XA7CB3
1066840225	Sternocleidomastoid artery	XA77C5
1166570792	Inferior mesenteric vein	XA4EK2
395424725	Chordae tendineae of mitral valve	XA69W6
1096684400	Superficial epigastric vein	XA8WC0
1499075415	Sinoatrial nodal artery	XA7TB5
1088889763	Chordae tendineae of tricuspid valve	XA4LY3
1665943255	Gastroepiploic vein	XA2R35
1812561486	Abdominal aorta	XA5Z66
2093500960	Posterolateral artery	XA8PS0
1165759840	Middle colic vein	XA49E0
1274407871	Left colic vein	XA2WF1
1529480688	Inferior rectal vein	XA80L8
682421609	Superior hemorrhoidal vein	XA30C9
647915497	Posterior interventricular artery	XA81T7
1748582744	Deep anterior temporal vein	XA1GE4
1084662873	Accessory meningeal artery	XA8YX3
692478792	Deep posterior temporal vein	XA30B2
1586221503	Internal cerebral vein	XA6DC3
811867982	Parietal emissary vein	XA0T02
107026641	Mastoid emissary vein	XA8C81
1078000919	Superficial temporal vein	XA2NX9
1316124567	Right acute marginal artery	XA1LL7
1117078990	Perineal hemorrhoidal vein	XA34F0
912714704	Occipital emissary vein	XA4K04
1381265824	Middle rectal vein	XA6NJ4
591714000	Condyloid emissary vein	XA6BA1
1248494799	Cusps of tricuspid valve	XA19H9
1869055632	Inferior epigastric vein	XA30F2
771316064	Right colic vein	XA2UN4
795809417	Deep middle cerebral vein	XA1MX7
1964216336	Superficial middle cerebral vein	XA4WV6
2018501200	Inferior cerebral vein	XA0U80
1781674631	Middle cerebral vein	XA43H1
630834007	Superior cerebral vein	XA0E47
259404031	Superior palpebral vein	XA9T11
1072551383	Great cerebral vein	XA18W3
1572141307	Anterior meningeal vein	XA8D07
850503575	Superior cerebellar vein	XA2Z35
1784377081	Small anterior cerebral vein	XA7VW1
1094143760	Inferior cerebellar vein	XA93W0
1798102240	Middle meningeal vein	XA5600
511918520	Common facial vein	XA3LQ0
1809366184	Inferior palpebral vein	XA9K84
2031287065	Frontal diploic vein	XA6VQ5
598783640	Anterior facial vein	XA7WC0
1386222056	Inferior labial vein	XA5DP6
272551432	Posterior meningeal vein	XA73V2
1942914441	Deep facial vein	XA2681
2025554440	Lateral palpebral vein	XA0Z20
571597894	Anterior temporal diploic vein	XA6694
1890731073	Superior sagittal sinus	XA81R3
494829520	Posterior temporal diploic vein	XA5AY0
234980072	Inferior petrosal sinus	XA6ZV2
1321108887	Occipital sinus	XA2SC7
281718352	Straight sinus	XA03D2
922418681	Sigmoid sinus	XA4041
1661972967	External jugular vein	XA99S7
1503060311	Occipital diploic vein	XA2HM1
232816408	Anterior jugular vein	XA9U48
2054044369	Transverse facial vein	XA5GY9
1235465599	Internal jugular vein	XA46B9
930688936	Inferior sagittal sinus	XA9ED6
1410619423	Cavernous sinus	XA5WN3
1883644935	Sphenoparietal sinus	XA5255
1064364527	Posterior external jugular vein	XA31W7
1370852432	Cranial venous sinus	XA5UX2
1065650601	Superior labial vein	XA4AG1
676891951	Posterior facial vein	XA4NP1
670821624	Circular sinus	XA9JS4
53783768	Inferior thyroid vein	XA2KJ8
2043424785	Petrosquamous sinus	XA6UW5
427070652	Intercavernous sinus	XA3U52
1275224368	Inferior gluteal vein	XA3HW8
1738154113	Superior thyroid vein	XA9BZ3
197724887	Superior gluteal vein	XA47S7
2080684064	Middle sacral vein	XA9Z04
408835135	Superior ophthalmic vein	XA6C95
471141969	Posterior auricular vein	XA67N9
493009992	Internal pudendal vein	XA7XD2
2096158824	Inferior ophthalmic vein	XA8M04
797396420	Minor calyx	XA8XL0
1789857471	Superior petrosal sinus	XA1YP1
413807737	Sinus of the dura mater	XA6HK7
879538704	Confluence of the sinuses	XA4NJ4
144662609	Transverse sinus	XA4289
250995360	Middle thyroid vein	XA2DN0
467072433	Anterior auricular vein	XA46F3
1433522958	Arch of the aorta	XA75Z8
53850604	Neutrophils	XA8C44
1846555799	Superficial external pudendal vein	XA6NF9
662735246	Ascending aorta	XA01A6
163059336	Basophils	XA5G96
1414729397	Deep external pudendal vein	XA1ET7
906927551	Superior laryngeal vein	XA3XZ1
618487030	Calvarium	XA2BH0
1510458927	Parietal bone	XA2J87
1113176014	Descending aorta	XA5H34
1902757709	Orbital bone	XA8E69
2021445622	Occipital bone	XA5JA2
1153143443	Seventh rib	XA2WC3
548130312	Sixth rib	XA63Z2
1445725814	Ethmoid bone	XA2SR4
1802396523	Major calyx	XA6N83
1090806454	Base of the skull	XA0E94
441229592	Zygomatic bone	XA8N32
608115414	Tenth rib	XA54R4
809989035	Jaw, unspecified	XA88P5
573235775	Maxilla	XA7VK5
1071577199	Frontal bone	XA6ZM9
264902775	Ilium	XA5FT5
590613592	Vomer bone	XA14T2
162447416	Inferior laryngeal vein	XA2JH6
1038525960	Common iliac vein	XA7W40
370654153	Deep iliac circumflex vein	XA3H93
1524565461	Third rib	XA2U21
496426000	Internal iliac vein	XA3EG0
1189949976	Inferior nasal conchae	XA6UV6
642330522	Mediastinal artery	XA4XE2
892256126	Fourth rib	XA4SQ6
874277016	Lacrimal bone	XA9GZ6
1074312665	Body of sternum	XA3M45
417496247	Ischium	XA5L47
69439612	Twelfth rib	XA6W52
1291190648	Lateral sacral vein	XA4PJ8
375873857	Mandible	XA51B7
185920118	Ninth rib	XA31V8
1779639863	Pubis	XA82W3
783465914	Eleventh rib	XA3VH4
601187741	Pelvirectal junction	
1669294959	Temporal bone	XA2P19
2059636601	First rib	XA98Q1
114724775	External iliac vein	XA49T5
1867819830	Sphenoid bone	XA63R0
221037142	Eosinophils	XA0V82
707160428	Fifth rib	XA31L8
1052775946	Cranial fossa	XA0KU6
540406182	Second rib	XA7XY2
1375258212	Acetabulum	XA6Z32
1859078083	Eighth rib	XA9WQ3
855240537	Xiphoid	XA2RB7
1446920064	Clavicle	XA6384
1651751936	Scapula	XA53X6
1461768473	Manubrium	XA0K13
1971155025	Lumbar discs or space	XA54S5
224708056	Nasal bone	XA8E16
1105345528	Hamate bone	XA8488
1051218099	Shaft of other carpal bone	XA5TX9
1974450312	Capitate bone	XA06T2
123658760	Scaphoid bone	XA7480
1543467272	Trapezium bone	XA7XM2
276203208	Lunate bone	XA30C8
793228530	Cervical discs or space	XA8D30
1042698056	Pisiform bone	XA8SZ6
1906350120	Neck of other carpal bone	XA9640
1185858858	Intervertebral disc	XA2Y58
688794504	Triquetrum bone	XA4A64
889358079	Palatine bone	XA4319
1559263464	Incus	XA4D04
910611825	Radial head	XA2N25
560902577	Radial neck	XA0ZF7
51755112	Lesser tuberosity of the humerus	XA72X2
420016792	Styloid process of radius	XA3MH2
1319168025	Head of the humerus	XA4VY5
339598504	Greater tuberosity of the humerus	XA7144
1218203560	Anatomical neck of the humerus	XA0XN0
1386936447	Upper end of radius not otherwise specified	XA76U7
237016664	Shaft of radius	XA35U4
1304389078	Lateral epicondyle of the humerus	XA6EF8
1605643112	Surgical neck of the humerus	XA6FR2
930174412	Lower end of radius not otherwise specified	XA4X32
2140512088	Malleus	XA5DS8
1272454184	Stapes	XA3WA4
1456103224	Carpal tunnel	XA0GJ4
677693537	Medial epicondyle of the humerus	XA4097
288677215	Base of other carpal bone	XA22M5
1289164232	Trapezoid bone	XA9DH2
808756694	Thoracic discs or space	XA1N54
1371887320	Hyoid bone	XA5CQ0
404102385	Radial groove	XA6YE5
541642128	Coccyx	XA4V28
980227368	Shaft of the humerus	XA4RN8
335892208	Thoracic vertebra	XA6E88
226547533	Third metacarpal	XA7J93
1724679720	Condyle of the humerus	XA3RE0
2083288434	First metacarpal	XA58X4
563794423	Sacrum	XA14W3
1750825720	Second metacarpal	XA5HE0
53291568	Cervical vertebra	XA9ZW8
929081680	Lumbar vertebra	XA0D60
913003817	Fourth metacarpal	XA9KB7
1826920702	Lateral cuneiform bone	XA8462
248837648	Tibial condyle	XA5RE8
1021768261	Fifth metacarpal	XA88S1
1845130905	Tibial tuberosity	XA3DL5
1417862105	Tibial spine	XA2EN5
1135263513	Tibial shaft	XA66B3
1333886786	Navicular bone	XA84E6
1896907440	Femoral epiphysis	XA2BJ0
2077031486	Intermediate cuneiform bone	XA4046
710426882	Calcaneus	XA5LU2
1730545673	Femoral neck	XA1673
2060587609	Medial malleolus	XA1HS9
65132592	Femoral shaft	XA4AF2
1996083714	Talus	XA1LF4
1487477634	Medial cuneiform bone	XA4J74
766579120	Trochanter	XA32G0
1991910704	Cuboid bone	XA0LW4
1907436090	Posterior malleolus	XA3450
348765424	Pertrochanter	XA00N4
1715005040	Femoral condyle	XA6UG0
1879993545	Femoral head	XA96S5
2137029069	Bone of ankle	XA43L9
1636975088	Tarsal canal	XA6UL8
1090311583	Distal phalanx of the hand	XA7LS3
1598049072	Intertrochanteric crest of femur	XA9JB2
1793541745	Coronoid process of the ulna	XA0NS5
1666376405	Lower end of ulna not otherwise specified	XA0725
1948659585	Bone of thumb, not elsewhere classified	XA95Q5
1152880625	Styloid process of the ulna	XA05C5
1214787568	Subtrochanteric line of femur	XA5EL8
1856773151	Proximal phalanx of the hand	XA0HH1
1484844899	Upper end of ulna not otherwise specified	XA6SV9
1996623307	Middle phalanx of hand	XA89G7
1402989361	Olecranon process of the ulna	XA5VA1
1348651907	Bone of finger, not elsewhere classified	XA5D87
2110726833	Shaft of the ulna	XA8U33
1797349541	Fifth metatarsal bone	
59606700	Long posterior sacroiliac ligament	XA69U0
639192421	Third metatarsal bone	
741563001	First metatarsal bone	
1114035132	Parovarian region	XA9TX2
1872557723	Fourth metatarsal bone	
645103961	Lateral malleolus	XA4UL1
51746931	Mesosalpinx	XA6CV1
1647841776	Mesovarium	XA6VF6
136530137	Fibular head	XA0K77
828106137	Fibular shaft	XA5G97
1489891102	Mesometrium	XA3AN2
650050837	Second metatarsal bone	
201939823	Head of ulna	
552100116	Short posterior sacroiliac ligament	XA9HV6
609704764	Anterior sacrococcygeal ligament	XA2MA4
1453719996	Lateral sacrococcygeal ligament	XA4B16
1748499538	Glenohumeral joint	XA49P8
1470757419	Middle phalanx of toe	XA8539
1099851132	Posterior sacrococcygeal ligament	XA2U92
1026806512	Distal phalanx of the toe	XA4352
1338148976	Proximal phalanx of the toe	XA6U96
2132777106	Acromioclavicular joint	XA69U6
951955211	Interphalangeal joint of the hand	XA9291
29688395	Metacarpophalangeal joint	XA86T5
845271451	Sternoclavicular joint	XA0CH1
908311134	Carpal joint	XA3MB4
2102118863	Humeroulnar joint	XA46J3
780871086	Intermetacarpal joint	XA9DN6
233751058	Radiocarpal joint	XA0P38
599657362	Proximal radioulnar joint	XA3G42
1181169106	Distal radioulnar joint	XA78S6
1010917907	Collateral carpal ligament	XA9MY7
1503157331	Dorsal intermetacarpal ligament	XA0WZ1
812294732	Dorsal radiocarpal ligament	XA7Q52
874641444	Palmar aponeurosis	XA10U4
1132795565	Dorsal metacarpophalangeal ligament	XA2PN5
507145164	Dorsal intercarpal ligament	XA0PE4
712501428	Interosseous ligament	XA52E8
1734868251	Humeroradial joint	XA53P1
587832548	Collateral metacarpophalangeal ligament	XA0K88
152178444	Volar intercarpal ligaments	XA47N4
1566871883	Anterior sternoclavicular ligament	XA2JQ3
1320171667	Volar carpometacarpal ligament	XA1PU7
2078496140	Radioulnar ligament	XA0PY0
1932810443	Interclavicular ligament	XA84L3
1242497723	Acromioclavicular ligament	XA2H23
1420653165	Volar metacarpophalangeal ligament	XA3VN5
1937223675	Coracoclavicular ligament	XA9WP5
1437834252	Volar radiocarpal ligament	XA0492
1625354515	Volar intermetacarpal ligament	XA1LF5
380539323	Coracoacromial ligament	XA8MA3
728303315	Dorsal carpometacarpal ligament	XA20K5
1029672052	Pisohamate ligament	XA1Z72
223958372	Ulnocarpal ligament	XA3K32
303147923	Pisometacarpal ligament	XA3VJ3
603847844	Glenoidal labrum ligament	XA5Z24
886413412	Transverse humeral ligament	XA9C92
802569467	Spinoglenoid ligament	XA6EE7
2136764324	Posterior ligament of elbow	XA16Y4
444944868	Anterior ligament of the shoulder	XA01C8
658687628	Radial collateral ligament	XA9WJ8
463191941	Glenohumeral ligament	XA8H81
956192827	Suprascapular ligament	XA5MU7
25621883	Rotator cuff capsule	XA6EG3
1752435556	Ligament of Struthers	XA4S76
1706378524	Tibiofemoral joint	XA0LC4
570524753	Both large and small joints	XA3BZ3
1922900444	Patellofemoral joint	XA0VJ4
1155293432	Semilunar cartilage	XA8VV2
736494563	Proximal tibiofibular joint	XA0LG3
1359783460	Quadrate ligament	XA8B40
213113669	Coracohumeral ligament	XA5EW9
2009634259	Transverse metacarpal ligament	XA3SZ9
1679571979	Costoclavicular ligament	XA1PK9
1246557579	Posterior sternoclavicular ligament	XA3PT9
1257988861	Distal tibiofibular joint	XA2K81
1938018237	Talocrural joint	XA8MM7
1176814308	Annular ligament	XA0JJ8
1672244098	Subtalar joint	XA7SZ8
353147771	Anterior inferior ligament	XA93X1
133518913	Multiple large joints only	XA02P3
1734415162	Large joints only with cervical spine or temporomandibular involvement	XA5X22
678026157	Multiple small joints only	XA2SK7
229455140	Ulnar collateral ligament	XA9220
995906299	Anterior tibiofibular ligament	XA1259
1431684422	Anterior talofibular ligament	XA84J2
79788154	Cuneometatarsal ligament	XA2314
1628980794	Collateral ligament of the foot	XA59Z4
1558171986	Deltoid ligament	XA9YS6
1809187234	Dorsal calcaneocuboid ligament	XA42X4
557914117	Inferior transverse ligament of ankle	XA2FV7
1274525074	Calcaneofibular ligament	XA3154
1035588922	Dorsal intermetatarsal ligament	XA3TS2
730816413	Dorsal tarsometatarsal ligament	XA9E13
1414212387	Dorsal cuboideonavicular ligament	XA6Q67
1604027102	Long plantar ligament	XA6NS2
1387179234	Dorsal talonavicular ligament	XA86X4
1166460962	Interosseous talocalcaneal ligament	XA4XJ2
1982866170	Plantar aponeurosis	XA87B0
1219749406	Plantar calcaneocuboid ligament	XA4N86
1482746746	Plantar accessory ligament	XA59U6
2097046882	Bifurcated ligament	XA5EY2
2048647843	Dorsal naviculocuneiform ligament	XA8NU3
1115529606	Posterior talofibular ligament	XA93E6
1832093283	Plantar calcaneonavicular ligament	XA5KN3
1017592669	Plantar tarsometatarsal ligament	XA71L9
831657315	Plantar cuboideonavicular ligament	XA2NX5
1611960661	Intertarsal joint	XA2YS1
1313102037	Interphalangeal joint of the foot	XA04T7
1130581987	Plantar naviculocuneiform ligament	XA1747
1330155450	Transverse metatarsal ligament	XA5BX0
543159906	Talocalcaneal ligament	XA6546
1255262643	Parapharyngeal recess	XA6QY3
129818515	Transverse tarsal joint	XA9Z55
1773415949	Retropharyngeal recess	XA9P89
731735701	Metatarsophalangeal joint	XA8XU1
1822418410	Laryngeal aspect of aryepiglottic fold	XA8N50
745813563	Posterior tibiofibular ligament	XA6RA3
544809254	Posterior surface of epiglottis	XA8U54
1768384157	Anterior surface of epiglottis	XA4DV7
204636223	Cricoarytenoid articulation	XA2383
714191354	Plantar intermetatarsal ligament	XA18T4
35979195	Posterior inferior ligament	XA2D55
317049813	Intermetatarsal joint	XA6FF3
334044346	Iliotibial ligament	XA6KC6
1131509483	Iliofemoral ligament	XA1F23
97365781	Tarsometatarsal joint	XA2MY1
149600291	Intercuneiform ligament	XA16V1
1585802427	Coronary ligament	XA04S7
666281676	Iliotrochanteric ligament	XA6TZ6
1114609804	Transverse acetabular ligament	XA9J44
713263348	Anterior cruciate ligament	XA0ZC8
1415123499	Ischiocapsular ligament	XA5HX9
1816088844	Ligamentum teres femoris	XA13S4
166096716	Oblique popliteal ligament	XA87R6
2065118668	Pubofemoral ligament	XA3GE8
1034677300	Fibular collateral ligament	XA4YJ0
815710732	Patellar ligament	XA3772
1744683515	Posterior cruciate ligament	XA4635
970434236	Medial meniscus of knee joint	XA7LB6
516819852	Tibial collateral ligament	XA7LD2
464468589	Inferior mesenteric lymph node	XA8Y29
1673738902	Cricothyroid articulation	XA73G2
223992584	Lateral meniscus of knee joint	XA6HQ4
1544359414	Iliac circumflex lymph node	XA53K4
1084493555	Lower eyelid margin	XA4AX5
1702207670	Epigastric lymph node	XA9T50
1487053952	Paratracheal lymph node	XA7W32
284787702	Scaphoid fossa of pinna	XA5LW2
944220860	Sterile matrix	XA0060
1684754131	Obturator lymph node	XA9Z71
469978810	Germinal matrix	XA5LM0
1280839926	Crus of helix	XA9A86
1413633920	Antihelical fossa	XA6NU1
414885851	Ciliary muscle	XA9SH1
1318334169	Prelaryngeal lymph node	XA2RE9
583468175	Superficial subinguinal lymph node	XA30V5
210198189	Superior mesenteric lymph node	XA37Y9
1867929275	Cymba conchae	XA5KM5
782803727	Eminence of concha	XA6KW8
330979384	Eponychium	XA1ES4
1965079990	Apex of helix	XA9M10
131196726	Crura of antihelix	XA96Q7
293957735	Eminence of triangular fossa	XA8VK6
266085146	Parietal pleura	XA7RC6
1087695759	Visceral pleura	XA1B59
797110329	Superior palpebral sulcus	XA4649
1051282038	Tail of helix	XA1BZ8
378177521	Lymph node of Cloquet	XA4AU1
1637303052	Alveoli	XA5772
1210083104	Pulmonary vein	XA8FY4
1534096438	Spine of helix	XA7AB8
122494662	Deep subinguinal lymph nodes	XA6EE2
261276443	Ciliary processes	XA1S43
1986131341	Hyponychium	XA0NS1
1783364955	Pupil	XA0B15
1603188805	Lingula of lung	XA4565
1274867687	Typhus exanthematicus, inactivated, whole cell vaccines	XM2NU8
117848426	Superior conjunctival fornix	XA4H06
591397195	Tetanus toxoid or vaccines toxoid with diphtheria toxoid	XM8XH5
258757472	Vaccines TAB	XM3VD2
1823011499	Diphtheria toxoid with tetanus toxoid with pertussis component vaccines	XM9YH9
1690392775	Difluoromethyldopa	XM7RF5
862626698	Triple vaccines DPT	XM1PB8
740061513	Paratyphoid vaccines	XM95H3
1266786921	Levodopa with carbidopa	XM3MW1
473439328	COVID-19 Vaccine AstraZeneca - Vaxzevria	XM4YL8
610524886	Inferior conjunctival fornix	XA3KE6
1062639099	Meningococcus A, C, bivalent purified polysaccharides antigen vaccines	XM3T39
2100480057	Meningococcus A, C, Y, W-135, tetravalent purified polysaccharides antigen conjugated vaccines	XM2EH7
1747551969	Meningococcus A, C, Y, W-135, tetravalent purified polysaccharides antigen vaccines	XM2AR0
613966727	Convidecia	XM1AG7
1246364204	Gam-COVID-Vac (intranasal)	XM6Z24
2065017074	Gam-COVID-Vac-M	XM4PM4
556954587	Hayat-Vax	XM9FQ7
830680415	Covi-Vac	XM85P5
1678327079	Vaccines diphtheria with tetanus	XM4039
1317118398	Inavac	XM7KM9
822087029	Convidecia Air	XM4T09
837154277	Turkovac	XM86F7
1364533446	QazVac	XM97N6
1261146576	Sputnik-Light	XM5QM6
672797136	Pulmonary capillaries	XA0F36
773366928	Retropharyngeal lymph node	XA08L8
62456642	Fovea	XA2U02
1555232041	Hilar lymph node	XA5MW1
1505511961	Pretracheal lymph node	XA4LC1
1236076667	Transverse ligament of the knee	XA71L7
792766158	Conchal bowl of pinna	XA8D58
1767792877	Coeliac lymph node	XA38T7
1952374226	Eminence of scapha	XA0H47
187562291	Upper eyelid margin	XA53T1
421246269	Pertussis vaccines (with diphtheria toxoid) (with tetanus toxoid)	XM9ZL9
568579629	iNCOVACC	XM5309
1793193418	FAKHRAVAC (MIVAC)	XM0J98
467581665	Covilo	XM8866
1117129773	CoronaVac®	XM7HT3
1512918940	DelNS1-2019-nCoV-RBD-OPT1	XM5BL0
2053436968	COVIran Barekat	XM2YG8
1254045574	Inactivated SARS-CoV-2 vaccine	XM1FB4
1592899548	VLA2001	XM42N8
1838464611	COVID-19 Vaccine Janssen	XM6QV1
572804499	Covidful	XM0K39
1852173350	Convidecia Air XBB1.5.	XM2LP0
463362624	COVID-19 Vaccine Moderna - Spikevax Bivalent Original/Omicron BA.4/BA.5	XM3984
396071108	Duentai Bivalent (XBB.1.5+BQ.1)	XM2708
943624956	Gemcovac-OM	XM8FH6
793823061	KCONVAC	XM9TQ1
605305178	COVID-19 Vaccine Moderna - Spikevax XBB1.5.	XM21B8
402325180	Sputnik-V	XM37C0
1337847135	COVID-19 Vaccine Moderna - Spikevax Bivalent Original/Omicron BA.1	XM0QH5
786485609	Comirnaty KP.2	XM52Y9
1648762553	Daichirona	XM6HM3
1108925685	Comirnaty XBB.1.5.	XM7U45
582293088	Comirnaty Bivalent Original/Omicron BA.1	XM1CQ8
372993004	Comirnaty Bivalent Original/Omicron BA.4/BA.5	XM5U85
667112200	Comirnaty®	XM8NQ0
1859096290	Covaxin	XM1G90
1211296175	COVID-19 Vaccine Moderna - Spikevax	XM3DT5
761763010	KOSTAIVE	XM6FF0
381008692	Covishield®	XM97T2
1257278972	Spikevax KP.2	XM15B2
1938541649	Gemcovac-19	XM3X29
1081944720	Patria	XM3UC0
612954915	Aurora-CoV	XM3SK8
994800657	AWcorna	XM5E97
2065823128	MVC COVID-19	XM4EC8
1728083225	Covovax	XM85Q5
768190432	NUVAXOVID XBB1.5.	XM2FM2
580268230	Bimervax	XM6790
1625867342	SARS-COV-2 Bivalent	XM5YS2
1265228078	Abdala	XM8T18
1281075481	SpikoGen	XM9P21
1290654901	PastoCovac Plus	XM8BU1
1786813362	SCB-2019	XM8ME2
1343234938	EpiVacCorona	XM6SZ8
1806130328	Razi COV PARS	XM9N08
1021414824	Noora	XM7P85
1919955407	Corbevax	XM63N7
1645073717	Indovac	XM7E37
652540828	EuCorVac-19	XM85Q8
1197389653	Coviccine Trivalent (XBB.1.5+BA.5+Delta)	XM0E93
2026117489	Recombinant SARS-CoV-2 Vaccine (CHO Cell)	XM9P29
1183157065	PastoCovac	XM97Q5
229567040	Bivalent Omicron	XM8R60
1498353068	Triple vaccines MMR	
9306713	ZyCov-D	XM52P3
1165433938	SKYCovione	XM62V8
188405627	Tetravalent SCTV01E	XM8267
879449549	NUVAXOVID JN.1	XM6YA9
1358959576	SCTV01C	XM71X6
460013199	Diethyl ether	XM3J00
1351041171	Vaccine measles with mumps and rubella	
611153413	COVID-19 (RECOMBINANT)	XM7Y13
1346082996	Enflurane	XM35M6
1372367270	V-01	XM6WB0
1856188976	Vidprevtyn Beta	XM9ZB6
1855793936	Convacell	XM5TF6
553352153	Vinyl ether	XM7UB3
72022806	Covifenz	XM0BS6
1434915575	Chloroform	XM7MX5
792916811	Trichloroethylene anaesthetic gas	XM1E91
10860949	Isoflurane	XM9HY9
1614151190	Halothane	XM2FH0
251180839	Black emperor scorpion venom	XM8F59
172302617	Giant forest scorpion venom	XM52D7
17004373	Australian marbled scorpion venom	XM0YV3
2019963923	Asian giant hornet venom	XM7CC3
2095846330	Naphthol	XM1KX0
189171365	ARVAC-CG Gamma / Omicron	XM4AC5
569101365	Lindane vapor	XM07J5
1347035251	Western diamondback rattlesnake venom	XM5JD1
1486051409	Duentai	XM15E9
1105434231	Coastal taipan snake venom	XM5T51
1566756140	Red widow spider venom	XM2JA0
554796530	Black mamba snake venom	XM2SH0
2101513752	Dichlorodiphenyldichloroethylene [DDE]	XM1UT2
2068782585	Texas coralsnake venom	XM0EN5
2093844493	Jameson's mamba snake venom	XM8E53
103251070	Eastern green mamba snake venom	XM1RM0
588387449	Demephion-S	XM8KA9
754194782	Mojave rattlesnake venom	XM1RY2
1851020065	Common brown snake venom	XM2UN5
8183744	Western ranges taipan snake venom	XM7XU4
1908587157	Harlequin coralsnake venom	XM2PM7
1766193438	Demephion-O	XM4WK8
1668667440	Death adder snake venom	XM8DE0
7215274	Chinese cobra snake venom	XM45D4
2045012644	Demeton-O	XM4724
1959821603	Puff adder snake venom	XM4R63
1969390881	European adder snake venom	XM2J41
165627281	Black widow spider venom	XM7M21
1475308096	Redback spider venom	XM1TF6
1924733244	Mulga snake venom	XM9E44
1890571624	Australian black rock scorpion venom	XM48S4
1812260902	Brown widow spider venom	XM9Z42
341051750	Banded krait snake venom	XM2RD0
196377364	Inland taipan snake venom	XM7NG4
51289813	Demeton-S	XM6UD3
1691933410	Australian desert scorpion venom	XM10R0
623910526	Western green mamba snake venom	XM1GY6
2042369142	Indian krait snake venom	XM5J22
893746259	Soberana-02	XM3PG0
1473584141	Timber rattlesnake venom	XM2P01
651314267	Common lancehead snake venom	XM2267
1722020921	Eastern diamondback rattlesnake venom	XM3RE1
94529100	Malayan krait snake venom	XM78S0
1231980039	Coviccine	XM2NP9
772101199	Soberana Plus	XM0RV9
833936085	NUVAXOVID	XM9T65
1375940612	Indian cobra snake venom	XM6052
733526317	Carbon monoxide from incomplete combustion of propane	XM3UB7
1168879692	Carbon monoxide from incomplete combustion of butane	XM45F2
1220381135	Diesel fuel	XM9A95
762823916	Sea wasp venom	XM87R6
1941486305	Prairie rattlesnake venom	XM8MU5
685224128	Spitting cobra snake venom	XM5F28
1959459034	Zifivax	XM3CT4
1485739880	Egyptian cobra snake venom	XM4760
998611405	Gasohol	XM52C5
701125332	Irukandji jellyfish venom	XM0ZB2
1102829299	Gasoline vapor	XM0FK9
1301666224	King cobra snake venom	XM0W24
557511950	Tree cobra snake venom	XM7P11
894302852	Northern Philippine cobra snake venom	XM1UH2
1424422578	Fer de lance snake venom	XM9Y58
610095191	Lunula of thumb	XA6DM1
1762951817	Lateral nailfold of thumb	XA4GD7
309148200	Nail plate of index finger	XA2XE0
2117920329	Proximal nailfold of thumb	XA13E9
1329086000	Hyponychium of index finger	XA2UG0
2107408513	Nail bed of index finger	XA1SB3
826678927	Eponychium of thumb	XA20L7
538843837	Salmonella Paratyphi B Variant L(+) tartrate + (Java)	XN7W5
1246070620	Skin of thumb	
1498093293	Mycobacterium avium hominissuis	XN8FF
620421159	Nail bed of thumb	XA9N39
1800771780	Hyponychium of thumb	XA63L0
101551170	Proximal nail fold of index finger	
874068863	Lunula of index finger	XA1GS3
687485986	Eponychium of middle finger	XA13L6
2086105505	Proximal nail fold of middle finger	XA8YE5
1202830857	Mycobacterium avium silvaticum	XN145
583902158	Mycobacterium avium paratuberculosis	XN5NW
1856834884	Nail plate of thumb	XA5V24
1556991848	EG.5	XN8RW
676676261	BA2.86	XN031
2010471272	XBB.1.16	XN201
2026857650	XBB.1.5	XN72A
209726254	Lateral nail fold of index finger	
1699539838	Eponychium of index finger	XA90K8
1038187258	Hyponychium of middle finger	XA8KX8
1972177605	Lateral nail fold of little finger	XA3LC5
2141658585	Proximal nail fold of little finger	XA4KU5
2069974229	Lateral nail fold of ring finger	XA3HG9
1911352249	Hyponychium of ring finger	XA1W89
738160118	Lunula of ring finger	XA4P58
567638760	Nail plate of ring finger	XA3PS0
801900886	Eponychium of ring finger	XA8L06
463340450	Hyponychium of little finger	XA1C10
1156735389	Nail plate of third toe	XA3LW9
1146474989	Nail bed of third toe	XA6189
274114418	Eponychium of little finger	XA2AV8
1322808961	Lunula of third toe	XA9UL1
348909772	Hyponychium of third toe	XA2H72
148752959	Eponychium of great toe	XA7WP9
688893744	Eponychium of fifth toe	XA2W24
1917714973	Nail bed of middle finger	XA2A53
74081142	Eponychium of third toe	XA8DQ2
1389251698	Lateral nail fold of great toe	XA7GD8
1186546684	Hyponychium of great toe	XA2F64
103047056	Proximal nail fold of fifth toe	XA43K6
1963194459	Nail bed of little finger	XA6HB9
1243063521	Proximal nail fold of ring finger	XA1F61
286500046	Lunula of little finger	XA3R66
1942693426	Anterolateral lower thoracic region	XA3266
80597764	Proximal nail fold of third toe	XA2484
855488891	Nail plate of great toe	XA47T1
1312656913	Lateral nail fold of third toe	XA1MM3
152249758	Hyponychium of fifth toe	XA0DD8
60529779	Lunula of great toe	XA64R9
578261838	Lateral nail fold of middle finger	XA2N38
1006194238	Nail plate of middle finger	XA10T8
2140036919	Nail plate of little finger	XA4A79
1765843606	Clavicular region	XA4MN6
1034213370	Nail plate of fifth toe	XA4U10
678837727	Hyponychium of second toe	XA2ZJ7
1431465238	Supratrochlear nerve	XA95V8
189313763	Infraclavicular region	XA6M63
1127512008	Presternal region	XA5MS8
814437206	Supraorbital nerve	XA31J6
1667552006	Nail plate of second toe	XA1WQ6
1023633292	Nail bed of fifth toe	XA9L52
1008141435	Mylohyoid nerve	XA9FV5
33745039	Lunula of second toe	XA9439
38825299	Proximal nail fold of great toe	XA8L19
595724380	Lateral nail fold of fifth toe	XA38J0
395685800	Lunula of middle finger	XA8VS0
1233856373	Hyponychium of fourth toe	XA4ZB3
1030583047	Eponychium of second toe	XA0SL7
1571728673	Lunula of fourth toe	XA2PD3
1742292282	Nail bed of second toe	XA7B22
838999615	Caudate nucleus	XA7TX5
1546564590	External lower lip	XA5VD0
1561068498	Nail bed of great toe	XA0HX8
1401043518	Uncus	XA7J78
1097831522	External nasal nerve	XA8482
333979143	Anterolateral upper thoracic region	XA0XL3
549160400	Malar eminence	XA57N0
1494432543	Nail bed of fourth toe	XA65U3
1141823325	Nail bed of ring finger	XA3MW5
1568823083	Skin of heel	
655809678	Eponychium of fourth toe	XA0XZ8
1505751908	Posterolateral upper thoracic region	XA5C28
937481323	Lateral nail fold of second toe	XA7003
1908160902	Brodmann area	XA5TY2
466580295	Eyebrow	XA1LZ5
1573234479	Proximal nail fold of fourth toe	XA2Y79
1402903667	Nail plate of fourth toe	XA8F87
658589651	Proximal nail fold of second toe	XA1ED1
1499073524	Posterolateral lower thoracic region	XA7MS4
765164514	Lateral nail fold of fourth toe	XA0PV4
1933135899	Skin of cheek	
710013012	Vermilion border of lower lip	XA9TK2
1208816352	Lentiform nucleus	XA8W72
557214429	Amygdala	XA1XY9
392893591	Hippocampus	XA7BD1
1881664519	Frontal pole	XA3RD9
1025491399	Occipital pole	XA0B59
932102376	Lunula of fifth toe	XA1PK7
1868197171	Vermilion border of upper lip	XA8RK1
1550664928	External upper lip	XA0K68
21652261	Frenulum of lip	XA3141
1258739502	Vermilion of lower lip	XA7H02
1487877765	Skin of jaw	
1695934880	Vermilion of upper lip	XA75S0
1009522809	Endocervical gland	
615990087	Ileal Arteries	
775611435	Jejunal arteries	
229796971	Nabothian gland	
2144873078	Diagonal branches of left anterior descending coronary artery	XA2N78
960238047	External os	
1230717634	Endometrial stroma	XA3FR4
1800911254	Deep branch of the submental artery	XA85T4
367296305	Pontine branches of the basilar artery	XA3185
32713993	Pharyngeal artery	XA9XM3
1522265767	Incisor branch of the inferior alveolar artery	XA3W87
996834745	Ophthalmic artery	XA1CW5
1761968270	Endometrial gland	XA9DM0
2065606889	Short gastric vein	XA5QC9
449321944	Anterior intercavernous sinus	XA8P44
1906679169	Orbital floor	XA7MW9
1462954001	Occiput	XA33W1
118926024	Posterior intercavernous sinus	XA7QE4
1687567297	Alveolar border of body of mandible	XA3B77
917681463	Iliac crest	XA4743
440171408	Left gastric vein	XA73S8
1254552129	Ramus of mandible	XA5969
1075481809	Occipital condyle	XA4RS9
1855032483	Orbital roof	XA9XW3
124101676	Suprarenal abdominal aorta	XA5EX6
458260832	Superior pubic ramus	XA1XZ3
2123050219	Inferior pubic ramus	XA4VB9
28801104	Lumbar intervertebral disc or space L3-L4	XA1F44
943171777	Condylar process of the mandible	XA98M7
447055896	Lumbar intervertebral disc or space L4-L5	XA2N96
790612993	Coronoid process of the mandible	XA24B3
497414582	Middle fossa	XA8Y22
329311988	Sternal end of clavicle	XA76N8
177050998	Posterior fossa	XA5U78
1673741287	Mental branch of the inferior alveolar artery	XA7AG7
513525349	Infrarenal abdominal aorta	XA2LN9
1527451968	Neck of the scapula	XA2HS8
1294967535	Petrous bone	XA1E15
1100379659	Symphysis of mandible	XA8JR9
1214154407	Inferior maxilla	XA0NC8
704269248	Coracoid process of the scapula	XA2Y48
1968953536	Shaft of the clavicle	XA4PT6
1277392256	Glenoid cavity of the scapula	XA1216
1941856001	Angle of mandible	XA0M61
1901644384	Right gastric vein	XA23Q4
1951862703	Mastoid	XA68N3
896547165	Proximal third of the scaphoid bone	XA5ZE5
351174262	Lumbar intervertebral disc or space L2-L3	XA8DG2
1053961984	Acromion	XA3664
355400465	Middle third of the scaphoid bone	XA3ZG5
871708726	Anterior fossa	XA7B66
1541846755	Lumbar intervertebral disc or space L1-L2	XA7RD5
345356612	Lumbosacral intervertebral disc or space L5-S1	XA54R2
1339590094	Distal third of the scaphoid bone	XA1GV4
24387554	Pituitary fossa	XA9N34
318130866	Cervical intervertebral disc or space C1-C2	XA9Z06
2114591943	Cervical intervertebral disc or space C4-C5	XA3623
1741842511	Distal pole of scaphoid	XA8E71
1512398092	Acromial end of clavicle	XA09P2
1653070920	Hook of hamate	XA97A0
2020710149	Cervical intervertebral disc or space C5-C6	XA1X49
765055292	Cervical intervertebral disc or space C2-C3	XA18M2
598335592	Cervical intervertebral disc or space C3-C4	XA94K2
2007176601	Cervical intervertebral disc or space C6-C7	XA16L1
229382520	Cervicothoracic disc or space C7-T1	XA2SG0
571022152	Thoracic intervertebral disc or space T3-T4	XA6CX2
377972468	Thoracic intervertebral disc or space T2-T3	XA6KQ8
39311628	Thoracic intervertebral disc or space T4-T5	XA0NE8
605106052	Thoracic intervertebral disc or space T6-T7	XA4TP2
1858613369	Thoracic intervertebral disc or space T8-T9	XA9PW9
1318515253	Thoracic intervertebral disc or space T9-T10	XA8E13
940624499	Nucleus pulposus	XA8WM9
1950594269	Thoracic intervertebral disc or space T10-T11	XA6HY9
125784571	Annulus fibrosus	XA10M1
851673842	Thoracic intervertebral disc or space T1-T2	XA4722
1796859671	Thoracic intervertebral disc or space T5-T6	XA7PD1
1514556877	Thoracic intervertebral disc or space T7-T8	XA7117
1961937769	Eleventh thoracic vertebra	XA7T69
1533820673	First thoracic vertebra	XA3F93
342161300	Second thoracic vertebra	XA8QS0
1589504111	Fourth thoracic vertebra	XA0C31
1781765595	Third thoracic vertebra	XA1Z15
994802762	Thoracic intervertebral disc or space T11-T12	XA5LG2
1291478634	Trochlea of humerus	XA9LK4
2065844725	Twelfth thoracic vertebra	XA69W5
521115724	Thoracolumbar intervertebral disc or space T12-L1	XA97A4
541570556	Base of the third metacarpal bone	XA8NK6
1182253318	Capitulum of humerus	XA11M8
1676155162	Head of the third metacarpal bone	XA6442
1232680152	Base of the second metacarpal bone	XA37V2
151309985	Head of the second metacarpal bone	XA93C5
1969866257	Third lumbar vertebra	XA3N97
763225008	Atlas	XA2XE8
1768275574	Neck of the third metacarpal bone	XA50H4
475874975	Shaft of the first metacarpal bone	XA5N95
978683760	Axis	XA17N0
418946772	Head of the first metacarpal bone	XA12D2
1151871725	Third cervical vertebra	XA2W05
2128816675	Fifth thoracic vertebra	XA3PH5
3851128	Seventh cervical vertebra	XA34U8
1140102068	Shaft of the second metacarpal bone	XA4RC8
1321235729	Fourth cervical vertebra	XA3RE9
1849866651	First lumbar vertebra	XA3291
29932932	Fifth cervical vertebra	XA9C12
1309462383	Seventh thoracic vertebra	XA59Y3
782304710	Ninth thoracic vertebra	XA3E70
1105705893	Fourth lumbar vertebra	XA9A53
1774325252	Shaft of the third metacarpal bone	XA8BP2
1175397069	Medial condyle of tibia	XA7Y69
1783114605	Eighth thoracic vertebra	XA8NQ5
1361912339	Second lumbar vertebra	XA2GH9
192225887	Neck of the first metacarpal bone	XA8J87
17041402	Sixth thoracic vertebra	XA45S2
1622050319	Sixth cervical vertebra	XA5S79
544143126	Neck of the fifth metacarpal bone	XA16Y6
1568069787	Base of the fifth metacarpal bone	XA65Y7
320924738	Dome of the talus	XA1N98
97034458	Base of the fourth metacarpal bone	XA3ZF8
839749407	Base of the first metacarpal bone	XA2P67
1638518097	Tenth thoracic vertebra	XA0AV7
1299250003	Greater trochanter of femur	XA1VJ3
244250262	Head of the fourth metacarpal bone	XA8X42
67668098	Posterior process of the talus	XA3MT9
231953070	Distal phalanx of index finger	XA54X0
1207786559	Lesser trochanter of femur	XA9TD9
1639545321	Fifth lumbar vertebra	XA9641
7503288	Shaft of the fifth metacarpal bone	XA92G8
658284806	Distal phalanx of ring finger	XA51S6
1248945463	Proximal phalanx of thumb	XA0903
1641133762	Neck of the talus	XA6L02
306053671	Anterior process of calcaneus	XA57V1
2125563842	Distal phalanx of great toe	XA2AC2
158099590	Proximal phalanx of middle finger	XA6ET0
945934160	Lateral condyle of tibia	XA87A0
719540346	Head of the fifth metacarpal bone	XA3Z46
1122344774	Middle phalanx of ring finger	XA8N14
73102257	Distal phalanx of second toe	XA3QM7
1566114295	Distal phalanx of thumb	XA70H5
883687406	Middle phalanx of index finger	XA3JL6
1439562630	Proximal phalanx of ring finger	XA9MR0
1611861357	Shaft of the fourth metacarpal bone	XA4CP7
507776070	Middle phalanx of middle finger	XA5910
399382610	Distal phalanx of middle finger	XA8NR0
2073899526	Distal phalanx of little finger	XA32G6
595827502	Proximal phalanx of index finger	XA25U2
599754102	Middle phalanx of second toe	XA1UN2
1339076986	Proximal phalanx of little finger	XA73Q6
1030759874	Tuberosity of calcaneus	XA62P4
1952711397	Neck of the fourth metacarpal bone	XA9NT7
1887549074	Middle phalanx of fourth toe	XA2SX4
271350841	Distal phalanx of third toe	XA38Q1
637884440	Proximal phalanx of second toe	XA0AQ0
1622869003	Interphalangeal joint of the thumb	XA6L43
1979175310	Distal phalanx of fourth toe	XA8XV0
1562664263	Proximal phalanx of great toe	XA8KC3
61018076	Proximal phalanx of fourth toe	XA8CX6
2047611390	Middle phalanx of fifth toe	XA90F0
1180969155	Middle phalanx of third toe	XA9YP5
1492702650	Middle phalanx of little finger	XA6HX0
384657035	Distal interphalangeal joint of finger	XA4U75
798346187	Proximal interphalangeal joint of finger	XA1307
786402768	Fourth metacarpophalangeal joint	XA7XA8
1285702691	Second metacarpophalangeal joint	XA9YH1
1177543503	First metacarpophalangeal joint	XA3M83
1524375854	Distal phalanx of fifth toe	XA6ED4
2034891691	Proximal phalanx of fifth toe	XA8PK1
1817359731	Proximal phalanx of third toe	XA11P1
217735515	Second metatarsophalangeal joint	XA58K5
449226450	Intercarpal joint	XA0E90
87674707	Midcarpal joint	XA4AS7
206027523	Cuneocuboid joint	XA2FA3
1683999547	Conoid ligament	XA4PU7
1347534709	Superior acromioclavicular ligament	XA8RC9
1562863227	Trapezoid ligament	XA5SJ7
1825255756	Dorsal radioulnar ligament	XA4396
24286525	Talocalcaneonavicular joint	XA0WY5
931348850	Third metacarpophalangeal joint	XA6HB0
422009634	Posterior talocalcaneal ligament	XA60T4
1994587742	Mesenteric lymph node	XA26J2
431282720	Right pulmonary vein	XA86L0
967000430	Carpometacarpal joint	XA0JX0
679938699	Interphalangeal joint of great toe	XA87P9
235880418	Lateral talocalcaneal ligament	XA4VX8
1199168437	Inferior acromioclavicular ligament	XA49Z7
940193917	Cuboideonavicular joint	XA1N77
571125223	Fifth metatarsophalangeal joint	XA5A23
460316611	Intercuneiform joint	XA9SD1
1698768220	Volar radioulnar ligament	XA2940
1307111185	Left pulmonary vein	XA1WN5
207474987	First metatarsophalangeal joint	XA7NJ7
375058941	Calcaneocuboid joint	XA4JJ1
1018495573	Proximal interphalangeal joint of the foot	XA5573
1093547879	Fifth metacarpophalangeal joint	XA7KA0
1500265493	Distal interphalangeal joint of the foot	XA0RK3
649752995	Dorsal intercuneiform ligament	XA7075
1922337992	Third metatarsophalangeal joint	XA2792
1640667806	Ileocolic lymph node	XA69J6
584554285	Pararectal inferior mesenteric lymph node	XA6ZA5
912882885	Anterior talocalcaneal ligament	XA93N5
1491098006	Fourth metatarsophalangeal joint	XA7QC6
1561745200	Talonavicular joint	
790781117	Cuneonavicular joint	XA6NT7
532864227	Plantar intercuneiform ligament	XA5HQ7
258138167	Colic lymph node	XA09W7
1395871771	Pupillary membrane	XA0571
806330554	Common left sided trunk of pulmonary veins	XA1SF4
930583202	Medial talocalcaneal ligament	XA09E2
521142341	Gastric lymph node	XA1HL1
322712230	Javan spitting cobra snake venom	XM69M0
734152377	Pancreaticosplenic lymph node	XA7ZP7
1843485381	Hepatic lymph node	XA11U1
1266530835	Chloroform vapor	XM1GP5
153389513	Demeton-S-methyl	XM8ZM3
678428850	Black necked spitting cobra snake venom	XM7LZ0
1828660348	Demeton-O-methyl	XM8LS8
1258127587	External cheek	
1192787676	Red spitting cobra snake venom	XM2B16
1592012419	West African brown spitting cobra venom	XM7BF9
823497772	Mozambique spitting cobra venom	XM6U92
690577845	Putamen	XA8KA5
802425542	Body of second thoracic vertebra	XA3Z42
1814121265	Skin of chin	
1802031003	Nasolabial fold	XA5163
198354470	Body of first thoracic vertebra	XA8PH0
225281463	Globus pallidus	XA80J3
300048893	D3 - third diagonal branch	XA5SR3
1535131001	Processes of second thoracic vertebra	XA6T61
1155165875	Arch of first thoracic vertebra	XA7UP5
1577099199	Subcondylar process of mandible	XA7919
781983328	Philtrum	XA5LY8
12473760	Body of eleventh thoracic vertebra	XA91J0
1337367819	Arch of eleventh thoracic vertebra	XA98R9
518040080	Body of third thoracic vertebra	XA35A0
231444121	Body of twelfth thoracic vertebra	XA1401
1974240903	Arch of fourth thoracic vertebra	XA22W3
466122465	D1 - first diagonal branch	XA20E5
779416042	Body of fourth thoracic vertebra	XA3J42
66830283	Arch of twelfth thoracic vertebra	XA15N3
1005741964	Processes of fourth thoracic vertebra	XA1WL4
367481766	Processes of eleventh thoracic vertebra	XA92Q6
589425519	Processes of third cervical vertebra	XA8CG0
1320300879	Arch of second thoracic vertebra	XA2VV9
1743866390	Body of fourth cervical vertebra	XA3GT0
280105504	Posterior arch of first cervical vertebra	XA0KQ4
58665251	Body of third cervical vertebra	XA4UV1
863971597	Processes of third lumbar vertebra	XA80X7
687440513	Processes of fourth cervical vertebra	XA75V3
1227006002	Processes of twelfth thoracic vertebra	XA2D62
29030874	Processes of first thoracic vertebra	XA1AX4
1225515744	Arch of third lumbar vertebra	XA3G24
344520172	Arch of third thoracic vertebra	XA2SM3
1374184069	Processes of third thoracic vertebra	XA41U9
2123559139	Body of fifth thoracic vertebra	XA8W59
711414984	Lateral mass of first cervical vertebra	XA1304
289788301	D2 - second diagonal branch	XA86J1
1110637202	Odontoid process	XA5W02
2037392834	Arch of third cervical vertebra	XA51V4
1767186580	Body of third lumbar vertebra	XA0TL0
1107127147	Arch of fifth thoracic vertebra	XA28A7
124063597	Arch of fourth cervical vertebra	XA24X7
103442597	Arch of first lumbar vertebra	XA8AX7
861671317	Processes of seventh cervical vertebra	XA91D7
927345115	Arch of seventh cervical vertebra	XA05M5
579984765	Arch of fifth cervical vertebra	XA1PJ5
1889714609	Processes of fifth thoracic vertebra	XA0449
480373761	Processes of first lumbar vertebra	XA4U01
387509143	Body of seventh cervical vertebra	XA1JS3
326332061	Body of first lumbar vertebra	XA9E61
1838749162	Body of fifth cervical vertebra	XA1BS2
218050147	Processes of fifth cervical vertebra	XA2FY7
1640538921	Arch of seventh thoracic vertebra	XA54G1
1365047507	Arch of eighth thoracic vertebra	XA3PL7
1166821163	Body of seventh thoracic vertebra	XA62Y3
133256377	Arch of fourth lumbar vertebra	XA7CH7
2056788881	Body of ninth thoracic vertebra	XA2X21
954533891	Arch of second lumbar vertebra	XA24M1
615003202	Body of sixth thoracic vertebra	XA0YY2
1588017313	Processes of sixth thoracic vertebra	XA1R53
1522981341	Processes of ninth thoracic vertebra	XA5SW1
1895971487	Processes of seventh thoracic vertebra	XA1CQ7
2135543039	Body of eighth thoracic vertebra	XA5JX9
208369079	Body of second lumbar vertebra	XA5079
729462492	Arch of sixth thoracic vertebra	XA29X2
1611898677	Arch of tenth thoracic vertebra	XA7LF7
1116849104	Processes of fourth lumbar vertebra	XA38A4
855961151	Processes of second lumbar vertebra	XA52T1
190821282	Processes of tenth thoracic vertebra	XA7122
1915141812	Body of sixth cervical vertebra	XA9Q12
1296639290	Processes of sixth cervical vertebra	XA60Z0
790321056	Body of tenth thoracic vertebra	XA6VP6
1169875895	Proximal interphalangeal joint of ring finger	XA0BF5
189831406	Proximal interphalangeal joint of index finger	XA1DN6
853529123	Processes of fifth lumbar vertebra	XA4PS3
1439960333	Right inferior pulmonary vein	XA41F3
1657733532	Arch of fifth lumbar vertebra	XA2JV2
1372449855	Proximal interphalangeal joint of little finger	XA4175
1488074718	Ileal ileocolic lymph node	XA66B8
1185465096	Arch of sixth cervical vertebra	XA8W16
903721130	Distal interphalangeal joint of index finger	XA6KB0
1116612002	Proximal interphalangeal joint of third toe	XA2QY2
1310090789	Arch of ninth thoracic vertebra	XA9N69
148490439	Proximal interphalangeal joint of second toe	XA56K9
451317048	Distal interphalangeal joint of little finger	XA1928
1756936210	Distal interphalangeal joint of third toe	XA43F0
1519106675	Distal interphalangeal joint of ring finger	XA0LT5
975550372	Right superior pulmonary vein	XA05T2
1469410170	Proximal interphalangeal joint of fifth toe	XA1LM0
1845887163	Left inferior pulmonary vein	XA8TW3
1322039621	Distal interphalangeal joint of fifth toe	XA39U1
182117970	Accessory right pulmonary vein	XA4530
809567338	Processes of eighth thoracic vertebra	XA1SD8
949931825	Body of fourth lumbar vertebra	XA4145
531195388	Distal interphalangeal joint of middle finger	XA15C8
267194066	Proximal interphalangeal joint of middle finger	XA3NW6
763338507	Proximal interphalangeal joint of fourth toe	XA2R87
1335513886	Anterior ileocolic lymph node	XA8W06
1087325141	Left superior pulmonary vein	XA9941
1145118249	Distal interphalangeal joint of fourth toe	XA8NU9
1030424990	Right colic ileocolic lymph node	XA73R0
796813979	Epicolic lymph node	XA8JH9
709061982	Posterior ileocolic lymph node	XA7JE2
1183573406	Body of fifth lumbar vertebra	XA5886
1083166772	Paracolic lymph node	XA9JM2
1435803372	Midcolic lymph node	XA4F32
224597415	Distal interphalangeal joint of second toe	XA8UM5
2060008965	Inferior gastric lymph node	XA1FW5
826329541	Upper superior gastric lymph node	XA1T01
603059742	Pancreatic lymph node	XA7T42
644394245	Superior gastric lymph node	XA3F65
1089956449	Pancreaticoduodenal lymph node	XA6W89
1118797090	Subpyloric lymph node	XA1RP0
1262974176	Preterminal colic lymph node	XA3TX6
1419376517	Lower superior gastric lymph node	XA3ET7
903681741	Common duct lymph node	XA35G1
2012939247	Splenic lymph node	XA9PJ7
1958406431	Pyloric lymph node	XA2AX1
626294151	Intermediate colic lymph node	XA7PM1
1135711045	Paracardial superior gastric lymph node	XA4WL5
740521092	Splenic hilar lymph node	XA8X72
2037068997	Cystic lymph node	XA71D7
1509882623	Peripancreatic lymph node	XA2P83
1826579220	Neck of the second metacarpal bone	XA8KU0
