diagnosis_id	attribute_id	is_required
426429380/unspecified	639052684	False
426429380/other	639052684	False
30659757/unspecified	639052684	False
30659757/other	639052684	False
1688127370	2082570273	False
609223181	639052684	False
62637936	437215757	False
634116368	437215757	False
1585949804/unspecified	437215757	False
1585949804/other	437215757	False
2108355318	437215757	False
1483190070	437215757	False
1904876434/unspecified	437215757	False
1904876434/other	437215757	False
971176543	437215757	False
2144774073	437215757	False
1622653958	437215757	False
874478433	437215757	False
522973276	437215757	False
1136802325/unspecified	437215757	False
1136802325/other	437215757	False
1839818377	437215757	False
705971711	437215757	False
1331660907	437215757	False
1539889147/unspecified	437215757	False
1539889147/other	437215757	False
1935092859/unspecified	437215757	False
1154736543	437215757	False
730510331	437215757	False
255141529/other	437215757	False
753780243	437215757	False
255141529/unspecified	437215757	False
283428170	437215757	False
1020283662	437215757	False
805990521	1726150948	False
114886962	437215757	False
419706488	437215757	False
2129350166	2082570273	False
1802307036	437215757	False
1303003466	2082570273	False
520429137	437215757	False
1939815950/unspecified	437215757	False
1939815950/other	437215757	False
921595235/other	437215757	False
921595235/unspecified	437215757	False
1358604969	437215757	False
1104303944/unspecified	437215757	False
588527933	437215757	False
1104303944/other	437215757	False
956664712	437215757	False
1390433308	437215757	False
744293382	437215757	False
1426032265	1726150948	False
1919233290	1726150948	False
1038292737/unspecified	2082570273	False
60908067	1726150948	False
1832877760	1726150948	False
323148092	1726150948	False
1358754380	1726150948	False
1510618119	1301318821	False
1528863768	1301318821	False
1062906118	1301318821	False
8864887	1301318821	False
879154182/unspecified	1301318821	False
2058491071	437215757	False
1264360394	1301318821	False
224336967/other	1726150948	False
224336967/unspecified	1726150948	False
757747508	2082570273	False
341681029	437215757	False
512128824	437215757	False
512128824	2082570273	False
761947693	1301318821	False
498053587	2082570273	False
1754821737	2082570273	False
2136808878	2082570273	False
437702716	2082570273	False
1458683894/other	2082570273	False
1992125824	2082570273	False
1363514322	2082570273	False
1594578199	2082570273	False
1458683894/unspecified	2082570273	False
1018829714	2082570273	False
1164983645/unspecified	2082570273	False
1164983645/other	2082570273	False
1025888387/other	2082570273	False
1025888387/unspecified	2082570273	False
1367461357	437215757	False
1480951888	437215757	False
259204343	437215757	False
149313794	437215757	False
2092703582/unspecified	437215757	False
2092703582/other	437215757	False
257068234	437215757	False
1688127370/unspecified	2082570273	False
416025325	437215757	False
2080365623	437215757	False
794462570	437215757	False
1160271562	2082570273	False
344162786	437215757	False
1834648119/other	437215757	False
250688797	69890123	False
515117475	437215757	False
1780040028	437215757	False
135352227/unspecified	437215757	False
135352227/other	437215757	False
30738976/other	437215757	False
509821856	437215757	False
1528782604	437215757	False
260431605	437215757	False
2087406945	437215757	False
1791890273	437215757	False
259406411	437215757	False
1836987572	437215757	False
421560565	437215757	False
2066255370	437215757	False
1838010380	437215757	False
1582386590/other	2082570273	False
1656445230	1726150948	False
1656445230	2082570273	False
1582386590/unspecified	2082570273	False
1310075986	437215757	False
895890688	437215757	False
142052508	639052684	False
727572936	437215757	False
1103848959	437215757	False
915779102/unspecified	437215757	False
915779102/other	437215757	False
841348715	2082570273	False
1147349670	437215757	False
1709907983	639052684	False
1843843106	639052684	False
239985204	639052684	False
609223181/unspecified	639052684	False
609223181/other	639052684	False
1741519874	437215757	False
2046208198	437215757	False
1881255733	2082570273	False
1084515160	2082570273	False
1540965840	2082570273	False
320939116	2082570273	False
1393205731	2082570273	False
1398301359	2082570273	False
784669405	2082570273	False
2030064326	69890123	False
1798345467	69890123	False
1163063637	69890123	False
229442107	69890123	False
2038859230	69890123	False
474718032	69890123	False
1912806631	2082570273	False
760322910	437215757	False
760322910	2082570273	False
481852400	2082570273	False
469481605	2082570273	False
1057142191	2082570273	False
2125493521	2082570273	False
2057951941	2082570273	False
698285441	1726150948	False
1281373917	2082570273	False
1208059574	69890123	False
1712178777	2082570273	False
1268183934	2082570273	False
1106082935	437215757	False
1106082935	2082570273	False
696703416/other	2082570273	False
786251500	2082570273	False
2046015098	2082570273	False
1269730048	437215757	False
696703416/unspecified	2082570273	False
1656157931	437215757	False
328870019	437215757	False
62637936/unspecified	437215757	False
731112897	437215757	False
62637936/other	437215757	False
1388337190	437215757	False
390005245	437215757	False
1186420656	437215757	False
684930313	437215757	False
775356003	2082570273	False
634116368/other	437215757	False
35402215	437215757	False
2048186698	437215757	False
634116368/unspecified	437215757	False
1726978545	437215757	False
136645853	437215757	False
2017227771	437215757	False
1977691885	2082570273	False
1761012301	437215757	False
2108355318/other	437215757	False
825097588	437215757	False
443087096	437215757	False
2108355318/unspecified	437215757	False
923328437	437215757	False
613341872	437215757	False
629126866	437215757	False
1543721163	437215757	False
1128677700	437215757	False
1299705786	437215757	False
52701557	437215757	False
1483190070/other	437215757	False
1913657904	437215757	False
2102159918	437215757	False
1483190070/unspecified	437215757	False
486617244	437215757	False
1147230459	437215757	False
1987223744	437215757	False
158514824	437215757	False
144526718	437215757	False
1398484288	437215757	False
971176543/other	437215757	False
188082376	437215757	False
1324834502	437215757	False
845065622	437215757	False
2033345174	437215757	False
2033345174	2082570273	False
2134985313	437215757	False
1305464814	437215757	False
1651247891	437215757	False
436897781	437215757	False
2034126013	437215757	False
1173456397	437215757	False
207371595	437215757	False
679740024	437215757	False
1763176671	437215757	False
1851012020	437215757	False
498769952	437215757	False
452551499	437215757	False
322774774	437215757	False
2029088182	437215757	False
2144774073/unspecified	437215757	False
1531704614	437215757	False
971176543/unspecified	437215757	False
1765941539	437215757	False
1929235891	437215757	False
2142416607	437215757	False
1622653958/unspecified	437215757	False
2144774073/other	437215757	False
1453313104	437215757	False
1622653958/other	437215757	False
25824900	437215757	False
2087019714	437215757	False
856497185	437215757	False
1356011211	437215757	False
270373865	437215757	False
270802913	437215757	False
147338301	437215757	False
233520745	437215757	False
510487101	437215757	False
874478433/unspecified	437215757	False
51885381	437215757	False
326802563	437215757	False
260831062	437215757	False
1094028194	437215757	False
2066130857	437215757	False
1783631508	437215757	False
21232429	437215757	False
1485671112	437215757	False
1837365673	437215757	False
522973276/other	437215757	False
522973276/unspecified	437215757	False
1790982852	437215757	False
1043501101	437215757	False
882647079	437215757	False
1798822437	437215757	False
1723965278	437215757	False
1642291965	437215757	False
625446129	437215757	False
1939927388	437215757	False
284578658	437215757	False
284578658	2082570273	False
1839818377/unspecified	437215757	False
1927471636	437215757	False
1681155693	437215757	False
874478433/other	437215757	False
1839818377/other	437215757	False
276960425	437215757	False
240293267	437215757	False
1696453174	437215757	False
879178398	437215757	False
2018414894	437215757	False
1599515520	437215757	False
422488408	437215757	False
991455762	437215757	False
1060335896	437215757	False
118763014	437215757	False
1579569385	437215757	False
785771645	437215757	False
1154736543/unspecified	437215757	False
51993663	437215757	False
1716687275	437215757	False
369649302	437215757	False
318751060	437215757	False
9118428	437215757	False
1337277167	437215757	False
1920574661	437215757	False
1883087780	437215757	False
1517862018	437215757	False
1154736543/other	437215757	False
2008288450	437215757	False
460427059	437215757	False
181768867	437215757	False
1644380974	437215757	False
1820640764	437215757	False
164563054	437215757	False
1892696356	437215757	False
454822496	437215757	False
362515638	437215757	False
1117777912	437215757	False
1955263959	437215757	False
236749187	437215757	False
1188232632	437215757	False
171563033	437215757	False
594985340	437215757	False
359035801	437215757	False
661628832	437215757	False
1453118191	1726150948	False
1281282034	1726150948	False
381388700	437215757	False
188684108	437215757	False
582624609	437215757	False
1635967154	2082570273	False
1059069619	437215757	False
588039752	69890123	False
107534985	69890123	False
1376522306	2082570273	False
875836206	1726150948	False
805990521/other	1726150948	False
381149513	1726150948	False
1199499236	1726150948	False
556056631	1726150948	False
805990521/unspecified	1726150948	False
296066191	1726150948	False
1220685756	1726150948	False
114886962/unspecified	437215757	False
223956768	437215757	False
1132542967	437215757	False
197163558	437215757	False
1336990680	69890123	False
788554020	437215757	False
1686035373	437215757	False
1126037561	437215757	False
425650575	437215757	False
832233624	2082570273	False
1313512266	437215757	False
1751062993	437215757	False
46201200	437215757	False
268154767	437215757	False
1789950491	437215757	False
419706488/other	437215757	False
114886962/other	437215757	False
419706488/unspecified	437215757	False
424434722	437215757	False
945827199	2082570273	False
1288535424	2082570273	False
1314810340	437215757	False
359247398	437215757	False
1380450203	437215757	False
1731433055	437215757	False
218093853	437215757	False
107393968	437215757	False
1993674550	437215757	False
350028235	437215757	False
1449494917	437215757	False
2003167397	437215757	False
406510021	437215757	False
1277769390	437215757	False
997943937	2082570273	False
1802307036/unspecified	437215757	False
1553838370	2082570273	False
970357944	2082570273	False
443666288	2082570273	False
214141817	2082570273	False
1802307036/other	437215757	False
1981682639	2082570273	False
1303003466/other	2082570273	False
1303003466/unspecified	2082570273	False
2037988685	437215757	False
473100505	437215757	False
438419889	437215757	False
2137656357	437215757	False
786506553	437215757	False
314876756	437215757	False
918687664	437215757	False
1882056565	437215757	False
517674628	437215757	False
1484750528	437215757	False
1475572870	437215757	False
2087698522	437215757	False
1358604969/other	437215757	False
1358604969/unspecified	437215757	False
1818527310	437215757	False
1786161849	437215757	False
1951642448	437215757	False
1727868245	437215757	False
182005728	437215757	False
354733156	437215757	False
1568955413	437215757	False
521067386	437215757	False
1965995711	437215757	False
2098055972	437215757	False
62316737	437215757	False
953127297	437215757	False
690556140	437215757	False
860933427	437215757	False
1066160874	437215757	False
256353705	437215757	False
1261684403	437215757	False
2015564442	437215757	False
1550359665	437215757	False
2012489901	437215757	False
336777648	437215757	False
269470990	437215757	False
827573730	437215757	False
1280088084	437215757	False
1859078769	437215757	False
296561750	437215757	False
1832116609	437215757	False
516524160	437215757	False
1014874899	437215757	False
431249345	437215757	False
2033456790	437215757	False
414337773	437215757	False
700495893	437215757	False
1777779617	437215757	False
2059407116	437215757	False
1774125283	437215757	False
353913609	437215757	False
1969351590	437215757	False
1018065824	437215757	False
1445358054	437215757	False
1226230164	437215757	False
1390433308/other	437215757	False
1229845027	437215757	False
17566186	437215757	False
385351156	437215757	False
1390433308/unspecified	437215757	False
680294872	437215757	False
73324466	437215757	False
1829846416	437215757	False
160886685	437215757	False
1119109040	437215757	False
1826873908	437215757	False
572726438	437215757	False
673956600	437215757	False
869136080	437215757	False
1921504316	437215757	False
774338239	437215757	False
475104996	437215757	False
678566494	437215757	False
744293382/other	437215757	False
744293382/unspecified	437215757	False
1655375736	1726150948	False
1429906313	1726150948	False
313022646	1726150948	False
1426032265/other	1726150948	False
1426032265/unspecified	1726150948	False
565740065	437215757	False
1413081426	437215757	False
2047072587	1726150948	False
329728491	1726150948	False
364669853	437215757	False
342760401	1726150948	False
521257551	1726150948	False
736393417	1726150948	False
1893759206	1726150948	False
794423031	1726150948	False
797284789	1726150948	False
121657546	437215757	False
1644926300	437215757	False
1777436789	1726150948	False
546689346/other	1726150948	False
831337417	1726150948	False
1468768235	1726150948	False
1710319105	1726150948	False
546689346/unspecified	1726150948	False
795022044	1726150948	False
1365258270	1726150948	False
1492142148/other	1451583031	False
286779656	1726150948	False
480150735	1726150948	False
133673893	1726150948	False
1153296343	1726150948	False
1381875066	1726150948	False
1517885800/other	1726150948	False
1517885800/unspecified	1726150948	False
110923694/other	1301318821	False
331838766	1301318821	False
110923694/unspecified	1301318821	False
1786015803	1301318821	False
962107653	1301318821	False
1147802348/unspecified	1301318821	False
2073226578	1301318821	False
1147802348/other	1301318821	False
1510618119/other	1301318821	False
1385484871	1301318821	False
1616050398	1301318821	False
2018018546	1301318821	False
474972159	1301318821	False
596808334	1301318821	False
331115338	1301318821	False
1425899262	1301318821	False
1002734100	1301318821	False
635542523	1301318821	False
1951762156	1301318821	False
1528863768/unspecified	1301318821	False
216388623	1301318821	False
1797297039	1301318821	False
460184638/unspecified	1301318821	False
424104055	1301318821	False
702525006	1301318821	False
1174774181/unspecified	1301318821	False
1738843761	1301318821	False
1430965006	1301318821	False
1235412948	1301318821	False
1611980611	1301318821	False
8864887/unspecified	1301318821	False
471986432/other	437215757	False
1587058820	1301318821	False
783045723	1301318821	False
8864887/other	1301318821	False
471986432/unspecified	437215757	False
868468606	437215757	False
1848981072	437215757	False
576319925	2082570273	False
622473950	437215757	False
469187351	437215757	False
1500376898	437215757	False
1446309782	639052684	False
1008234693	437215757	False
771681710	437215757	False
1660986367	437215757	False
350217189	437215757	False
1598291872	437215757	False
1365443534	437215757	False
1194158719	437215757	False
1313183227	1301318821	False
74366305	437215757	False
16712398	1301318821	False
505688542	437215757	False
722360431	1301318821	False
1498660177	437215757	False
1000136324	437215757	False
717041349	437215757	False
1578139194	437215757	False
562733645	437215757	False
1170766596	437215757	False
1219829820	437215757	False
995865520	437215757	False
1264360394/unspecified	1301318821	False
472994678	1301318821	False
589070366	1301318821	False
774508930	1301318821	False
929833904	1301318821	False
1295910447	1301318821	False
267833312	1301318821	False
808796664	1301318821	False
2058491071/other	437215757	False
1869616172	437215757	False
185143614	1301318821	False
521619255	437215757	False
368046549	1301318821	False
1264360394/other	1301318821	False
2058491071/unspecified	437215757	False
82568660	437215757	False
91655636	2082570273	False
764485623	2082570273	False
1467715547	1301318821	False
1979211198	1301318821	False
440437263	1301318821	False
2023965817	1301318821	False
1280712786	69890123	False
21844126	437215757	False
21844126	2082570273	False
1594217552/unspecified	1301318821	False
1219323740	437215757	False
1219323740	2082570273	False
1882391507	437215757	False
1882391507	2082570273	False
1049673197	437215757	False
1049673197	2082570273	False
1829545371/unspecified	2082570273	True
117254574	437215757	False
117254574	2082570273	False
1924438986	437215757	False
1924438986	2082570273	False
1656202881	437215757	False
1656202881	2082570273	False
1752013490	437215757	False
1752013490	2082570273	False
1594217552/other	1301318821	False
1723682291	437215757	False
1723682291	2082570273	False
485824369	437215757	False
485824369	2082570273	False
588341476	437215757	False
588341476	2082570273	False
1487619220	437215757	False
1487619220	2082570273	False
1188025300	437215757	False
1188025300	2082570273	False
1917449952	1301318821	False
1160249934	1301318821	False
1788452129	1301318821	False
543412184	1301318821	False
761947693/other	1301318821	False
1019543883	1301318821	False
1434352150	1301318821	False
761947693/unspecified	1301318821	False
644961579	1301318821	False
589559318	2082570273	False
1461918574	1301318821	False
486415207	2082570273	False
738218522	2082570273	False
1931148955	1726150948	False
2051676830	437215757	False
572130061	2082570273	False
1653508908	2082570273	False
58978844	2082570273	False
1314513153	2082570273	False
1435985435	2082570273	False
1703792511	2082570273	False
457135520	2082570273	False
1068960732	2082570273	False
2011334376	2082570273	False
1429671974	2082570273	False
1342390232	2082570273	False
437702716/unspecified	2082570273	False
1981559937	2082570273	False
442626161	1726150948	False
1143460098	437215757	False
1428007510	2082570273	False
209712163	2082570273	False
89002329	2082570273	False
102214623	2082570273	False
770887951	1726150948	False
770887951	2082570273	False
1273373410	2082570273	False
611886666	1726150948	False
775135189	437215757	False
894744637	2082570273	False
899562275	1726150948	False
899562275	2082570273	False
1869511838	2082570273	False
1093888988	1726150948	False
1093888988	2082570273	False
52659233	2082570273	False
259064684	1726150948	False
259064684	2082570273	False
2115139779	1726150948	False
926523318	2082570273	False
988653252	2082570273	False
409892007	2082570273	False
1085590500	1726150948	False
456152073	437215757	False
205989264	2082570273	False
637470326	1726150948	False
637470326	2082570273	False
2043723510	1726150948	False
2043723510	2082570273	False
226396094	2082570273	False
104786225	2082570273	False
1152694663	2082570273	False
2070500598	2082570273	False
1679681449	2082570273	False
1291482508	2082570273	False
1399922560	2082570273	False
2066756090	2082570273	False
223755232	2082570273	False
1456211027	2082570273	False
956813047	1726150948	False
1494827140	2082570273	False
1548485475	1726150948	False
1548485475	2082570273	False
1946454348	437215757	False
499832858	1726150948	False
685855644	1726150948	False
685855644	2082570273	False
1600081882	2082570273	False
507103735	2082570273	False
732261471	2082570273	False
654702340	437215757	False
654702340	2082570273	False
1223390562	2082570273	False
1018829714/unspecified	2082570273	False
840238105	2082570273	False
674582240	2082570273	False
1177212968	2082570273	False
1018829714/other	2082570273	False
1892669517	1726150948	False
1571995415	1726150948	False
1558386083	1726150948	False
1558386083	2082570273	False
478159863	1726150948	False
478159863	2082570273	False
1062361894	1726150948	False
1062361894	2082570273	False
349106170	1726150948	False
912798978	1726150948	False
912798978	2082570273	False
617135915	1726150948	False
1594247995	437215757	False
329423502	437215757	False
283909005	437215757	False
1009113450	437215757	False
1365831385	437215757	False
1019224570	437215757	False
260898866	437215757	False
1367461357/other	437215757	False
1367461357/unspecified	437215757	False
957478548	437215757	False
2065715407	437215757	False
983868827	437215757	False
1007459204	437215757	False
1480951888/unspecified	437215757	False
2141360941	69890123	False
510369115	437215757	False
768547929	437215757	False
727252860	437215757	False
1488350448	437215757	False
1433247301	2082570273	False
1230041477	437215757	False
1459455953/unspecified	437215757	False
1783829886	2082570273	False
1033306788	437215757	False
1033306788	2082570273	False
647731979	437215757	False
1239733052	437215757	False
1712053139	437215757	False
1576588986	437215757	False
41471865	437215757	False
1901700743	437215757	False
2114311813	437215757	False
1392795032	437215757	False
1623012993	437215757	False
259204343/other	437215757	False
259204343/unspecified	437215757	False
370349933	437215757	False
441183088	437215757	False
133532168	437215757	False
1359282431	437215757	False
1683066042	437215757	False
809412333	437215757	False
1935203065	437215757	False
476391827	1726150948	False
761526554/unspecified	437215757	False
1092991948	437215757	False
1181120673	437215757	False
1181120673	2082570273	False
1848472780	437215757	False
1972085775	437215757	False
1205958647	437215757	False
830895072	437215757	False
59746265	437215757	False
581614179	437215757	False
458723679	437215757	False
793651617	437215757	False
704377697	437215757	False
1181145033	437215757	False
852199222	437215757	False
1468025508	437215757	False
590158429	437215757	False
521644150	437215757	False
886535028	437215757	False
1870792958	2082570273	False
795498738	2082570273	False
1955742846	437215757	False
1170831944	437215757	False
113855390	437215757	False
241259584	2082570273	False
2099226249	437215757	False
971069309	437215757	False
1301112226	437215757	False
374645015	437215757	False
344162786/other	437215757	False
950749043	437215757	False
2114593305	69890123	False
344162786/unspecified	437215757	False
1410885722	437215757	False
162723448	437215757	False
1520312138	437215757	False
408185629	437215757	False
1828273122	437215757	False
1047622632	69890123	False
748684360	437215757	False
800386953	437215757	False
114861782	437215757	False
515117475/unspecified	437215757	False
1258234397	437215757	False
515117475/other	437215757	False
622539597	437215757	False
1070977756	437215757	False
1045590756	437215757	False
1730538785	437215757	False
1617309258	437215757	False
86893536	437215757	False
968321593	437215757	False
2098808565	437215757	False
1752991130	437215757	False
1939783715	437215757	False
1986254320	437215757	False
611884487	437215757	False
2097987918	437215757	False
1159500625	437215757	False
898671899	437215757	False
1368453220	437215757	False
2131489280	437215757	False
1904259873	437215757	False
1901532155	437215757	False
1468443358	437215757	False
1868957860	437215757	False
348880565	437215757	False
591459080	437215757	False
1025126715	437215757	False
407800318	437215757	False
590084641	437215757	False
2014424158	437215757	False
1758486982	437215757	False
1152724767	437215757	False
1180710837	437215757	False
43485318	437215757	False
260431605/unspecified	437215757	False
260431605/other	437215757	False
1791890273/unspecified	437215757	False
1791890273/other	437215757	False
1782446047	437215757	False
2028159831	437215757	False
310525774	437215757	False
311130195	437215757	False
2009723608	437215757	False
627227610	437215757	False
881075891	437215757	False
1452025934	437215757	False
1076459084	437215757	False
95437466	437215757	False
1511666294	437215757	False
172534059	437215757	False
212783184	437215757	False
2126196456	437215757	False
261717573	437215757	False
961342634	437215757	False
259819221	437215757	False
330367715	437215757	False
1814714379	437215757	False
1372580647	437215757	False
126061580	437215757	False
257279035	437215757	False
1507927553	437215757	False
1836987572/unspecified	437215757	False
32381300	437215757	False
2056082629	437215757	False
1836987572/other	437215757	False
1626739132	437215757	False
1070805666	437215757	False
421560565/unspecified	437215757	False
1519976244	437215757	False
1578120180	437215757	False
192317267	437215757	False
1066660073	437215757	False
2123003017	437215757	False
819139656	437215757	False
347173617	1726150948	False
347173617	2082570273	False
2138913203	1726150948	False
2138913203	2082570273	False
1870104478	1726150948	False
1870104478	2082570273	False
1461326813	1726150948	False
1461326813	2082570273	False
1713004064	437215757	False
59420827	639052684	False
825174631	437215757	False
188143345	437215757	False
877691945	437215757	False
1310075986/unspecified	437215757	False
895890688/other	437215757	False
632691012	437215757	False
1079142440	437215757	False
1360742845	437215757	False
1024154490	437215757	False
1024154490	639052684	False
1090376918	437215757	False
1323682030	437215757	False
1323682030	639052684	False
592503877	639052684	False
57624587	639052684	False
863363439	639052684	False
895890688/unspecified	437215757	False
1310075986/other	437215757	False
1575436458	639052684	False
1176185297	437215757	False
1176185297	639052684	False
1018754291	639052684	False
1272236893	639052684	False
51058745	639052684	False
22148446	639052684	False
838827800	639052684	False
918578739	639052684	False
912000451	639052684	False
1633771065	639052684	False
142052508/unspecified	639052684	False
1156467483	639052684	False
142052508/other	639052684	False
2055911922	437215757	False
1179190045	437215757	False
792998717	437215757	False
1296842178	437215757	False
1582326354	437215757	False
1682546376	437215757	False
727572936/other	437215757	False
636442787	437215757	False
971074877	437215757	False
671608920	437215757	False
199926195	437215757	False
997078901	437215757	False
1554686121	437215757	False
1242562217	437215757	False
1050848854	437215757	False
1542022084	437215757	False
483935344	437215757	False
1342042688	437215757	False
368439751	437215757	False
1586238738	437215757	False
1740311007	437215757	False
727572936/unspecified	437215757	False
607238524	437215757	False
1212576561	2082570273	False
2097276976	2082570273	False
786106058	2082570273	False
995310870	437215757	False
1578692740	437215757	False
716546173	2082570273	False
1079654421/other	437215757	False
476505279	437215757	False
1079654421/unspecified	437215757	False
2035326404/other	437215757	False
2035326404/other	2082570273	False
2035326404/unspecified	437215757	False
2035326404/unspecified	2082570273	False
984580942	437215757	False
1308808115	437215757	False
1308808115	2082570273	False
934401704	437215757	False
621183043	1726150948	False
133616951	639052684	False
239985204/unspecified	639052684	False
239985204/other	639052684	False
778191161	437215757	False
778191161	639052684	False
325070079	437215757	False
443932646	437215757	False
194200207	437215757	False
214991332	437215757	False
1859686171	437215757	False
176527586	437215757	False
2134774384	437215757	False
1741519874/unspecified	437215757	False
1741519874/other	437215757	False
1466261902	437215757	False
398735090	437215757	False
102935451	437215757	False
2046208198/unspecified	437215757	False
277345691	437215757	False
1922038628	437215757	False
2046208198/other	437215757	False
1976317967	437215757	False
1667851791	437215757	False
1626028894	437215757	False
94435020	2082570273	False
425213515	2082570273	False
946135091	437215757	False
1391556257	437215757	False
576344431	2082570273	False
1871672644	2082570273	False
958574481	2082570273	False
1264914040/other	2082570273	False
1264914040/unspecified	2082570273	False
1145813715	2082570273	False
1992638304	2082570273	False
1764886525	2082570273	False
553678663	2082570273	False
1775228393	2082570273	False
1096330540	2082570273	False
981500188	2082570273	False
1195691020/unspecified	2082570273	False
1195691020/other	2082570273	False
1437411258	2082570273	False
1881255733/unspecified	2082570273	False
137948740	2082570273	False
124034626	2082570273	False
40398753	2082570273	False
1595026136	2082570273	False
1068805858	2082570273	False
1881255733/other	2082570273	False
867263590	2082570273	False
1851797100	437215757	False
1851797100	2082570273	False
2140708241	2082570273	False
921332634	2082570273	False
1742412137	2082570273	False
1555919427	2082570273	False
1321292468	2082570273	False
1084515160/unspecified	2082570273	False
1084515160/other	2082570273	False
1422140552	2082570273	False
1798198077	2082570273	False
996054063	2082570273	False
1411505176	2082570273	False
1301367190	2082570273	False
21457081	2082570273	False
525875405	2082570273	False
1540965840/other	2082570273	False
1072779485	2082570273	False
986425830	2082570273	False
1557819335	2082570273	False
1917562684	437215757	False
1917562684	2082570273	False
21063503	2082570273	False
524771725	2082570273	False
1522101892	2082570273	False
1007835083	2082570273	False
809513664	2082570273	False
728568723	2082570273	False
374867766	2082570273	False
659345903	2082570273	False
506390162	2082570273	False
54219558	2082570273	False
1955750400	2082570273	False
2098778749	2082570273	False
398087495	2082570273	False
12955175	2082570273	False
2132506026	2082570273	False
1540965840/unspecified	2082570273	False
320939116/other	2082570273	False
2045954085	2082570273	False
807866001	2082570273	False
320939116/unspecified	2082570273	False
231914102	2082570273	False
171433417	2082570273	False
155239409	2082570273	False
1048032051	2082570273	False
587895568	2082570273	False
593358914	2082570273	False
1398301359/unspecified	2082570273	False
198057480	2082570273	False
457723225	2082570273	False
1541354821	2082570273	False
995429783	2082570273	False
1592466107	2082570273	False
1393205731/other	2082570273	False
1548172077	2082570273	False
137260047	2082570273	False
234431289	2082570273	False
1398301359/other	2082570273	False
467618964	2082570273	False
1393205731/unspecified	2082570273	False
378289009	2082570273	False
55732315	2082570273	False
1412360037	2082570273	False
908519836	2082570273	False
545503130	2082570273	False
592540137	2082570273	False
1691795580	2082570273	False
531992011	2082570273	False
1439848767	69890123	False
561973698	69890123	False
1665630624	2082570273	False
1144308820	69890123	False
784669405/unspecified	2082570273	False
1170766352	2082570273	False
1024673117	2082570273	False
815371435	69890123	False
780087080	69890123	False
784669405/other	2082570273	False
1960178239	69890123	False
804818712	69890123	False
1131874111	69890123	False
1717822746	69890123	False
692627574	69890123	False
1603260352	69890123	False
1032307009	69890123	False
1538759435	69890123	False
1498131691	69890123	False
1169384556	69890123	False
818632099	69890123	False
1227526590	69890123	False
553167358	69890123	False
1006657919	69890123	False
1224838190	69890123	False
1489767637	69890123	False
1331941447	2082570273	False
744578092	69890123	False
327718790	2082570273	False
1884917970	2082570273	False
2120398583	69890123	False
1912806631/other	2082570273	False
855656343	69890123	False
315857351	2082570273	False
1806112165	437215757	False
1806112165	2082570273	False
760322910/unspecified	437215757	False
760322910/unspecified	2082570273	False
1323593849	437215757	False
1323593849	2082570273	False
1781315693	2082570273	False
1912806631/unspecified	2082570273	False
695959188	2082570273	False
760322910/other	437215757	False
760322910/other	2082570273	False
1057235839	437215757	False
1943971906	2082570273	False
1940221808	2082570273	False
793808984	2082570273	False
1759668616	2082570273	False
50133217	2082570273	False
1133937916	2082570273	False
481852400/other	2082570273	False
2030367981	2082570273	False
549472657	2082570273	False
1432320915	2082570273	False
229221394	2082570273	False
1377614074	2082570273	False
1066724932	2082570273	False
983355198	2082570273	False
469481605/other	2082570273	False
474954105	2082570273	False
1642018758	2082570273	False
469481605/unspecified	2082570273	False
1210061614	2082570273	False
1374778016	2082570273	False
1950717792	2082570273	False
1711029358	2082570273	False
857962451	2082570273	False
1338213145	2082570273	False
1769383160	2082570273	False
1249168134	2082570273	False
1057142191/other	2082570273	False
505486510	2082570273	False
90565364	2082570273	False
990493182	2082570273	False
1318485859	2082570273	False
351287130	2082570273	False
2077716525	2082570273	False
1067475238	2082570273	False
180194892	2082570273	False
1057142191/unspecified	2082570273	False
593696296	2082570273	False
1235727122	2082570273	False
1026863306	2082570273	False
133444243	2082570273	False
1656749831	2082570273	False
1947902215	2082570273	False
649193479	2082570273	False
2125493521/other	2082570273	False
2114365251	2082570273	False
2125493521/unspecified	2082570273	False
1271781705	2082570273	False
243306260	2082570273	False
319563521	2082570273	False
1645607956	437215757	False
1119369752	1726150948	False
778232056	1726150948	False
922082666	1726150948	False
686460192	1726150948	False
983732786	1726150948	False
891367271	1726150948	False
977758882	1726150948	False
453914254	1726150948	False
1965759338	1726150948	False
2063881303	1726150948	False
780605544	1726150948	False
300900170	1726150948	False
927250371	1726150948	False
1855055889	1726150948	False
948413656	1726150948	False
698285441/other	1726150948	False
698285441/unspecified	1726150948	False
1127719484	1726150948	False
1576407378	1726150948	False
1326866504	1726150948	False
617067020	1726150948	False
1099726746	1726150948	False
1349182195	1726150948	False
108749166	69890123	False
453532731	69890123	False
1057136878	69890123	False
2007429964	69890123	False
786709893	69890123	False
1692338248	2082570273	False
1268183934/other	2082570273	False
1351188281	2082570273	False
597627283/unspecified	2082570273	False
2072552498	2082570273	False
820616822	2082570273	False
1500018782	2082570273	False
1762517169	2082570273	False
1268183934/unspecified	2082570273	False
194782130	2082570273	False
381742412	2082570273	False
963417210	2082570273	False
763951483	2082570273	False
342723423	2082570273	False
92432538	2082570273	False
46246899	2082570273	False
1734787729	2082570273	False
1986853646	2082570273	False
2119262451	2082570273	False
1737123431	2082570273	False
170332258	2082570273	False
1573783249	2082570273	False
2116724673	2082570273	False
32799822	2082570273	False
897124085	2082570273	False
694560815	2082570273	False
597627283/other	2082570273	False
1876249967	2082570273	False
1395221836	2082570273	False
110465666	2082570273	False
1623827724	2082570273	False
1196624595	2082570273	False
578178116	2082570273	False
957368526	2082570273	False
321336984	2082570273	False
695549192	437215757	False
695549192	2082570273	False
1106082935/other	437215757	False
1106082935/other	2082570273	False
1106082935/unspecified	437215757	False
1106082935/unspecified	2082570273	False
1824134974	2082570273	False
1642684637	2082570273	False
786251500/other	2082570273	False
507077490	2082570273	False
786251500/unspecified	2082570273	False
287994615	2082570273	False
2071113448	2082570273	False
239627448	2082570273	False
977615150	2082570273	False
1741212084	2082570273	False
2103112167	2082570273	False
1093039261	2082570273	False
1855825638	437215757	False
1855825638	2082570273	False
977870982	2082570273	False
1929952118	2082570273	False
1012069951	2082570273	False
1187235198	2082570273	False
325700515	2082570273	False
1473405142	2082570273	False
1375975352	2082570273	False
2046015098/unspecified	2082570273	False
1867966588	2082570273	False
664564005	2082570273	False
861668321	2082570273	False
2046015098/other	2082570273	False
260982566	2082570273	False
1895443567	2082570273	False
194601438	2082570273	False
682637600	437215757	False
624340046	437215757	False
1318266453	437215757	False
562839694	437215757	False
613546852	437215757	False
1432253890	437215757	False
188833510	437215757	False
1238184100	2082570273	False
1415439985	437215757	False
1076554233	437215757	False
860133018	437215757	False
264755710	437215757	False
1025024097	437215757	False
1005770900	437215757	False
1346278360	437215757	False
877089176	437215757	False
1855224446	437215757	False
1134273059	437215757	False
684930313/other	437215757	False
23840474	437215757	False
1327378915	437215757	False
726591871	437215757	False
684930313/unspecified	437215757	False
908937367	437215757	False
976371426	2082570273	False
1300748171	2082570273	False
157400367	2082570273	False
1159629836	437215757	False
1159629836	2082570273	False
860785256	437215757	False
860785256	2082570273	False
767599037	2082570273	False
2028342898	2082570273	False
1307641658	2082570273	False
1832102236	2082570273	False
1126485754	2082570273	False
2043152322	2082570273	False
1191667556	2082570273	False
431602219	2082570273	False
1206034420	2082570273	False
698553167	2082570273	False
412595099	2082570273	False
497267982	437215757	False
775356003/unspecified	2082570273	False
308401093	2082570273	False
1815433288	437215757	False
1116926497	437215757	False
1039037143	437215757	False
1226540022	2082570273	False
48273613	2082570273	False
479941154	437215757	False
760209775	437215757	False
1233448408	2082570273	False
206687124	437215757	False
1032655599	2082570273	False
1210500328	2082570273	False
1665163940	437215757	False
38320170	437215757	False
1568078343	2082570273	False
833409171	2082570273	False
743092991	2082570273	False
806511043	437215757	False
1431940183	437215757	False
1765879706	2082570273	False
689043757	2082570273	False
1426565004	437215757	False
969792331	437215757	False
375970165	437215757	False
1938755611	437215757	False
762120574	2082570273	False
1018075746	437215757	False
382691589	437215757	False
1062437384	437215757	False
79167586	437215757	False
1614177109	437215757	False
629126866/other	437215757	False
132294774	437215757	False
1360075821	437215757	False
2143605582	437215757	False
838770280	437215757	False
714215906	437215757	False
1034448562	437215757	False
1977691885/other	2082570273	False
1656744891	437215757	False
1077688798	437215757	False
1977691885/unspecified	2082570273	False
629126866/unspecified	437215757	False
935907700	437215757	False
1146394138	437215757	False
777604655	437215757	False
2061815496	437215757	False
1065542393	437215757	False
1878277597	437215757	False
1128677700/unspecified	437215757	False
1951125837	437215757	False
1128677700/other	437215757	False
218535516	437215757	False
5628351	437215757	False
1031905196	437215757	False
239240716	437215757	False
1151048183	437215757	False
1708105512	437215757	False
1923797700	437215757	False
118175873	437215757	False
1585764147	437215757	False
1736622175	437215757	False
92952472	437215757	False
1320244338	437215757	False
469672509	437215757	False
1651247891/other	437215757	False
896866865	437215757	False
1200236878	437215757	False
1651247891/unspecified	437215757	False
348525836	437215757	False
1884626736	437215757	False
406987739	437215757	False
2097802831	437215757	False
287258758	437215757	False
831696556	437215757	False
831696556	2082570273	False
120848300	2082570273	False
1435390252	437215757	False
1709165622	437215757	False
830703931	437215757	False
11754903	437215757	False
773251916	437215757	False
1407360618	437215757	False
1170570126	437215757	False
302625246	437215757	False
279497240	437215757	False
112774633	437215757	False
1524168630	437215757	False
1495453909	437215757	False
1063313527	437215757	False
612255284	437215757	False
238643442	437215757	False
94361773	437215757	False
485862779	437215757	False
2089700977	437215757	False
657977518	437215757	False
219361296	437215757	False
2082736978	437215757	False
1426580201	437215757	False
1959568836	437215757	False
1448048545	437215757	False
555058567	437215757	False
1974989140	437215757	False
238495338	437215757	False
2039886632	437215757	False
40031813	437215757	False
1953154909	437215757	False
573337728	437215757	False
1447466670	437215757	False
1723965278/unspecified	437215757	False
1723965278/other	437215757	False
612864262	437215757	False
1486098269	437215757	False
843157001	437215757	False
488006938	437215757	False
394105231	437215757	False
394105231	2082570273	False
578705533	437215757	False
2131706649	437215757	False
1182823427	437215757	False
1208480469	437215757	False
1827301146	437215757	False
860564502	437215757	False
1194562592	2082570273	False
1456802165	437215757	False
1403471635	437215757	False
1942095878	437215757	False
2005009412	437215757	False
1437451610	437215757	False
124737785	437215757	False
100621829	437215757	False
182198409	437215757	False
406270192	437215757	False
1538569960	437215757	False
985237347	437215757	False
1164401900	437215757	False
385597947	437215757	False
1053807739	437215757	False
1842329598	437215757	False
2083072661	437215757	False
1787589781	437215757	False
264747265	437215757	False
276016147	437215757	False
781553243	437215757	False
439529729	437215757	False
1357623034	437215757	False
443611617	437215757	False
425912065	437215757	False
870467508	1726150948	False
10036778	1726150948	False
1051799633	1726150948	False
1572360859	1726150948	False
834285062	1726150948	False
777437455	1726150948	False
955490063	1726150948	False
1050165412	437215757	False
1559390111	437215757	False
796843471	437215757	False
970687439	437215757	False
788102641	437215757	False
268448117	437215757	False
244932428	437215757	False
1883767630	437215757	False
795847421	437215757	False
1211767869	437215757	False
1366690608	437215757	False
358047372	437215757	False
1880920858	437215757	False
188684108/other	437215757	False
78758887	437215757	False
2091748684	69890123	False
1888243512	69890123	False
1421474125	69890123	False
1486371633	69890123	False
863862503	437215757	False
296066191/unspecified	1726150948	False
169504799	1726150948	False
169504799	69890123	False
811427861	1726150948	False
296066191/other	1726150948	False
1973955757	437215757	False
1877502096	437215757	False
1041490800	1726150948	False
1254011793	1726150948	False
417861969	1726150948	False
1220685756/other	1726150948	False
1220685756/unspecified	1726150948	False
510498140	437215757	False
1785145382	2082570273	False
1084183178	437215757	False
832233624/other	2082570273	False
1226870901	437215757	False
832233624/unspecified	2082570273	False
254600628	2082570273	False
1109839854	2082570273	False
392772001	2082570273	False
248512381	2082570273	False
2004248995	2082570273	False
1182703938	2082570273	False
503670475	2082570273	False
619725280	437215757	False
1062186318	437215757	False
1172131093	437215757	False
148671536	437215757	False
710893141	437215757	False
2019158769	437215757	False
385455577	437215757	False
193246692	437215757	False
1409737155	437215757	False
1314810340/other	437215757	False
1314810340/unspecified	437215757	False
1969731422	437215757	False
1070993227	437215757	False
1721145281	437215757	False
212692691	437215757	False
113850922	437215757	False
1042823388	437215757	False
1425747293	437215757	False
827988824	437215757	False
2098149771	437215757	False
329171616	437215757	False
415556816	437215757	False
87792802	437215757	False
1201486458	437215757	False
965457113	437215757	False
884098455	437215757	False
768452424	437215757	False
362255149	437215757	False
1265783454	437215757	False
489221449	437215757	False
1617973556	437215757	False
177886190	437215757	False
830017728	437215757	False
140914976	437215757	False
975002142	437215757	False
381970016	437215757	False
1222797665	437215757	False
971059828	437215757	False
87377661	437215757	False
927870463	437215757	False
780856588	437215757	False
1009411875	437215757	False
1299917897	2082570273	False
2015780614	437215757	False
339215506	437215757	False
2013578620	2082570273	False
462885251	437215757	False
426472305	437215757	False
198423291	2082570273	False
1768432384	437215757	False
1970612453	437215757	False
641919687	2082570273	False
601463529	437215757	False
674292189	2082570273	False
736553724	437215757	False
1983664632	437215757	False
1772613347	437215757	False
76410216	437215757	False
481244592	437215757	False
1398957367	437215757	False
1876714317	437215757	False
1300051267	437215757	False
1827251426	437215757	False
693484297	437215757	False
867513763	437215757	False
286239176	437215757	False
532832520	437215757	False
179324246	437215757	False
864844707	437215757	False
674469683	437215757	False
2087798600	437215757	False
374418063	437215757	False
1540941123	437215757	False
172324702	437215757	False
1414852473	437215757	False
1674038791	437215757	False
1352642742	437215757	False
1659165624	437215757	False
1962783063	437215757	False
603148235	437215757	False
301636556	437215757	False
1490123961	437215757	False
525698119	437215757	False
1248982672	437215757	False
1451123506	437215757	False
1131319337	437215757	False
1993817372	437215757	False
1792583870	437215757	False
1564030661	437215757	False
1037456932	437215757	False
2021139095	437215757	False
494864398	437215757	False
996160062	437215757	False
390922194	437215757	False
1789367554	437215757	False
1073535593	437215757	False
434364505	437215757	False
1520484607	437215757	False
702918792	437215757	False
317915704	437215757	False
1054855128	437215757	False
1779628674	437215757	False
1808740829	437215757	False
468477071	437215757	False
779141415	437215757	False
39587017	437215757	False
790719379	437215757	False
1141003289	437215757	False
655466254	437215757	False
475798973	437215757	False
627057482	437215757	False
551542444	437215757	False
1353496166	437215757	False
163316971	437215757	False
1655375736/unspecified	1726150948	False
563606390	1726150948	False
1155284708	1726150948	False
565740065/other	437215757	False
902939755	437215757	False
1968672576	437215757	False
247083119	437215757	False
1098683540	437215757	False
565740065/unspecified	437215757	False
1911167360	437215757	False
236814367	437215757	False
1043229589	437215757	False
1691058302	437215757	False
1141799940	437215757	False
352332054	437215757	False
364669853/other	437215757	False
654966035	437215757	False
364669853/unspecified	437215757	False
175413833	437215757	False
1088800108	1726150948	False
1426050239	437215757	False
1853317960	437215757	False
809274283	437215757	False
1362213424	437215757	False
71574697	437215757	False
296335559	437215757	False
787440033	437215757	False
1393869347	437215757	False
751442348	437215757	False
1114324451	437215757	False
1682857588	437215757	False
506091677	437215757	False
1266701892	437215757	False
729749813	437215757	False
769499088	437215757	False
1248995504	437215757	False
135315980	437215757	False
785713513	437215757	False
1357472042	437215757	False
756297560	437215757	False
1119344369	1726150948	False
749489882	1726150948	False
1173624218	1726150948	False
270634871	1726150948	False
730684274	1726150948	False
1658154282	1726150948	False
1623731956	1726150948	False
2027781145	1726150948	False
388810416	1726150948	False
1171850356	1726150948	False
651281049	1726150948	False
710305644	1726150948	False
1922851083	1726150948	False
301968872	1726150948	False
99837268	1726150948	False
1129134415	1726150948	False
1397836700	1726150948	False
868851323	1726150948	False
1494928041	1726150948	False
1206955889	1726150948	False
1274865305	1726150948	False
1468768235/other	1726150948	False
194105820	1726150948	False
938026461	1726150948	False
1619582852	1726150948	False
1710319105/other	1726150948	False
1855418451	1726150948	False
1543494610	1726150948	False
199015879	1726150948	False
694002628	1726150948	False
1693157226	1726150948	False
23152667	1726150948	False
1072662343	1726150948	False
1035710165	1726150948	False
667827571	1726150948	False
1536636614	1726150948	False
795022044/unspecified	1726150948	False
1339202943	1726150948	False
1965837313	1726150948	False
1395283456	1726150948	False
198608831	1726150948	False
131014120	1726150948	False
235360465	1726150948	False
508603587	1726150948	False
2097075589	1726150948	False
2116571084	1726150948	False
1957030048	1726150948	False
240932449	1726150948	False
1387132352	1726150948	False
1314209089	1726150948	False
1599283639	1726150948	False
1775535234	1726150948	False
1648213213	1726150948	False
327038878	1726150948	False
1957424191	1726150948	False
1574982062	1726150948	False
976174979	1726150948	False
1192105868	1726150948	False
1750279358	1726150948	False
1870346724	1726150948	False
2085283166	1451583031	False
228993131	1726150948	False
657917355	1726150948	False
368223524	1726150948	False
149403041	1451583031	False
1446778854	1726150948	False
729565689	1726150948	False
1312261229	1726150948	False
122696113	1726150948	False
1026716561	1726150948	False
1108993080	1726150948	False
768714953	1726150948	False
1384219098	1726150948	False
1755417368	1726150948	False
737694495	437215757	False
1786015803/other	1301318821	False
1657756257	1301318821	False
1534506036	1301318821	False
1672730125	1301318821	False
1786015803/unspecified	1301318821	False
1182698447	1301318821	False
1995941600	1301318821	False
1821609913	1301318821	False
195434342	1301318821	False
2022375194	1301318821	False
800145761	1301318821	False
1930242681	1301318821	False
917064474	1301318821	False
1404984529	1301318821	False
1915519289	1301318821	False
39515681	1301318821	False
959217874	1301318821	False
1767366864	1301318821	False
352299041	1301318821	False
223819380	1301318821	False
371372567	1301318821	False
1666837877	1301318821	False
302850733	1301318821	False
297433552	1301318821	False
571063415	1301318821	False
446504143	1301318821	False
438093865	1301318821	False
486754660	1301318821	False
40790611	1301318821	False
1000099724	1301318821	False
1616050398/unspecified	1301318821	False
1729182645	1301318821	False
1891056274	1301318821	False
102579169	1301318821	False
1584126244	1301318821	False
680227490	1301318821	False
2011033169	1301318821	False
702525006/unspecified	1301318821	False
963887455	1301318821	False
705015637	1301318821	False
389180444	1301318821	False
702525006/other	1301318821	False
1742380769	1301318821	False
1811140613	1301318821	False
526287100	1301318821	False
2048216430	1301318821	False
2058944823	1301318821	False
1788290685	1301318821	False
1720169408	1301318821	False
1738843761/other	1301318821	False
1738843761/unspecified	1301318821	False
1747496011	1301318821	False
1141137829	1301318821	False
1581599493	1301318821	False
1939292379	1301318821	False
1512142924	1301318821	False
1075154059	1301318821	False
808954959	1301318821	False
1475690810	1301318821	False
1617322056	1301318821	False
2074817491	1301318821	False
186920813	1301318821	False
1963207768	1301318821	False
1468530237	1301318821	False
631263622	1301318821	False
1515439945	1301318821	False
1613358778	1301318821	False
1988933820	1301318821	False
1632520399	1301318821	False
517546180	1301318821	False
1611980611/unspecified	1301318821	False
1070700011	1301318821	False
877055215	1301318821	False
585339631	1301318821	False
1611980611/other	1301318821	False
233404891	1301318821	False
1747901096	437215757	False
1747901096	2082570273	False
2043168717	437215757	False
2043168717	2082570273	False
594689864	2082570273	False
2082163425	1301318821	False
1267231647	1301318821	False
1587058820/unspecified	1301318821	False
1587058820/other	1301318821	False
868468606/other	437215757	False
420403478	437215757	False
868468606/unspecified	437215757	False
271753352	437215757	False
1848981072/other	437215757	False
1505896560	437215757	False
1108009158	2082570273	False
1848981072/unspecified	437215757	False
1367795006	437215757	False
576319925/unspecified	2082570273	False
1698769251	2082570273	False
941747836	437215757	False
1934946942	2082570273	False
828351769	2082570273	False
1249305608	2082570273	False
1011252191	2082570273	False
2000006803	2082570273	False
622473950/unspecified	437215757	False
1097949915	437215757	False
595794259	437215757	False
216184590	437215757	False
216184590	2082570273	False
358098078	437215757	False
635383150	437215757	False
680286863	437215757	False
1794400258	437215757	False
680965837	2082570273	False
1931984831	437215757	False
1740814254	437215757	False
1957497923	2082570273	False
1362564388	639052684	False
467851106	639052684	False
1445677015	639052684	False
983679911	639052684	False
1339046683	639052684	False
2094373978	639052684	False
242668079	639052684	False
67016273	639052684	False
117325330	639052684	False
1733785551	639052684	False
1396058823	639052684	False
644175396	639052684	False
74359553	639052684	False
108649610	639052684	False
1174677233	639052684	False
1641338379	639052684	False
1216860745	639052684	False
138830223	639052684	False
2018867701	639052684	False
932252448	639052684	False
1306902733	639052684	False
1915809570	639052684	False
1812673683	639052684	False
38772626	437215757	False
84696315	437215757	False
1994575727	437215757	False
1728336388	437215757	False
329843451	437215757	False
1906379782	437215757	False
1615303023	437215757	False
350929296	437215757	False
1899800963	437215757	False
1477285510	437215757	False
1770247378	437215757	False
930168266	437215757	False
1151315550	437215757	False
808648355	437215757	False
1379594332	437215757	False
647471267	437215757	False
1181181776	437215757	False
1138519351	437215757	False
567567304	437215757	False
972471072	437215757	False
2021737736	437215757	False
1216222450	437215757	False
1434006327	437215757	False
933285757	437215757	False
409913165	437215757	False
1549137962	437215757	False
613853022	437215757	False
617934780	437215757	False
1785559356	437215757	False
1389644558	1301318821	False
407837717	1301318821	False
687608148	437215757	False
1858611105	437215757	False
306989543	1301318821	False
1076572111	437215757	False
817961501	437215757	False
749366191	1301318821	False
931322230	437215757	False
187878755	437215757	False
556238712	437215757	False
89879962	437215757	False
1388909796	437215757	False
1955336341	437215757	False
1127188873	437215757	False
613158424	437215757	False
1147947746	437215757	False
1775185986	437215757	False
1290245394	437215757	False
427893169	437215757	False
644105245	437215757	False
1435162505	437215757	False
462967468	437215757	False
1988472502	437215757	False
1045761904	437215757	False
702136373	437215757	False
1269376888	437215757	False
1290462227	437215757	False
698427783	437215757	False
475068127	437215757	False
1561098618	437215757	False
944223468	437215757	False
1515174419	437215757	False
1057257351	437215757	False
768989984	437215757	False
764908542	437215757	False
1114464965	437215757	False
1220725973	437215757	False
772869714	437215757	False
1073189689	437215757	False
1285202555	437215757	False
693292345	437215757	False
1522294445	437215757	False
1276706989	437215757	False
1264239560	437215757	False
1368189778	437215757	False
2052637996	437215757	False
352104711	437215757	False
1252496602	437215757	False
1577033158	437215757	False
993179959	437215757	False
520086773	437215757	False
951341140	437215757	False
2017303841	437215757	False
786623214	437215757	False
100644933	437215757	False
337192240	437215757	False
1901258938	437215757	False
1744287420	437215757	False
1622439377	437215757	False
684223338	437215757	False
45906734	437215757	False
966920688	437215757	False
1980836817	437215757	False
1210575139	437215757	False
1743380755	437215757	False
406272668	437215757	False
324724293	437215757	False
1096898180	437215757	False
226039476	437215757	False
1748163362	437215757	False
2043954763	437215757	False
480218079	437215757	False
1869682763	437215757	False
171627999	437215757	False
2058029337	437215757	False
958986646	437215757	False
1478871059	437215757	False
467421366	437215757	False
2041641855	437215757	False
303566089	437215757	False
107880690	437215757	False
2123859232	437215757	False
1079621381	1301318821	False
110646208	437215757	False
864399177	437215757	False
1054267564	437215757	False
856598467	437215757	False
197862435	437215757	False
1553209190	437215757	False
1502182006	437215757	False
1277815767	437215757	False
752486039	437215757	False
1215327979	437215757	False
942670067	437215757	False
942670067	2082570273	False
355612100	1301318821	False
986576766	1301318821	False
442019384/other	1301318821	False
442019384/unspecified	1301318821	False
63666460	1301318821	False
304997495	1301318821	False
1719710858	1301318821	False
2003184099	1301318821	False
359540510	1301318821	False
1881533064	1301318821	False
76069495	1301318821	False
1172876400	1301318821	False
480928417	1301318821	False
1640200163	1301318821	False
1410216197	1301318821	False
2044833589	1301318821	False
800945476	1301318821	False
547578362	1301318821	False
1210287093	1301318821	False
423002561	1301318821	False
1118531333	1301318821	False
1348470541	1301318821	False
826670225	1301318821	False
1651102476	1301318821	False
2055720774	1301318821	False
979754709	1301318821	False
1251935150	1301318821	False
990494080	1301318821	False
644500343	1301318821	False
1544901926	1301318821	False
1991400753	1301318821	False
819644414	1301318821	False
2131977134	1301318821	False
1731312506	1301318821	False
131965197	1301318821	False
376183718	1301318821	False
673566475	1301318821	False
969101922	1301318821	False
1552457716	1301318821	False
1729842914	1301318821	False
1965082709/other	1301318821	False
160795619	1301318821	False
1100526834	1301318821	False
1625755389	1301318821	False
654289190	1301318821	False
1965082709/unspecified	1301318821	False
669033105	1301318821	False
1425921467	1301318821	False
267067189	1301318821	False
542147910	1301318821	False
1397617262	1301318821	False
1707654227	1301318821	False
1894406676/unspecified	1301318821	False
1103107484	1301318821	False
911859018/unspecified	1301318821	False
1071237724	1301318821	False
315445782	1301318821	False
1893076536	1301318821	False
1159416016	1301318821	False
1128819057	1301318821	False
5747278	1301318821	False
1299055263	1301318821	False
1078206702	1301318821	False
922082116	1301318821	False
1511346466	1301318821	False
1404966610	1301318821	False
75194057	1301318821	False
1718833206	1301318821	False
447433352	1301318821	False
1766185236	1301318821	False
855261561	1301318821	False
1630573405	1301318821	False
621800828	1301318821	False
2119272674	1301318821	False
316539081	1301318821	False
1120037543/unspecified	1301318821	False
554855119	1301318821	False
228504985	1301318821	False
1376721186/other	1301318821	False
477636850	1301318821	False
2121278989	1301318821	False
1758820365	1301318821	False
1376721186/unspecified	1301318821	False
456911769	1301318821	False
2090549892	1301318821	False
457240160	1301318821	False
924753077	1301318821	False
2033444200	1301318821	False
982190055	1301318821	False
147026376	1301318821	False
1872149350	1301318821	False
263421031	1301318821	False
986359233	1301318821	False
1047754165/other	1301318821	False
202249350	1301318821	False
257328375	1301318821	False
2121585750	1301318821	False
1047754165/unspecified	1301318821	False
2114917224	1301318821	False
553023050	1301318821	False
438747169	1301318821	False
1523960008	1301318821	False
1329624192	1301318821	False
799260051	1301318821	False
829904129	1301318821	False
516143029	1301318821	False
1416733250	1301318821	False
1420622006	1301318821	False
1804651352	1301318821	False
18290401	1301318821	False
1835004125	1301318821	False
1215780239	1301318821	False
1944522969	1301318821	False
943277182	1301318821	False
2020474091	1301318821	False
646030458	1301318821	False
928996536	1301318821	False
2001317057	1301318821	False
1192316229	1301318821	False
573511776	1301318821	False
843198888	1301318821	False
1402173281	1301318821	False
1168448278	1301318821	False
1575030483	1301318821	False
143112818	1301318821	False
116769728	1301318821	False
1944385475	1301318821	False
1122424959	1301318821	False
910919810	1301318821	False
552523392	1301318821	False
309852644	1301318821	False
665654763	1301318821	False
1140743847	1301318821	False
798353632	1301318821	False
1392526612	1301318821	False
1530443809	1301318821	False
1911344636	69890123	False
959493854	1301318821	False
459381514	1301318821	False
1694252775	69890123	False
685124533	1301318821	False
1399791513	69890123	False
367402464	1301318821	False
1256072522	1301318821	False
821359459	1301318821	False
751805133/other	1301318821	False
1551596364	1301318821	False
1302193697	1301318821	False
751805133/unspecified	1301318821	False
1127799824	69890123	False
170291672	69890123	False
1448983042	1301318821	False
488336723	1726150948	False
488336723	1301318821	False
1280712786/unspecified	69890123	False
1833969739	1301318821	False
1203447657	1301318821	False
712393740	1301318821	False
680322043	1301318821	False
1706880799/unspecified	1301318821	False
1540054175	1301318821	False
1096290580/unspecified	1301318821	False
795216992	1301318821	False
1705187418	1301318821	False
1800186673	1301318821	False
1244512758	1301318821	False
1048613131	1301318821	False
1096290580/other	1301318821	False
1880768829	437215757	False
1880768829	2082570273	False
1076472503	437215757	False
1076472503	2082570273	False
321031024	437215757	False
321031024	2082570273	False
933942548	437215757	False
933942548	2082570273	False
1993702070	437215757	False
1993702070	2082570273	False
1782854071	437215757	False
1782854071	2082570273	False
289288790	437215757	False
289288790	2082570273	False
1706880799/other	1301318821	False
2141866691	437215757	False
2141866691	2082570273	False
1208994223	437215757	False
1208994223	2082570273	False
60020204	437215757	False
60020204	2082570273	False
1688335563	437215757	False
1688335563	2082570273	False
1114084947	437215757	False
1114084947	2082570273	False
1319037463	437215757	False
1319037463	2082570273	False
319539586	437215757	False
319539586	2082570273	False
939020496	437215757	False
939020496	2082570273	False
1657561523	437215757	False
1657561523	2082570273	False
388522012	437215757	False
388522012	2082570273	False
335781572	437215757	False
335781572	2082570273	False
840242929	437215757	False
840242929	2082570273	False
1073801305	437215757	False
1073801305	2082570273	False
1097149029	437215757	False
1097149029	2082570273	False
1572219268	437215757	False
1572219268	2082570273	False
2122597235	437215757	False
2122597235	2082570273	False
841783587	437215757	False
841783587	2082570273	False
1963353887	1301318821	False
273525387	1301318821	False
613386023	1301318821	False
729040725	1301318821	False
55973654	1726150948	False
943760810	1726150948	False
1368993024	1726150948	False
733054261	1726150948	False
1523310462	437215757	False
265520344	1726150948	False
624707101	437215757	False
751815375	2082570273	False
151164685	2082570273	False
2004662188	2082570273	False
1817692200	2082570273	False
1225932792	2082570273	False
1257350274	2082570273	False
1243325964	2082570273	False
1199865735	2082570273	False
2122391178	2082570273	False
187475415	2082570273	False
1272950066	2082570273	False
1804725651	2082570273	False
1234867684	2082570273	False
413390388	2082570273	False
1096610811	2082570273	False
1304781461	2082570273	False
1117328023	2082570273	False
125269858	2082570273	False
1868214878	2082570273	False
442626161/unspecified	1726150948	False
911031711	1726150948	False
1387123558	2082570273	False
1203576957	2082570273	False
1074616655	2082570273	False
1882063107	2082570273	False
442626161/other	1726150948	False
341230363	1726150948	False
529993761	2082570273	False
979616305	2082570273	False
993397939	2082570273	False
1970105132	2082570273	False
1897729679	1726150948	False
1897729679	2082570273	False
770887951/other	1726150948	False
770887951/other	2082570273	False
611886666/unspecified	1726150948	False
2076509268	2082570273	False
769120660	1726150948	False
770887951/unspecified	1726150948	False
770887951/unspecified	2082570273	False
162912369	1726150948	False
162912369	2082570273	False
1042741519	1726150948	False
1042741519	2082570273	False
95444592	1726150948	False
95444592	2082570273	False
611886666/other	1726150948	False
73523461	1726150948	False
73523461	2082570273	False
593350276	1726150948	False
593350276	2082570273	False
899562275/unspecified	1726150948	False
899562275/unspecified	2082570273	False
2018938864	1726150948	False
2018938864	2082570273	False
1093888988/other	1726150948	False
1093888988/other	2082570273	False
587888926	2082570273	False
345593956	2082570273	False
952576649	1726150948	False
952576649	2082570273	False
259064684/other	1726150948	False
259064684/other	2082570273	False
153725862	1726150948	False
1093888988/unspecified	1726150948	False
1093888988/unspecified	2082570273	False
2115139779/unspecified	1726150948	False
1382905602	2082570273	False
576443306	2082570273	False
706027429	2082570273	False
821778817	2082570273	False
874093341	1726150948	False
124287231	2082570273	False
365490904	2082570273	False
309890020	2082570273	False
1085590500/unspecified	1726150948	False
1711167100	2082570273	False
1665071312	1726150948	False
1532193937	1726150948	False
1664681665	2082570273	False
620081214	2082570273	False
259064684/unspecified	1726150948	False
259064684/unspecified	2082570273	False
1199408153	2082570273	False
483890287	2082570273	False
786317416	2082570273	False
1085590500/other	1726150948	False
242445297	1726150948	False
242445297	2082570273	False
1818388016	1726150948	False
1818388016	2082570273	False
1802515677	1726150948	False
1802515677	2082570273	False
2131759194	2082570273	False
416233167	1726150948	False
416233167	2082570273	False
637470326/other	1726150948	False
637470326/other	2082570273	False
459795805	2082570273	False
1442607898	1726150948	False
1442607898	2082570273	False
754240547	2082570273	False
14156237	2082570273	False
637470326/unspecified	1726150948	False
637470326/unspecified	2082570273	False
852861053	1726150948	False
495078252	1726150948	False
495078252	2082570273	False
2043723510/unspecified	1726150948	False
2043723510/unspecified	2082570273	False
971259704	2082570273	False
1313054604	1726150948	False
1313054604	2082570273	False
561464015	1726150948	False
561464015	2082570273	False
327063242	1726150948	False
327063242	2082570273	False
956813047/other	1726150948	False
1780588137	1726150948	False
146897496	1726150948	False
146897496	2082570273	False
1843774992	1726150948	False
1843774992	2082570273	False
1548485475/other	1726150948	False
1548485475/other	2082570273	False
956813047/unspecified	1726150948	False
1548485475/unspecified	1726150948	False
1548485475/unspecified	2082570273	False
145623962	1726150948	False
424187633	1726150948	False
424187633	2082570273	False
500271427	1726150948	False
500271427	2082570273	False
685855644/unspecified	1726150948	False
685855644/unspecified	2082570273	False
548769328	437215757	False
548769328	2082570273	False
81235923	437215757	False
81235923	2082570273	False
990536354	437215757	False
990536354	2082570273	False
1921411839	2082570273	False
1545872287	2082570273	False
2030864077	2082570273	False
388411214	437215757	False
388411214	2082570273	False
900037931	437215757	False
900037931	2082570273	False
1803907695	437215757	False
1803907695	2082570273	False
958035642	2082570273	False
1748578425	437215757	False
1748578425	2082570273	False
231270764	437215757	False
231270764	2082570273	False
667243368	1726150948	False
667243368	2082570273	False
171698302	2082570273	False
1858528032	437215757	False
544549460	1726150948	False
544549460	2082570273	False
523988824	437215757	False
1779539865	437215757	False
1937985873	437215757	False
1805008807	437215757	False
2075495623	437215757	False
358542590	437215757	False
515690344	437215757	False
249426483	437215757	False
2054202062	437215757	False
1861294897	437215757	False
66037326	437215757	False
1594247995/unspecified	437215757	False
1894665029	437215757	False
2079785714	437215757	False
257577485	437215757	False
250015780	437215757	False
1592738794	437215757	False
1716279560	437215757	False
1352256487	437215757	False
1619223171	437215757	False
1594247995/other	437215757	False
1611501597	437215757	False
1541106712	437215757	False
7434502	437215757	False
800288201	437215757	False
672765054	437215757	False
1226344106	437215757	False
2060835178	437215757	False
728329238	437215757	False
1135624313	437215757	False
1971956076	437215757	False
535530573	437215757	False
1569084131	437215757	False
902925330	437215757	False
1117669833	437215757	False
552541643	437215757	False
1769203813	437215757	False
203863886	437215757	False
922849110	437215757	False
471897222	437215757	False
239192390	437215757	False
958688697	437215757	False
382089702	437215757	False
1745517194	437215757	False
1484511712	437215757	False
945349077	437215757	False
1776966116	437215757	False
1134304278	437215757	False
1801749525	437215757	False
1480391336	69890123	False
724972243	69890123	False
1172165889	437215757	False
909084390	437215757	False
563069302	437215757	False
1202682038	437215757	False
1134561565	437215757	False
493896839	437215757	False
342653771	437215757	False
364777682	437215757	False
1898428127	437215757	False
1986295220	437215757	False
727252860/unspecified	437215757	False
1736632543	437215757	False
229826357	437215757	False
1056151394	437215757	False
1385526920	437215757	False
1296160722	437215757	False
1538808564	437215757	False
1731446623	437215757	False
133415463	437215757	False
145732133	437215757	False
2034325754	437215757	False
343716294	437215757	False
77556382	437215757	False
1264261239	437215757	False
285923034	437215757	False
1637396587	437215757	False
540964368	437215757	False
541438270	437215757	False
1622587867	437215757	False
1488350448/other	437215757	False
1229857315	2082570273	False
1008557762	2082570273	False
411422080	2082570273	False
1495469029	2082570273	False
1733024563	2082570273	False
1488350448/unspecified	437215757	False
672241274	2082570273	False
1147953787	437215757	False
1066221755	2082570273	False
1765384833	2082570273	False
2081337398	2082570273	False
231282695	2082570273	False
803236221	2082570273	False
1276385616	2082570273	False
2053317966	2082570273	False
1187459659	437215757	False
982527403	2082570273	False
1487908008	2082570273	False
1023260883	2082570273	False
838809865	2082570273	False
2055658974	2082570273	False
472422018	2082570273	False
387162011	437215757	False
596443103	437215757	False
1230041477/unspecified	437215757	False
2048486015	437215757	False
1230041477/other	437215757	False
617561270	2082570273	False
617561270	437215757	False
92988960	2082570273	False
1932151457	2082570273	False
897257355	2082570273	False
1084292542	2082570273	False
1662746677	437215757	False
1662746677	2082570273	False
895420229	437215757	False
769734226	437215757	False
769734226	2082570273	False
371763541	437215757	False
371763541	2082570273	False
1203854229	437215757	False
1203854229	2082570273	False
1501150097	437215757	False
1501150097	2082570273	False
1188200871	437215757	False
1097005205	437215757	False
1011901523	437215757	False
403411521	437215757	False
1797013204	437215757	False
1892858320	437215757	False
2099653030	437215757	False
1502033208	437215757	False
146403129	437215757	False
997265608	437215757	False
739832747	437215757	False
2098162508	437215757	False
188939084	437215757	False
1272641957	437215757	False
896033658	437215757	False
1515545517	437215757	False
406593813	437215757	False
1881624420	437215757	False
791258169	437215757	False
1879969162	437215757	False
34443898	437215757	False
93440791	437215757	False
1758979353	437215757	False
1464773671	437215757	False
1383760857	437215757	False
1562155795	437215757	False
679697808	437215757	False
1248991996	437215757	False
2088729289	437215757	False
1426500007	437215757	False
860740244	437215757	False
1490194643	437215757	False
973052952	437215757	False
1372452458	437215757	False
1188174857	437215757	False
1155335537	437215757	False
312684234	437215757	False
1521902246	437215757	False
1507510815	437215757	False
18497836	437215757	False
684421402	437215757	False
63585047	437215757	False
1297257549	437215757	False
1346439976	437215757	False
1309355723	437215757	False
416405628	437215757	False
1214692275	437215757	False
1489849469	437215757	False
213679808	437215757	False
1559160289	437215757	False
1016042804	437215757	False
574502222	1726150948	False
1766840660	437215757	False
256878807	437215757	False
868648627	1726150948	False
1883749877	437215757	False
753889027	437215757	False
825742554	1726150948	False
1935203065/other	437215757	False
119289720	437215757	False
574648458	437215757	False
705608837	437215757	False
727651889	437215757	False
1935203065/unspecified	437215757	False
476391827/unspecified	1726150948	False
476391827/other	1726150948	False
53686342	1726150948	False
1181120673/unspecified	437215757	False
1181120673/unspecified	2082570273	False
1938116176	437215757	False
1938116176	2082570273	False
1092991948/other	437215757	False
1037488079	437215757	False
1486684763	437215757	False
741364388	437215757	False
1092991948/unspecified	437215757	False
420883370	437215757	False
420883370	2082570273	False
709047082	437215757	False
709047082	2082570273	False
1650709285	437215757	False
1650709285	2082570273	False
146013594	437215757	False
146013594	2082570273	False
1181120673/other	437215757	False
1181120673/other	2082570273	False
1460844182	437215757	False
1460844182	2082570273	False
109033803	437215757	False
1873982884	437215757	False
905570639	437215757	False
303545563	437215757	False
611750797	437215757	False
626563645	437215757	False
1848472780/unspecified	437215757	False
1848472780/other	437215757	False
357187319	437215757	False
1884887987	437215757	False
1384028266	437215757	False
141670656	437215757	False
1088295491	437215757	False
371596818	437215757	False
375406584	437215757	False
565526380	437215757	False
716935072	2082570273	False
461412451	437215757	False
780000914	2082570273	False
980970745	437215757	False
2097835090	437215757	False
259445340	2082570273	False
1316031944	437215757	False
79738335	437215757	False
525060016	437215757	False
931582784	437215757	False
389125444	437215757	False
645396827	437215757	False
987079843	437215757	False
862390848	437215757	False
725907799	437215757	False
1781535490	437215757	False
1704920593	437215757	False
25782079	437215757	False
345609254	437215757	False
416227453	437215757	False
866330704	437215757	False
1237790399	437215757	False
1225495745	437215757	False
480352798	437215757	False
418884987	437215757	False
1474425113	437215757	False
411186052	437215757	False
1883280793	437215757	False
1670701260	437215757	False
1957660283	437215757	False
270656844	437215757	False
1042125712	437215757	False
1349869019	437215757	False
449267760	437215757	False
1889889545	437215757	False
1367810857	437215757	False
1040173483	437215757	False
669740758	437215757	False
961777362	437215757	False
401721268	437215757	False
945079692	437215757	False
384188880	437215757	False
552663946	437215757	False
1979405442	437215757	False
1956341906	437215757	False
1758486982/unspecified	437215757	False
1305150225	437215757	False
1758486982/other	437215757	False
719980568	437215757	False
1921163394	437215757	False
165801267	437215757	False
1532389143	437215757	False
199296218	437215757	False
248851240	437215757	False
1790881921	437215757	False
784966026	437215757	False
1367950759	437215757	False
429710458	437215757	False
2052942809	437215757	False
1162426211	437215757	False
1942262167	437215757	False
1826392765	437215757	False
2139929783	437215757	False
2045675147	437215757	False
884220457	437215757	False
1105682122	437215757	False
82833672	437215757	False
833179449	437215757	False
1585950841	437215757	False
1580466080	437215757	False
125132474	437215757	False
1207800175	437215757	False
106649354	437215757	False
1479094331	437215757	False
312157648	437215757	False
762989786	437215757	False
732707075	437215757	False
170510163	437215757	False
445142251	437215757	False
1358363490	437215757	False
1329578797	437215757	False
546416765	437215757	False
880318551	437215757	False
170169208	437215757	False
1231996678	437215757	False
369829463	437215757	False
1301354972	437215757	False
1022427545	437215757	False
1440930247	437215757	False
1892318357	437215757	False
1956668309	437215757	False
841017462	1726150948	False
841017462	2082570273	False
1466639844	1726150948	False
1466639844	2082570273	False
474902557	1726150948	False
474902557	2082570273	False
1600219939	1726150948	False
1600219939	2082570273	False
1011332383	1726150948	False
1011332383	2082570273	False
1964795960	1726150948	False
1964795960	2082570273	False
711677390	1726150948	False
711677390	2082570273	False
1030818265	1726150948	False
1030818265	2082570273	False
364410074	1726150948	False
364410074	2082570273	False
1596138435	1726150948	False
1596138435	2082570273	False
973503498	1726150948	False
973503498	2082570273	False
577724120	1726150948	False
577724120	2082570273	False
1015943650	1726150948	False
1015943650	2082570273	False
438028710	1726150948	False
438028710	2082570273	False
605629568	1726150948	False
605629568	2082570273	False
753457166	1726150948	False
753457166	2082570273	False
1779929269	1726150948	False
1779929269	2082570273	False
1480952049	1726150948	False
1480952049	2082570273	False
704667586	1726150948	False
704667586	2082570273	False
1708025148	437215757	False
169661808	1726150948	False
169661808	2082570273	False
2131616109	1726150948	False
2131616109	2082570273	False
1030339759	1726150948	False
1030339759	2082570273	False
431943246	437215757	False
912272192	437215757	False
1766294259	437215757	False
1612525614	437215757	False
1612525614	639052684	False
89587132	437215757	False
89587132	639052684	False
1024154490/unspecified	437215757	False
1024154490/unspecified	639052684	False
779395402	437215757	False
779395402	639052684	False
1258650683	437215757	False
1258650683	639052684	False
1912319301	437215757	False
1912319301	639052684	False
347103441	437215757	False
347103441	639052684	False
1689714965	437215757	False
1689714965	639052684	False
1043303674	437215757	False
1043303674	639052684	False
1480627948	437215757	False
1480627948	639052684	False
801706385	437215757	False
801706385	639052684	False
963399569	437215757	False
963399569	639052684	False
1546093061	437215757	False
1546093061	639052684	False
680186620	437215757	False
680186620	639052684	False
1304502126	437215757	False
1304502126	639052684	False
1601698397	437215757	False
1601698397	639052684	False
1714052626	437215757	False
1714052626	639052684	False
732824952	437215757	False
732824952	639052684	False
1734922521	437215757	False
1734922521	639052684	False
1533297008	437215757	False
1533297008	639052684	False
1250089989	437215757	False
1250089989	639052684	False
268364503	437215757	False
268364503	639052684	False
1229452918	437215757	False
1229452918	639052684	False
568046681	639052684	False
44932404	437215757	False
44932404	639052684	False
1245083795	437215757	False
1245083795	639052684	False
1323682030/unspecified	437215757	False
1323682030/unspecified	639052684	False
1024154490/other	437215757	False
1024154490/other	639052684	False
1130340526	639052684	False
1176185297/unspecified	437215757	False
1176185297/unspecified	639052684	False
1176185297/other	437215757	False
1176185297/other	639052684	False
1323682030/other	437215757	False
1323682030/other	639052684	False
1793373391	437215757	False
928893749	437215757	False
104385220	437215757	False
1511777595	437215757	False
1258963089	437215757	False
1924288929	437215757	False
253067117	437215757	False
1274001409	437215757	False
512298146	437215757	False
2009877168	437215757	False
212797185	437215757	False
257168244	437215757	False
1373234812	437215757	False
540478625	437215757	False
425210405	437215757	False
867358935	437215757	False
128040504	437215757	False
1461116407	437215757	False
597539313	437215757	False
1727868570	437215757	False
1360354306	437215757	False
1825043642	437215757	False
79647453	437215757	False
881637719	437215757	False
1378021897	437215757	False
1177361994	437215757	False
43431231	437215757	False
863920809	437215757	False
325249029	437215757	False
1388776089	437215757	False
122118737	437215757	False
76943411	437215757	False
1997108130	437215757	False
1455309767	2082570273	False
2097276976/other	2082570273	False
958353326	2082570273	False
2097276976/unspecified	2082570273	False
1539127142	437215757	False
2119772236	437215757	False
990969293	437215757	False
1919545587	437215757	False
1870935966	437215757	False
1521135878	2082570273	False
266684235	2082570273	False
1789925472	437215757	False
214476774	437215757	False
1528565412/unspecified	437215757	False
996997454	437215757	False
737355413	437215757	False
800153181/unspecified	2082570273	False
2004688527	2082570273	False
1872503107	437215757	False
484945214	437215757	False
484945214	2082570273	False
9391742	437215757	False
9391742	2082570273	False
1384400156	2082570273	False
643345953	1726150948	False
298553183	1726150948	False
1774373960	437215757	False
197837497	437215757	False
1958585593	437215757	False
381004294	437215757	False
1749380216	437215757	False
817083385	437215757	False
1388035334	437215757	False
1087633763	437215757	False
360314812	437215757	False
1622455549	437215757	False
1097060209	437215757	False
1693243987	437215757	False
356237150	437215757	False
1975622558	437215757	False
534902363	437215757	False
963199438	437215757	False
909455824	437215757	False
1266682276	437215757	False
668049866	437215757	False
1924601193	437215757	False
1162946357	437215757	False
1735404787	437215757	False
1812985197	437215757	False
280584458	437215757	False
1646818382	437215757	False
1942807628	437215757	False
1138117934	437215757	False
927908077	437215757	False
230973227	437215757	False
589586091	437215757	False
2089849930	437215757	False
1389016182	437215757	False
325874195	437215757	False
2040839096	437215757	False
628622962	437215757	False
878951082	437215757	False
126173753	437215757	False
2053091267	437215757	False
43527977	437215757	False
703996137	437215757	False
103782570	437215757	False
223363382	437215757	False
593467801	437215757	False
1463326952	437215757	False
618602239	437215757	False
607839855	437215757	False
1432580606	437215757	False
361789721	437215757	False
1427683020	437215757	False
348025001	437215757	False
1907993182	437215757	False
826974905	437215757	False
1728803692	437215757	False
384145841	437215757	False
1680610842	437215757	False
1323283705	437215757	False
69687028	437215757	False
69687028	2082570273	False
1261714675	437215757	False
1216904933	437215757	False
2084213250	2082570273	False
1033655397	2082570273	False
727010342	2082570273	False
851453031	2082570273	False
946127333	2082570273	False
1755866392	2082570273	False
671737891	2082570273	False
688825213	2082570273	False
1402966078	2082570273	False
1889827237	437215757	False
645632401	2082570273	False
731510360	2082570273	False
1996667600	2082570273	False
706508102	2082570273	False
2051993115	2082570273	False
1495761502	2082570273	False
144565066	2082570273	False
1001021600	2082570273	False
1935891380	2082570273	False
791173820	2082570273	False
1192760234	2082570273	False
742715905	2082570273	False
980697601	2082570273	False
1641213149	2082570273	False
544484026	2082570273	False
1134693278	437215757	False
1429189401	437215757	False
889130863	437215757	False
1468757965	2082570273	False
1189755752	2082570273	False
374765210	2082570273	False
1740151879	2082570273	False
1127268923	2082570273	False
1370800891	437215757	False
1737612969	2082570273	False
693349719	437215757	False
1130514407	2082570273	False
1343994188	2082570273	True
19182249	2082570273	False
343691629	2082570273	False
1426457254	2082570273	False
1759664954	437215757	False
1759664954	2082570273	False
356971565	2082570273	False
1457092071	2082570273	False
88597691	2082570273	False
1975963579	2082570273	False
248006617	2082570273	False
1157542233	2082570273	False
1944772274	2082570273	False
2052188597	2082570273	False
1871672644/other	2082570273	False
1417349585	2082570273	False
895810325	2082570273	False
1759582222	2082570273	False
1495825970	2082570273	False
1614241774	2082570273	False
1835280399	2082570273	False
958574481/unspecified	2082570273	False
191121640	2082570273	False
104283915	2082570273	False
1729448001	2082570273	False
2099564025	437215757	False
2099564025	2082570273	False
220699766	2082570273	False
1358822175	2082570273	False
1392612215	2082570273	False
1859513700	2082570273	False
221586824	2082570273	False
2144907019	2082570273	False
1582490772	2082570273	False
677808164	2082570273	False
1023186137	2082570273	False
1871672644/unspecified	2082570273	False
700283900	2082570273	False
865968881	2082570273	False
1048163425	2082570273	False
886989212	2082570273	False
1886894620	2082570273	False
430114479	2082570273	False
351301964	2082570273	False
1982276025	2082570273	False
553678663/unspecified	2082570273	False
1193938623	2082570273	False
1930628679	2082570273	False
553678663/other	2082570273	False
457169641	2082570273	False
1358747489	2082570273	False
1051205634	437215757	False
1051205634	2082570273	False
1634855479	2082570273	False
1417758377	2082570273	False
1557992733	2082570273	False
1001757676	2082570273	False
387848341	2082570273	False
2100064846	2082570273	False
786110341	2082570273	False
1726149974	2082570273	False
1760691592	2082570273	False
1189002874	2082570273	False
1339279955	2082570273	False
939323099	2082570273	False
1437411258/unspecified	2082570273	False
958574481/other	2082570273	False
648097741	2082570273	False
1033154855	2082570273	False
1759201130	2082570273	False
275405892	2082570273	False
105857021	2082570273	False
1256711597	2082570273	False
1437411258/other	2082570273	False
733221742	2082570273	False
200296155	2082570273	False
590662611	437215757	False
590662611	2082570273	False
2049027138	2082570273	False
1479046314	2082570273	False
2126817470	2082570273	False
527065560	2082570273	False
1434125131	2082570273	False
997674795	2082570273	False
1595026136/other	2082570273	False
291874007	2082570273	False
1652124895	2082570273	False
1595026136/unspecified	2082570273	False
752235	2082570273	False
147423406	437215757	False
147423406	2082570273	False
94041933	437215757	False
94041933	2082570273	False
1001578808	437215757	False
1001578808	2082570273	False
1428101270	2082570273	False
920753877	437215757	False
920753877	2082570273	False
1061123411	2082570273	False
2054302058	2082570273	False
1851797100/unspecified	2082570273	False
1851797100/unspecified	437215757	False
1851797100/other	437215757	False
1851797100/other	2082570273	False
1804245653	2082570273	False
384545480	2082570273	False
1133315687	2082570273	False
480948182	2082570273	False
1041272606	2082570273	False
2041404971	2082570273	False
1943398371	2082570273	False
431473350	2082570273	False
897476673	2082570273	False
798942955	2082570273	False
1742412137/other	2082570273	False
1742412137/unspecified	2082570273	False
899387601	2082570273	False
210807649	2082570273	False
11626781	2082570273	False
1574636519	2082570273	False
1657035780	2082570273	False
228197638	2082570273	False
1917562684/other	437215757	False
1917562684/other	2082570273	False
1706110169	437215757	False
1706110169	2082570273	False
188664447	437215757	False
188664447	2082570273	False
33731565	437215757	False
33731565	2082570273	False
524771725/unspecified	2082570273	False
1363344947	2082570273	False
860092671	2082570273	False
1917562684/unspecified	437215757	False
1917562684/unspecified	2082570273	False
949012083	2082570273	False
220915819	2082570273	False
237203857	437215757	False
237203857	2082570273	False
1522101892/other	2082570273	False
359230611	2082570273	False
1007835083/unspecified	2082570273	False
483548056	2082570273	False
1007835083/other	2082570273	False
776008666	2082570273	False
1522101892/unspecified	2082570273	False
1497870078	2082570273	False
555516892	2082570273	False
729078824	2082570273	False
743789160	2082570273	False
1250685699	2082570273	False
463181627	2082570273	False
468327011	2082570273	False
1059273838	2082570273	False
1034805659	2082570273	False
1013987363	2082570273	False
1976782649	2082570273	False
1943064268	2082570273	False
190961126	2082570273	False
145982333	2082570273	False
1840535948	2082570273	False
649493101	2082570273	False
953347371	2082570273	False
1879218263	2082570273	False
279827145	2082570273	False
536359334	2082570273	False
2105576861	2082570273	False
848556089	2082570273	False
1417889095	2082570273	False
1591523661	437215757	False
1591523661	2082570273	False
149154243	2082570273	False
1677843970	2082570273	False
939401750	2082570273	False
1629251056	2082570273	False
1322041450	2082570273	False
1915478117	2082570273	False
2479635	2082570273	False
102113205	2082570273	False
177305885	2082570273	False
844525903	2082570273	False
1610760710	2082570273	False
459345847	2082570273	False
2140295723	2082570273	False
439791099	2082570273	False
198057480/other	2082570273	False
1319242757	2082570273	False
676588590	2082570273	False
2001586765	2082570273	False
427826228	2082570273	False
198057480/unspecified	2082570273	False
137260047/unspecified	2082570273	False
1318914383	2082570273	False
1401898155	2082570273	False
234431289/other	2082570273	False
950625791	2082570273	False
234431289/unspecified	2082570273	False
906394230	2082570273	False
1247172228	2082570273	False
1591489352	2082570273	False
871651835	2082570273	False
92085228	2082570273	False
334025559	2082570273	False
1729235847	2082570273	False
467618964/unspecified	2082570273	False
448959702	2082570273	False
1876241357	2082570273	False
1069274135	2082570273	False
467618964/other	2082570273	False
1536621734	2082570273	False
1778466361	69890123	False
1682622553	69890123	False
1036406989	2082570273	False
267305037	69890123	False
1190894619	69890123	False
1789201881	69890123	False
1430775647	69890123	False
1417225171	69890123	False
604010076	69890123	False
562119553	2082570273	False
1942306371	69890123	False
836814472	69890123	False
1953831318	69890123	False
1095482318	69890123	False
598757775	69890123	False
446165311	2082570273	False
1894718205	2082570273	False
755290177	2082570273	False
1700613691	69890123	False
378467287	69890123	False
530512038	69890123	False
289330180	69890123	False
1944359261	437215757	False
1944359261	2082570273	False
260506148	2082570273	False
1108421938	437215757	False
1108421938	2082570273	False
1790781934	69890123	False
267838588	69890123	False
1931262019	437215757	False
1931262019	2082570273	False
1639399112	437215757	False
1639399112	2082570273	False
1160102000	437215757	False
1160102000	2082570273	False
37543794	437215757	False
37543794	2082570273	False
2045014626	2082570273	False
377418298	2082570273	False
624480164	2082570273	False
537714778	2082570273	False
701468558	2082570273	False
509390580	2082570273	False
1851910899	437215757	False
36717215	2082570273	False
1467987152	2082570273	False
1051983966	2082570273	False
990338644	437215757	False
529465392	437215757	False
1992710077	2082570273	False
1692504835	2082570273	False
260254351	2082570273	False
229221394/other	2082570273	False
791567370	2082570273	False
1969902843	2082570273	False
229221394/unspecified	2082570273	False
992877758	437215757	False
1471219610	2082570273	False
104340874	2082570273	False
529901926	2082570273	False
1416523993	2082570273	False
1255825195	2082570273	False
982798040	2082570273	False
2146752945	2082570273	False
1144389153	2082570273	False
362761090	2082570273	False
157703821	2082570273	False
368965274	2082570273	False
664182661	2082570273	False
237020948	2082570273	False
707272147	2082570273	False
1812337576	2082570273	False
1361740083	2082570273	False
1613222364	2082570273	False
1743067117	2082570273	False
1192293625	2082570273	False
1351649069	2082570273	False
1929388030	2082570273	False
857962451/other	2082570273	False
1761416046	2082570273	False
67669567	2082570273	False
1338478373	2082570273	False
646667356	2082570273	False
914934286	2082570273	False
1494383275	2082570273	False
649553430	2082570273	False
1509392955	2082570273	False
1338213145/other	2082570273	False
1324559196	2082570273	False
857962451/unspecified	2082570273	False
1572634308	2082570273	False
439339290	2082570273	False
1041295914	2082570273	False
1338213145/unspecified	2082570273	False
210843292	2082570273	False
1021642894	2082570273	False
1334167493	2082570273	False
61111843	2082570273	False
1166046262	2082570273	False
1584684375	2082570273	False
180194892/unspecified	2082570273	False
780794174	2082570273	False
1913869640	2082570273	False
272328853	2082570273	False
607786920	2082570273	False
665340395	2082570273	False
260422751	2082570273	False
421189700	2082570273	False
1815497889	2082570273	False
965562370	2082570273	False
1450267819	2082570273	False
193233925	2082570273	False
1563376336	2082570273	False
1947902215/unspecified	2082570273	False
1942425362	2082570273	False
557524328	2082570273	False
1502437359	2082570273	False
649193479/other	2082570273	False
1947902215/other	2082570273	False
649193479/unspecified	2082570273	False
1612096527	1726150948	False
302454943	1726150948	False
1146743184	1726150948	False
1130743486	1726150948	False
1386050881	1726150948	False
1842987794	1726150948	False
1838910448	1726150948	False
1366524560	1726150948	False
1941340132	2082570273	False
1649331225	2082570273	False
1725578229	1726150948	False
873635585	1726150948	False
928724168	1726150948	False
2115365139	1726150948	False
2044143090	69890123	False
1459184569	1726150948	False
104354861	1726150948	False
54922189	2082570273	False
1954828817	69890123	False
2110430802	1726150948	False
2064685971	69890123	False
1363745419	1726150948	False
206903882	2082570273	False
2083814865	1726150948	False
1954197982	1726150948	False
743513081	1726150948	False
258599994	1726150948	False
148143847	69890123	False
1100590746	69890123	False
1139380388	1726150948	False
1727151191	1726150948	False
260838570	1726150948	False
1647500715	69890123	False
451953736	2082570273	False
1288362363	69890123	False
544266629	1726150948	False
677675737	2082570273	False
845585833	1726150948	False
517964137	1726150948	False
167679721	69890123	False
125374527	69890123	False
277743273	69890123	False
99033966	1726150948	False
1695271199	1726150948	False
1044864981	1726150948	False
1421187501	69890123	False
290392677	69890123	False
832384742	69890123	False
296093639	69890123	False
582304078	2082570273	False
1010640757	2082570273	False
1563432690	2082570273	False
190410626	2082570273	False
500421419	2082570273	False
1999899033	2082570273	False
1713252103	2082570273	False
1351188281/unspecified	2082570273	False
1261516421	2082570273	False
1377705785	2082570273	False
122198707	2082570273	False
1500018782/unspecified	2082570273	False
996836362	2082570273	False
2088223777	2082570273	False
868688638	2082570273	False
1311451207	2082570273	False
1673345646	2082570273	False
232482334	2082570273	False
1704231856	2082570273	False
170332258/unspecified	2082570273	False
1462405075	2082570273	False
1119828885	2082570273	False
732034414	2082570273	False
763951483/unspecified	2082570273	False
400429094	2082570273	False
679908953	2082570273	False
856316323	2082570273	False
1666761470	2082570273	False
1757934675	2082570273	False
1917413206	2082570273	False
2098534228	2082570273	False
1959289329	2082570273	False
1395221836/unspecified	2082570273	False
1766545972	2082570273	False
1738445808	2082570273	False
217841033	2082570273	False
962725471	2082570273	False
359628058	2082570273	False
910063197	2082570273	False
196368998	2082570273	False
1131962276	2082570273	False
1976228879	2082570273	False
1499822498	2082570273	False
752440271	2082570273	False
892439218	2082570273	False
246014348	2082570273	False
53001072	2082570273	False
2125220801	2082570273	False
1798961031	2082570273	False
578178116/unspecified	2082570273	False
435190455	2082570273	False
127244314	2082570273	False
1186921431	437215757	False
1186921431	2082570273	False
1677754934	437215757	False
1677754934	2082570273	False
1978015581	437215757	False
1978015581	2082570273	False
1665352029	437215757	False
1665352029	2082570273	False
241706181	2082570273	False
695549192/other	437215757	False
695549192/other	2082570273	False
695549192/unspecified	437215757	False
695549192/unspecified	2082570273	False
430968972	437215757	False
430968972	2082570273	False
2078485846	2082570273	False
240841487	2082570273	False
50955500	2082570273	False
1824134974/unspecified	2082570273	False
1319190224	2082570273	False
1985948773	2082570273	False
1642684637/unspecified	2082570273	False
1005968673	2082570273	False
1440269448	2082570273	False
2059623779	2082570273	False
1530167960	2082570273	False
1070721967	2082570273	False
542292436	2082570273	False
1054735103	2082570273	False
1695471516	2082570273	False
2071113448/other	2082570273	False
2071113448/unspecified	2082570273	False
276097425	2082570273	False
1511689000	2082570273	False
687979966	2082570273	False
1270598866	2082570273	False
283986209	2082570273	False
239627448/unspecified	2082570273	False
277234479	2082570273	False
1561150054	2082570273	False
466061937	2082570273	False
294033251	2082570273	False
655937024	2082570273	False
809574867	2082570273	False
173741521	437215757	False
42743392	437215757	False
537912379	437215757	False
1001392299	437215757	False
1404349890	437215757	False
762258997	2082570273	False
217517519	437215757	False
217517519	2082570273	False
1300748171/unspecified	2082570273	False
1300748171/other	2082570273	False
1352160959	437215757	False
1352160959	2082570273	False
1304620190	2082570273	False
1317471947	437215757	False
1317471947	2082570273	False
1995774392	2082570273	False
531298020	437215757	False
531298020	2082570273	False
1001150976	437215757	False
1001150976	2082570273	False
1712252105	437215757	False
1712252105	2082570273	False
561501211	437215757	False
561501211	2082570273	False
1690942291	437215757	False
1690942291	2082570273	False
1854449217	437215757	False
1854449217	2082570273	False
196539238	437215757	False
196539238	2082570273	False
833556468	437215757	False
833556468	2082570273	False
991839039	437215757	False
991839039	2082570273	False
1812617771	437215757	False
1812617771	2082570273	False
1343127319	2082570273	False
1343127319	437215757	False
620827467	437215757	False
620827467	2082570273	False
1354209082	437215757	False
1354209082	2082570273	False
1297339193	437215757	False
1297339193	2082570273	False
1269928839	437215757	False
1269928839	2082570273	False
939555918	437215757	False
939555918	2082570273	False
847186663	437215757	False
847186663	2082570273	False
509052904	2082570273	False
509052904	437215757	False
669087597	2082570273	False
669087597	437215757	False
803290434	437215757	False
803290434	2082570273	False
1933469596	2082570273	False
1902336675	437215757	False
1902336675	2082570273	False
694865218	437215757	False
694865218	2082570273	False
1281158039	437215757	False
1281158039	2082570273	False
229025659	437215757	False
229025659	2082570273	False
1397523277	437215757	False
1397523277	2082570273	False
860785256/other	437215757	False
860785256/other	2082570273	False
860785256/unspecified	437215757	False
860785256/unspecified	2082570273	False
1560416608	2082570273	False
1552826290	2082570273	False
1574695220	2082570273	False
477968215	2082570273	False
1706409620	2082570273	False
466329139	2082570273	False
953953221	2082570273	False
2065964154	2082570273	False
1232398298	2082570273	False
414934619	2082570273	False
2070303896	2082570273	False
1297293412	2082570273	False
1817985674	2082570273	False
675559343	2082570273	False
2105630044	2082570273	False
147988927	2082570273	False
357597950	2082570273	False
1634408733	437215757	False
40112591	437215757	False
209309574	437215757	False
788143587	437215757	False
2063433826	437215757	False
426327197	437215757	False
1507161188	2082570273	False
1296297306	2082570273	False
442689137	2082570273	False
643511039	437215757	False
1565531439	2082570273	False
471016410	2082570273	False
1686305138	2082570273	False
840358602	2082570273	False
684710834	2082570273	False
2103825773	2082570273	False
1706835456	2082570273	False
1620631356	2082570273	False
1112016389	2082570273	False
217118850	2082570273	False
150606834	2082570273	False
638246732	2082570273	False
762120574/other	2082570273	False
596473691	437215757	False
762120574/unspecified	2082570273	False
293905246	437215757	False
1881104788	437215757	False
1869337295	437215757	False
1386001399	437215757	False
171659212	437215757	False
1200373998	437215757	False
1455948584	437215757	False
1423621870	437215757	False
1095169535	437215757	False
1276477982	437215757	False
1884626736/unspecified	437215757	False
479438201	437215757	False
2140734738	437215757	False
1722408748	437215757	False
1832982093	437215757	False
229544966	437215757	False
2091821028	437215757	False
1231282436	437215757	False
1606860546	437215757	False
1323614324	437215757	False
772489791	437215757	False
134477595	437215757	False
740830358	437215757	False
982348440	437215757	False
728494077	437215757	False
283992183	437215757	False
1946889582	437215757	False
1641642073	437215757	False
2143692845	437215757	False
1108673945	437215757	False
1006426584	437215757	False
1589056590	437215757	False
1578799163	437215757	False
1730588366	437215757	False
1330743591	437215757	False
1330743591	2082570273	False
287258758/other	437215757	False
287258758/unspecified	437215757	False
392841027	437215757	False
392841027	2082570273	False
2065252360	437215757	False
2065252360	2082570273	False
1069783578	437215757	False
1069783578	2082570273	False
1598536988	437215757	False
1598536988	2082570273	False
1527773104	437215757	False
1527773104	2082570273	False
956823887	437215757	False
956823887	2082570273	False
670300288	437215757	False
670300288	2082570273	False
1962803547	437215757	False
1962803547	2082570273	False
996948013	437215757	False
996948013	2082570273	False
147658612	437215757	False
147658612	2082570273	False
1104599251	437215757	False
1104599251	2082570273	False
982168239	437215757	False
982168239	2082570273	False
1548498139	437215757	False
1548498139	2082570273	False
1606516539	437215757	False
1606516539	2082570273	False
831696556/unspecified	437215757	False
831696556/unspecified	2082570273	False
831696556/other	437215757	False
831696556/other	2082570273	False
466245699	2082570273	False
1558393179	2082570273	False
2120278846	2082570273	False
947283385	1301318821	False
218513628	1301318821	False
1006882070	1726150948	False
1623925689	2082570273	False
1475156994	437215757	False
2035872925	1301318821	False
247839673	437215757	False
1259721857	437215757	False
1435390252/other	437215757	False
1435390252/unspecified	437215757	False
1489677992	437215757	False
1489677992	2082570273	False
1251112127	437215757	False
1313044714	437215757	False
1824565903	437215757	False
1687053954	437215757	False
1957823459	437215757	False
1532201969	437215757	False
678655279	437215757	False
678655279	2082570273	False
1034960983	437215757	False
1034960983	2082570273	False
349386559	437215757	False
1036658667	437215757	False
1185507932	437215757	False
1000950656	437215757	False
1537338570	437215757	False
1699204738	437215757	False
604695489	437215757	False
1372039296	437215757	False
2051080994	437215757	False
972253332	437215757	False
178460613	437215757	False
2035123281	437215757	False
470174149	437215757	False
457542318	437215757	False
1877531217	437215757	False
232838320	437215757	False
1087506623	437215757	False
994341026	437215757	False
1906143065	437215757	False
1756043578	437215757	False
633675638	437215757	False
712798367	437215757	False
86743950	437215757	False
1474601064	437215757	False
1618444570	437215757	False
602669222	437215757	False
2071977104	437215757	False
1831407213	437215757	False
473613432	437215757	False
473613432	2082570273	False
2104264315	437215757	False
2104264315	2082570273	False
1998302640	437215757	False
1998302640	2082570273	False
441978437	437215757	False
927022506	2082570273	False
1139567957	2082570273	False
930445687	2082570273	False
446216876	2082570273	False
35192945	2082570273	False
1817810485	2082570273	False
937547574	2082570273	False
1552774890	2082570273	False
1376448576	2082570273	False
19959433	2082570273	False
1020099850	2082570273	False
1339125651	437215757	False
1407575161	437215757	False
1886125814	437215757	False
1359119769	437215757	False
295339888	437215757	False
1456802165/unspecified	437215757	False
1899449819	437215757	False
1194562592/unspecified	2082570273	False
1131395957	2082570273	False
648519873	2082570273	False
1456802165/other	437215757	False
967450968	2082570273	False
665457616	437215757	False
1115670543	437215757	False
1569672963	437215757	False
574093878	437215757	False
1525218058	437215757	False
337048212	437215757	False
379232393	437215757	False
1203690696	437215757	False
1339317328	437215757	False
303354393	437215757	False
16716064	437215757	False
1912611421	437215757	False
172048404	437215757	False
2144138444	437215757	False
2052495764	1726150948	False
1490373623	1726150948	False
1304803566	1726150948	False
1032409441	1726150948	False
1032409441	69890123	False
796881472	437215757	False
1086544933	437215757	False
1925875746	437215757	False
1426688922	437215757	False
1874315134	437215757	False
1976319904	437215757	False
1180586009	437215757	False
1909289319	437215757	False
683840119	437215757	False
1798651555	437215757	False
237119850	437215757	False
713242108	437215757	False
1412339784	437215757	False
1322328463	437215757	False
396906584	437215757	False
561898667	437215757	False
1858502365	437215757	False
233795202	437215757	False
1938512147	437215757	False
1251574301	437215757	False
117054880	437215757	False
119570704	437215757	False
427661724	437215757	False
517923649	437215757	False
1977572219	437215757	False
167870708	437215757	False
1054701724	437215757	False
893868436	437215757	False
1724355672	437215757	False
1446561186	437215757	False
702946861	437215757	False
1190288404	437215757	False
1786045813	437215757	False
731165592	437215757	False
630046758	437215757	False
1924962677	437215757	False
1141799940/other	437215757	False
1141799940/unspecified	437215757	False
2032893899	437215757	False
1036961771	1726150948	False
765718061	1726150948	False
868007513	1726150948	False
2096809854	1726150948	False
2015404572	1726150948	False
877172115	2082570273	False
609199356	1726150948	False
1893401858	1726150948	False
1647357899	437215757	False
1921118543	437215757	False
1042675735	437215757	False
1986978477	437215757	False
791115675	437215757	False
1244684370	437215757	False
1018587491	437215757	False
211104047	437215757	False
1895917123	437215757	False
2106758357	1726150948	False
1398527931	1726150948	False
830493890	1726150948	False
638102360	1726150948	False
1204363427	1726150948	False
948552848	1726150948	False
1021847028	1726150948	False
824698036	1726150948	False
465481978	1726150948	False
42005796	1726150948	False
1467514407	1726150948	False
385350318	1726150948	False
1743002548	1726150948	False
1650171830	1726150948	False
1758869722	1726150948	False
1682516379	1726150948	False
105628451	1726150948	False
1005062974	1726150948	False
904320597	1726150948	False
1752271020	1726150948	False
214328399	1726150948	False
1629386211	1726150948	False
454623372	1726150948	False
1898266014	1726150948	False
180912817	1726150948	False
1364376892	1726150948	False
678043608	1726150948	False
1640425158	1726150948	False
2102131990	1726150948	False
1050871701	1726150948	False
1795754316	1726150948	False
501626815	1726150948	False
1870144778	1726150948	False
330830434	1726150948	False
874230470	1726150948	False
808983384	1726150948	False
981009994	1726150948	False
218492135	1726150948	False
848269311	1726150948	False
1855327019	1726150948	False
521900656	1726150948	False
2070940119	1726150948	False
467518334	1726150948	False
1173220525	1726150948	False
756639307	1726150948	False
1907305319	1726150948	False
461009676	1726150948	False
1102145124	1726150948	False
530389352	1726150948	False
290481170	1726150948	False
2144182249	1726150948	False
1967143045	1726150948	False
985310807	1726150948	False
1504225638	1726150948	False
456482023	1726150948	False
983592843	1726150948	False
1924678894	1726150948	False
854347	1726150948	False
2073597518	1726150948	False
78684021	1726150948	False
993721453	1726150948	False
1831775578	1726150948	False
1738738230	1726150948	False
860159762	1726150948	False
1206497261	1726150948	False
243729592	1726150948	False
406939138	1726150948	False
399617150	1726150948	False
462077786	1726150948	False
1491484121	1726150948	False
1459534679	1726150948	False
2078986772	1726150948	False
783707885	1726150948	False
645643099	1726150948	False
1638788298	1726150948	False
1443836552	1726150948	False
199223489	1726150948	False
1429450836	1726150948	False
357971045	1726150948	False
1072097337	1726150948	False
2146441294	1726150948	False
1664144906	1451583031	False
1347139472	1451583031	False
761822408	1451583031	False
1607538952	1726150948	False
191677102	1451583031	False
27162345	1451583031	False
149403041/other	1451583031	False
1613075871	1451583031	False
327886122	1451583031	False
1545492067	1726150948	False
1047428478	1451583031	False
2041260937	1726150948	False
1890900469	1451583031	False
787436589	1451583031	False
149403041/unspecified	1451583031	False
829767224	1451583031	False
393314386	1451583031	False
1269078457	1451583031	False
1656486805	1726150948	False
1743067451	1726150948	False
347282868	437215757	False
1838793096	437215757	False
419340259	437215757	False
1420160451	437215757	False
1493057396	437215757	False
652760343	1301318821	False
1735859362	1301318821	False
1860458281	1301318821	False
79969006	1301318821	False
1544770705	1301318821	False
1885124397	1301318821	False
953899280	1301318821	False
1291932241	1301318821	False
1838460737	1301318821	False
850593524	1301318821	False
1841163695	1301318821	False
1753858641	1301318821	False
247439788	1301318821	False
317250109	1301318821	False
1737679922	1301318821	False
1593769549	1301318821	False
1576158261	1301318821	False
1369607759	1301318821	False
1059221074	1301318821	False
1448725643	1301318821	False
742159305	1301318821	False
694864376	1301318821	False
1190757305	1301318821	False
2072862127	1301318821	False
246947217	1301318821	False
115777979	1301318821	False
1648906775	1301318821	False
1163480196	1301318821	False
888975405	1301318821	False
1986910275	1301318821	False
88207494	1301318821	False
835249751	1301318821	False
719559133	1301318821	False
1712340153	1301318821	False
1401970160	1301318821	False
903538993	1301318821	False
557834532	1301318821	False
1158632967	1301318821	False
254723103	1301318821	False
1403617129	1301318821	False
2126244336	1301318821	False
1052628155	1301318821	False
813594646	1301318821	False
746038504	1301318821	False
138971096	1301318821	False
174556288	1301318821	False
1359806843	1301318821	False
534213792	437215757	False
534213792	2082570273	False
2057091382	437215757	False
2057091382	2082570273	False
2111797855	437215757	False
2111797855	2082570273	False
1815734068	437215757	False
1815734068	2082570273	False
719967992	437215757	False
719967992	2082570273	False
2136477916	437215757	False
2136477916	2082570273	False
1336023918	437215757	False
1336023918	2082570273	False
412399563	437215757	False
412399563	2082570273	False
1222760455	437215757	False
1222760455	2082570273	False
1605244947	437215757	False
1605244947	2082570273	False
766121363	437215757	False
766121363	2082570273	False
158476962	437215757	False
158476962	2082570273	False
1556993240	437215757	False
1556993240	2082570273	False
1011648762	437215757	False
1011648762	2082570273	False
181624839	2082570273	False
1419282662	2082570273	False
651116204	2082570273	False
53158274	2082570273	False
899004769	2082570273	False
1963834250	2082570273	False
2026282671	2082570273	False
740282136	437215757	False
609288981	437215757	False
660118255	437215757	False
114479472	437215757	False
1712707555	437215757	False
533235551	437215757	False
56498807	437215757	False
1017714862	437215757	False
760186309	437215757	False
1330088762	437215757	False
1103105516	437215757	False
1208240209	437215757	False
1005247429	437215757	False
1587615313	437215757	False
705447600	437215757	False
1505896560/unspecified	437215757	False
1674518925	437215757	False
1505896560/other	437215757	False
987113414	437215757	False
1508037948	437215757	False
1118910093	2082570273	False
113980641	2082570273	False
1438076901	2082570273	False
1178090504	2082570273	False
1248063153	2082570273	False
260934472	2082570273	False
168337931	437215757	False
912967383	437215757	False
1415759914	437215757	False
824772028	437215757	False
237471769	437215757	False
1524963338	437215757	False
663509950	437215757	False
1406332925	437215757	False
132463953	2082570273	False
177268312	2082570273	False
836428036	437215757	False
1558660737	437215757	False
444406497	437215757	False
540834921	437215757	False
828461439	437215757	False
1418800278	437215757	False
916005481	437215757	False
2017221098	437215757	False
2017221098	2082570273	False
1394674499	437215757	False
1127484090	437215757	False
1127484090	2082570273	False
1592823611	437215757	False
1592823611	2082570273	False
2139069057	437215757	False
2139069057	2082570273	False
446445709	437215757	False
446445709	2082570273	False
1624478817	437215757	False
1624478817	2082570273	False
1830334792	437215757	False
1830334792	2082570273	False
1288686282	437215757	False
1288686282	2082570273	False
8281804	437215757	False
8281804	2082570273	False
3937834	437215757	False
3937834	2082570273	False
837078276	437215757	False
837078276	2082570273	False
33350376	437215757	False
33350376	2082570273	False
1689726834	437215757	False
1689726834	2082570273	False
439637781	437215757	False
439637781	2082570273	False
494376064	437215757	False
494376064	2082570273	False
403395455	437215757	False
165401126	2082570273	False
469651811	437215757	False
1699451178	2082570273	False
300335575	2082570273	False
704087396	437215757	False
843606518	437215757	False
1314118973	2082570273	False
680965837/other	2082570273	False
565791081	437215757	False
680965837/unspecified	2082570273	False
316749788	437215757	False
157211466	437215757	False
441099967	2082570273	False
296388664	2082570273	False
1772369195	2082570273	False
858348125	2082570273	False
487155156	2082570273	False
35634569	2082570273	False
2017634370	2082570273	False
1860695616	2082570273	False
918767073	2082570273	False
1554079944	2082570273	False
2130799403	2082570273	False
1917873939	2082570273	False
195836886	2082570273	False
217053375	2082570273	False
31725880	2082570273	False
1420554105	2082570273	False
1422927947	2082570273	False
557066724	2082570273	False
898604052	2082570273	False
1790418254	639052684	False
1963472404	639052684	False
2092989229	639052684	False
111001567	639052684	False
1695682848	639052684	False
1012431300	639052684	False
1645449511	639052684	False
1558906525	639052684	False
385647244	639052684	False
94625655	639052684	False
883880049	639052684	False
196783307	639052684	False
393945780	639052684	False
1559606127	639052684	False
297746913	639052684	False
1962183797	639052684	False
5889162	639052684	False
1897176332	639052684	False
1196090368	639052684	False
1841996229	639052684	False
966839049	639052684	False
119152609	639052684	False
1793398930	639052684	False
1649529461	639052684	False
1941393182	639052684	False
110617257	639052684	False
359220929	639052684	False
1674998347	639052684	False
2082756021	639052684	False
1222771863	639052684	False
1936867777	639052684	False
301954981	437215757	False
98237937	437215757	False
11109486	437215757	False
710327585	437215757	False
2128061645	437215757	False
1572591113	437215757	False
1508096167	437215757	False
2113973124	437215757	False
1869269274	437215757	False
961599936	437215757	False
1307088383	437215757	False
1942720165	437215757	False
1143326277	437215757	False
230010372	437215757	False
407018272	437215757	False
542501075	437215757	False
1162018586	437215757	False
84800192	437215757	False
1288811665	437215757	False
484428958	437215757	False
1167454295	437215757	False
1353186401	437215757	False
1916245721	437215757	False
1678681525	437215757	False
1638585191	437215757	False
178966942	437215757	False
1076987525	437215757	False
1710407113	437215757	False
556978576	437215757	False
1896936942	437215757	False
883406433	437215757	False
1374452725	437215757	False
870610186	437215757	False
1074456222	437215757	False
1454356640	437215757	False
570615905	437215757	False
1195976181	437215757	False
1807161995	437215757	False
625027852	437215757	False
615755188	437215757	False
1785762817	437215757	False
728584322	437215757	False
719152784	437215757	False
1551907754	437215757	False
1747387632	437215757	False
172000786	437215757	False
1643513753	437215757	False
1877963813	437215757	False
271266126	437215757	False
1166098323	437215757	False
1206455488	437215757	False
1548026552	437215757	False
2028287485	437215757	False
1071291102	437215757	False
1316636489	437215757	False
975188151	437215757	False
1088147721	437215757	False
1797787392	437215757	False
815494045	437215757	False
575734722	437215757	False
97399349	437215757	False
1446820783	437215757	False
1419986481	437215757	False
1718979436	437215757	False
855896817	437215757	False
1782932601	437215757	False
71060679	437215757	False
1751972050	437215757	False
1183082055	437215757	False
1029228973	437215757	False
203370844	437215757	False
15893214	437215757	False
1987786675	437215757	False
624942878	437215757	False
467270998	437215757	False
961680755	437215757	False
1190535705	437215757	False
2019705871	437215757	False
693089318	437215757	False
198656393	437215757	False
113505528	437215757	False
225482518	437215757	False
1490721225	437215757	False
261041959	437215757	False
878034312	437215757	False
749507735	437215757	False
1674896189	437215757	False
243093973	437215757	False
592241110	437215757	False
1031729592	437215757	False
108038978	437215757	False
449348269	437215757	False
1336817166	437215757	False
1804670270	437215757	False
1149463118	437215757	False
722016213	437215757	False
2053457926	437215757	False
1921607929	437215757	False
126580446	437215757	False
915838182	437215757	False
2089818949	437215757	False
473813488	437215757	False
455166318	437215757	False
200003800	437215757	False
99787622	437215757	False
1052676466	437215757	False
980501264	437215757	False
1398674293	437215757	False
1524402619	437215757	False
5813050	437215757	False
976423922	437215757	False
2033915746	437215757	False
746706049	437215757	False
1388166336	437215757	False
160564576	437215757	False
1921545348	437215757	False
1817943688	437215757	False
1992349458	437215757	False
907713817	437215757	False
1249136073	437215757	False
2042409526	437215757	False
169932128	437215757	False
976903226	437215757	False
345511260	437215757	False
1110243170	437215757	False
1455466028	437215757	False
714115802	437215757	False
1706805174	437215757	False
586021931	437215757	False
1430048326	437215757	False
1760079959	437215757	False
1536414159	437215757	False
2144521991	437215757	False
2144521991	2082570273	False
1497240339	437215757	False
1497240339	2082570273	False
1921104102	437215757	False
1921104102	2082570273	False
1416455410	437215757	False
1416455410	2082570273	False
916397944	437215757	False
916397944	2082570273	False
134811238	437215757	False
134811238	2082570273	False
337607970	1726150948	False
1901375668	1726150948	False
958803778	1301318821	False
63666460/other	1301318821	False
63666460/unspecified	1301318821	False
941510114	1301318821	False
1784082025	1301318821	False
1822674187	1301318821	False
1602774046	1301318821	False
776981549	1301318821	False
381173794	1301318821	False
304997495/unspecified	1301318821	False
446537607	1301318821	False
213726746	1301318821	False
1719710858/unspecified	1301318821	False
2044047639	1301318821	False
579964392	1301318821	False
1871891836	1301318821	False
1742231649	1301318821	False
1635251327	1301318821	False
359540510/unspecified	1301318821	False
304997495/other	1301318821	False
755941113	1301318821	False
2003184099/unspecified	1301318821	False
917590633	1301318821	False
318430338	1301318821	False
1172876400/unspecified	1301318821	False
552798341	1301318821	False
1640200163/unspecified	1301318821	False
480928417/unspecified	1301318821	False
79201902	1301318821	False
1779292042	1301318821	False
2003184099/other	1301318821	False
1881533064/other	1301318821	False
449228684	1301318821	False
660706404	1301318821	False
359540510/other	1301318821	False
1172876400/other	1301318821	False
760581878	1301318821	False
1719710858/other	1301318821	False
921330276	1301318821	False
76069495/other	1301318821	False
1410216197/unspecified	1301318821	False
94260122	1301318821	False
1640200163/other	1301318821	False
342470657	1301318821	False
215991659	1301318821	False
2012753502	1301318821	False
2044833589/unspecified	1301318821	False
603623807	1301318821	False
76069495/unspecified	1301318821	False
2144940292	1301318821	False
479113214	1301318821	False
1041071513	1301318821	False
371053570	1301318821	False
1582541971	1301318821	False
547578362/unspecified	1301318821	False
1102292672	1301318821	False
839740136	437215757	False
839740136	1301318821	False
800945476/other	1301318821	False
1097772105	1301318821	False
800945476/unspecified	1301318821	False
1664120027	1301318821	False
2120146891	1301318821	False
2120593283	1301318821	False
120669036	1301318821	False
1881533064/unspecified	1301318821	False
844333740	1301318821	False
1972421353	1301318821	False
547578362/other	1301318821	False
294167983	1301318821	False
1419990437	1301318821	False
965491615	1301318821	False
423002561/unspecified	1301318821	False
615767222	1301318821	False
204358498	1301318821	False
2050477809	1301318821	False
986063444	1301318821	False
472349708	1301318821	False
1968061860	1301318821	False
1803466968	1301318821	False
1488198806	1301318821	False
1348470541/other	1301318821	False
1118531333/unspecified	1301318821	False
1410216197/other	1301318821	False
168968612	1301318821	False
617206083	1301318821	False
361875781	1301318821	False
680629191	1301318821	False
1903622279	1301318821	False
1348470541/unspecified	1301318821	False
1210287093/unspecified	1301318821	False
1210287093/other	1301318821	False
2111451719	1301318821	False
1419925892	1301318821	False
489162074	1301318821	False
1174658956	1301318821	False
826670225/unspecified	1301318821	False
389419378	1301318821	False
1651102476/other	1301318821	False
283445725	1301318821	False
423002561/other	1301318821	False
399434138	1301318821	False
905391296	1301318821	False
1653448241	1301318821	False
845601720	1301318821	False
1650581103	1301318821	False
1118531333/other	1301318821	False
190506317	1301318821	False
826670225/other	1301318821	False
460441076	1301318821	False
1572614942	1301318821	False
1612353121	1301318821	False
1651102476/unspecified	1301318821	False
702101290	1301318821	False
1083430649	1301318821	False
869437895	1301318821	False
2055720774/other	1301318821	False
1872567422	1301318821	False
1874192155	1301318821	False
1019855923	1301318821	False
2055720774/unspecified	1301318821	False
2072916704	1301318821	False
656337248	1301318821	False
1444610847	1301318821	False
1532363988	1301318821	False
997833985	1301318821	False
1852580547	1301318821	False
644500343/unspecified	1301318821	False
40635646	1301318821	False
1954702567	1301318821	False
1442952834	1301318821	False
1184037717	1301318821	False
1125205401	1301318821	False
644500343/other	1301318821	False
1487841545	1301318821	False
1789361422	1301318821	False
1251935150/unspecified	1301318821	False
430006121	1301318821	False
1283979838	1301318821	False
1128475707	1301318821	False
627283451	1301318821	False
1222721135	1301318821	False
1180582187	1301318821	False
1446209773	1301318821	False
598519410	1301318821	False
1493672710	1301318821	False
1011642000	1301318821	False
766178299	1301318821	False
990883323	1301318821	False
1581539439	1301318821	False
1336081668	1301318821	False
1468016084	1301318821	False
1027411100	1301318821	False
319870485	1301318821	False
1153141048	1301318821	False
974906949	1301318821	False
819644414/unspecified	1301318821	False
468657126	1301318821	False
551110811	1301318821	False
819644414/other	1301318821	False
1520341215	1301318821	False
472732541	1301318821	False
1991400753/unspecified	1301318821	False
419755630	1301318821	False
1595913346	1301318821	False
394490040	1301318821	False
107343315	1301318821	False
2131977134/other	1301318821	False
1925758254	1301318821	False
536268676	1301318821	False
1684923180	1301318821	False
509381237	1301318821	False
281505107	1301318821	False
1617583339	1301318821	False
1663967303	1301318821	False
131965197/unspecified	1301318821	False
1259568186	1301318821	False
2131977134/unspecified	1301318821	False
1594040250	1301318821	False
1087880940	1301318821	False
376183718/unspecified	1301318821	False
1731312506/unspecified	1301318821	False
733901315	1301318821	False
2002218411	1301318821	False
1731312506/other	1301318821	False
398146407	1301318821	False
222947236	1301318821	False
1744972338	1301318821	False
336775967	1301318821	False
1147620532	1301318821	False
1621745746	1301318821	False
349092957	1301318821	False
888129987	1301318821	False
680151582	1301318821	False
673566475/unspecified	1301318821	False
131965197/other	1301318821	False
1053909763	1301318821	False
1968013126	1301318821	False
186592209	437215757	False
186592209	1301318821	False
1632729792	1301318821	False
1251935150/other	1301318821	False
1739756402	1301318821	False
376183718/other	1301318821	False
272011035	1301318821	False
574863499	1301318821	False
1915129755	1301318821	False
30413426	1301318821	False
1971143311	1301318821	False
1873670638	1301318821	False
514918861	1301318821	False
673566475/other	1301318821	False
1319990901	1301318821	False
969101922/unspecified	1301318821	False
233292840	1301318821	False
969101922/other	1301318821	False
1593240346	1301318821	False
1934974711	1301318821	False
1477674776	1301318821	False
2091164276	1301318821	False
829639637	1301318821	False
1510677183	1301318821	False
1552457716/unspecified	1301318821	False
405689402	1301318821	False
1100526834/other	1301318821	False
2072379825	1301318821	False
1961520767	1301318821	False
834676499	1301318821	False
691471049	1301318821	False
1132023553	1301318821	False
1579898301	1301318821	False
1493554134	1301318821	False
782606527	1301318821	False
1985099973	1301318821	False
1371529838	1301318821	False
1100526834/unspecified	1301318821	False
1510754862	1301318821	False
1625755389/unspecified	1301318821	False
829915640	1301318821	False
617665544	1301318821	False
396516864	1301318821	False
593721010	1301318821	False
742327988	1301318821	False
975214902	1301318821	False
669033105/unspecified	1301318821	False
770000396	1301318821	False
45264155	1301318821	False
890879256	1301318821	False
1417891145	1301318821	False
474916314	1301318821	False
1625755389/other	1301318821	False
1552457716/other	1301318821	False
1425921467/unspecified	1301318821	False
669033105/other	1301318821	False
1601321941	1301318821	False
267067189/unspecified	1301318821	False
728553280	1301318821	False
1663659989	1301318821	False
1933423587	1301318821	False
1855471719	1301318821	False
1503707183	1301318821	False
655574575	1301318821	False
150210507/other	1301318821	False
906379260	1301318821	False
150210507/unspecified	1301318821	False
1892026854	1301318821	False
542147910/unspecified	1301318821	False
448646369	1301318821	False
733863058	1301318821	False
1385362916	1301318821	False
328235338	1301318821	False
1421495979	1301318821	False
542147910/other	1301318821	False
682069104	1301318821	False
1085414438	1301318821	False
1991400753/other	1301318821	False
761397346	1301318821	False
267067189/other	1301318821	False
1753525703	1301318821	False
923467822	1301318821	False
1397617262/unspecified	1301318821	False
947057531	1301318821	False
829265348	1301318821	False
1707654227/unspecified	1301318821	False
1393178521	1301318821	False
1103107484/unspecified	1301318821	False
298109934	1301318821	False
1397617262/other	1301318821	False
1571104786	1301318821	False
1707654227/other	1301318821	False
1103107484/other	1301318821	False
1934564626	1301318821	False
1071237724/unspecified	1301318821	False
1969129478	1301318821	False
179977025	1301318821	False
626946920	1301318821	False
1678770330	1301318821	False
1697882562	1301318821	False
888908153	1301318821	False
258731055	1301318821	False
417049941	1301318821	False
1071237724/other	1301318821	False
315445782/unspecified	1301318821	False
444221867	1301318821	False
638874599	1301318821	False
345015544	1301318821	False
315445782/other	1301318821	False
726493579	1301318821	False
587441542	1301318821	False
1508454837	1301318821	False
1180679954	1301318821	False
1893076536/unspecified	1301318821	False
2070602706	1301318821	False
1703976220	1301318821	False
1531247510	1301318821	False
1595854907	1301318821	False
1151417515	1301318821	False
898231522	1301318821	False
2013322169	1301318821	False
1157997589	1301318821	False
1370607538	1301318821	False
2107441758	1301318821	False
1159416016/unspecified	1301318821	False
1713565392	1301318821	False
1159416016/other	1301318821	False
5747278/other	1301318821	False
1893076536/other	1301318821	False
1877062675	1301318821	False
144642394	1301318821	False
2062632714	1301318821	False
2007774165	1301318821	False
942762510	1301318821	False
1660837641	1301318821	False
187338184	1301318821	False
1066155381	1301318821	False
1018801334	1301318821	False
1078206702/unspecified	1301318821	False
15874829	1301318821	False
500857346	1301318821	False
1938186540	1301318821	False
2094484359	1301318821	False
1011829102	1301318821	False
1219877641	1301318821	False
1605020868	1301318821	False
231431760	1301318821	False
1078206702/other	1301318821	False
262294384	1301318821	False
793283627	1301318821	False
1564166225	1301318821	False
611741677	1301318821	False
5747278/unspecified	1301318821	False
922082116/unspecified	1301318821	False
1289606460	1301318821	False
1511346466/unspecified	1301318821	False
946898373	1301318821	False
1133613793	1301318821	False
2099895020	1301318821	False
464224926	1301318821	False
706528063	1301318821	False
1871563852	1301318821	False
1404882567	1301318821	False
697702574	1301318821	False
1672062752	1301318821	False
922082116/other	1301318821	False
1366402222	1301318821	False
2039887501	1301318821	False
1021070845	1301318821	False
1308956659	1301318821	False
1668837545	1301318821	False
1255032896	1301318821	False
996947151	1301318821	False
1511346466/other	1301318821	False
75194057/unspecified	1301318821	False
367567172	1301318821	False
929788705	1301318821	False
1718833206/unspecified	1301318821	False
1242903814	1301318821	False
320540024	1301318821	False
67403689	1301318821	False
33869057	1301318821	False
1888047156	1301318821	False
1227619262	1301318821	False
578519098	1301318821	False
502974962	1301318821	False
1292886751	1301318821	False
190694720	1301318821	False
2110009016	1301318821	False
447433352/unspecified	1301318821	False
591280607	1301318821	False
769679508	1301318821	False
1296935487	1301318821	False
1739014349	1301318821	False
369414280	1301318821	False
36595876	1301318821	False
967762126	1301318821	False
1603907778	1301318821	False
1766185236/other	1301318821	False
855261561/unspecified	1301318821	False
1774072689	1301318821	False
1766185236/unspecified	1301318821	False
1497457285	1301318821	False
884401451	1301318821	False
2001442307	1301318821	False
986873172	1301318821	False
1799619489	1301318821	False
1755952403	1301318821	False
634124554	1301318821	False
1608432421	1301318821	False
85865736	1301318821	False
2103273794	1301318821	False
1579399931	1301318821	False
114092945	1301318821	False
200391555	1301318821	False
1718833206/other	1301318821	False
381956131	1301318821	False
2118161494	1301318821	False
1351671383	1301318821	False
1439188070	1301318821	False
216412330	1301318821	False
440376179	1301318821	False
591606422	1301318821	False
1630573405/unspecified	1301318821	False
1087944573	1301318821	False
951863576	1301318821	False
1630573405/other	1301318821	False
766294541	1301318821	False
952267142	1301318821	False
693315837	1301318821	False
349173638	1301318821	False
105949510	1301318821	False
2119272674/unspecified	1301318821	False
855261561/other	1301318821	False
621800828/unspecified	1301318821	False
87363774	1301318821	False
621800828/other	1301318821	False
1735332142	1301318821	False
526496571	1301318821	False
1418562110	1301318821	False
1013574634	1301318821	False
1042489672	1301318821	False
230766866	1301318821	False
298757296	1301318821	False
1774194341	1301318821	False
1800431439	1301318821	False
447433352/other	1301318821	False
2045832550	1301318821	False
1679532614	1301318821	False
1596748377	1301318821	False
1185393985	1301318821	False
1292318449	1301318821	False
1493520953	1301318821	False
929292296	1301318821	False
715606262	1301318821	False
1035484987	1301318821	False
369197946	1301318821	False
1254844927	1301318821	False
874780782	1301318821	False
477636850/unspecified	1301318821	False
2121278989/other	1301318821	False
2121278989/unspecified	1301318821	False
477636850/other	1301318821	False
371493863	1301318821	False
1855353671	1301318821	False
316539081/unspecified	1301318821	False
53770492	1301318821	False
27112793	1301318821	False
316539081/other	1301318821	False
554855119/unspecified	1301318821	False
445249863	1301318821	False
1802183757	1301318821	False
1772497507	1301318821	False
228504985/unspecified	1301318821	False
2086381895	1301318821	False
1758820365/other	1301318821	False
2108282805	1301318821	False
1969743250	1301318821	False
1826627197	1301318821	False
425844952	1301318821	False
1142572394	1301318821	False
691871206	1301318821	False
228504985/other	1301318821	False
1315163160	1301318821	False
1175864087	1301318821	False
643719046	1301318821	False
1151208199	1301318821	False
740238523	1301318821	False
1713232228	1301318821	False
1501594633	1301318821	False
1035937730	1301318821	False
2039119401	1301318821	False
456911769/unspecified	1301318821	False
619691048	1301318821	False
338947348	1301318821	False
604526461	1301318821	False
1596057495	1301318821	False
692664921	1301318821	False
245167840	1301318821	False
107769421	1301318821	False
1927278250	1301318821	False
1193234571	1301318821	False
2145246967	1301318821	False
1311077852	1301318821	False
306173298	1301318821	False
265369187	1301318821	False
1856595996	1301318821	False
337621369	1301318821	False
175963120	1301318821	False
464839824	1301318821	False
2033444200/other	1301318821	False
219686553	1301318821	False
2118114494	1301318821	False
435734579	1301318821	False
577189110	1301318821	False
839523634	1301318821	False
1996587095	1301318821	False
1758820365/unspecified	1301318821	False
982190055/unspecified	1301318821	False
924282914	1301318821	False
1197040083	1301318821	False
798749948	1301318821	False
326933846	1301318821	False
2033444200/unspecified	1301318821	False
1648113138	1301318821	False
456911769/other	1301318821	False
35340954	1301318821	False
957692012	1301318821	False
2090549892/unspecified	1301318821	False
728032899	1301318821	False
2090549892/other	1301318821	False
982190055/other	1301318821	False
226532853	1301318821	False
578555654	1301318821	False
466991632	1301318821	False
1461578022	1301318821	False
1157107779	1301318821	False
1566372916	1301318821	False
713179243	1301318821	False
955011983	1301318821	False
1824470707	1301318821	False
294974165	1301318821	False
426586758	1301318821	False
819661331	1301318821	False
1025219649	1301318821	False
202249350/unspecified	1301318821	False
740766810	1301318821	False
1146998805	1301318821	False
202249350/other	1301318821	False
1892116625	1301318821	False
496334790	1301318821	False
1492508847	1301318821	False
23018103	1301318821	False
1380236020	1301318821	False
1569909893	1301318821	False
1070731825	1301318821	False
798353632/unspecified	1301318821	False
1689464329	1301318821	False
2115684383	1301318821	False
1708628874	1301318821	False
1535116870	1301318821	False
1364009744	1301318821	False
1310046722	1301318821	False
1373446179	1301318821	False
1047718175	1301318821	False
1218139712	1301318821	False
1942942059	1301318821	False
1649345016	437215757	False
1649345016	1301318821	False
154709545	1301318821	False
1778503163	1301318821	False
1665675874	1301318821	False
617473060	1301318821	False
935911546	1301318821	False
1948261113	1301318821	False
126878206	1301318821	False
1391899997	1301318821	False
1760512459	1301318821	False
146824338	437215757	False
146824338	1301318821	False
1542608234	1301318821	False
1146095758	1301318821	False
388735319	1301318821	False
671511103	1301318821	False
225222541	1301318821	False
575106861	1301318821	False
742542169	1301318821	False
360609196	1301318821	False
1530443809/unspecified	1301318821	False
1530443809/other	1301318821	False
184591965	1301318821	False
1389243644	1301318821	False
685773344	1301318821	False
395055399	1301318821	False
1345474058	1301318821	False
36927296	1301318821	False
1592782472	1301318821	False
798353632/other	1301318821	False
350868040	1301318821	False
865015040	1301318821	False
1123821211	1301318821	False
1800721232	1301318821	False
247568702	1301318821	False
1850436553	1301318821	False
1473484566	1301318821	False
965173367	1301318821	False
861487501	1301318821	False
1965505025	1301318821	False
148207042	1301318821	False
551209361	1301318821	False
959493854/unspecified	1301318821	False
143500855	1301318821	False
128459925	1301318821	False
821923032	1301318821	False
1337813243	1301318821	False
2141700511	1301318821	False
1163039467	1301318821	False
944929842	1301318821	False
1984351818	1301318821	False
1564602847	1301318821	False
1857446965	1301318821	False
1484739866	1301318821	False
208782658	1301318821	False
1357539267	1301318821	False
1171811317	1301318821	False
292186178	1301318821	False
1365341249	1301318821	False
987537861	1301318821	False
378805327	1301318821	False
459381514/unspecified	1301318821	False
1548551094	1301318821	False
455713450	1301318821	False
959493854/other	1301318821	False
493954541	1301318821	False
1399791513/unspecified	69890123	False
66079291	1301318821	False
685124533/other	1301318821	False
1072920842	1301318821	False
2084412621	1301318821	False
1074379931	1301318821	False
1749487682	2082570273	False
1749487682	69890123	False
685124533/unspecified	1301318821	False
1003925191	1301318821	False
1164069451	1301318821	False
1369585807	1301318821	False
519599560	1301318821	False
1722094866	1301318821	False
1788202409	1301318821	False
1548011167	1301318821	False
1691895196	1301318821	False
1268695399	1301318821	False
1537471814	1301318821	False
929085937	69890123	False
1843802139	1301318821	False
1880907441	1301318821	False
62048122	1301318821	False
156186129	1301318821	False
1544785014	437215757	False
1544785014	1301318821	False
1119598827	1301318821	False
1256072522/unspecified	1301318821	False
1743710977	1301318821	False
821359459/unspecified	1301318821	False
261293318	1301318821	False
597674880	1301318821	False
1212934463	1301318821	False
1972855304	1301318821	False
128151553	1301318821	False
1491761799	1301318821	False
1851756318	1301318821	False
459381514/other	1301318821	False
821359459/other	1301318821	False
589965966	1301318821	False
144309462	1301318821	False
144309462	1726150948	False
1817454188	1726150948	False
1817454188	1301318821	False
427778495	1726150948	False
427778495	1301318821	False
1661490798	1726150948	False
1661490798	1301318821	False
507290324	1301318821	False
507290324	1726150948	False
1158485735	1301318821	False
581865483	1726150948	False
581865483	1301318821	False
1335561054	1301318821	False
2116703900	1301318821	False
176621155	1301318821	False
488336723/unspecified	1726150948	False
488336723/unspecified	1301318821	False
503975192	1726150948	False
503975192	1301318821	False
1767901586	1726150948	False
1767901586	1301318821	False
1049028857	1301318821	False
1588787831	1301318821	False
417097363	1726150948	False
417097363	1301318821	False
516478127	1301318821	False
1302193697/unspecified	1301318821	False
561825426	1726150948	False
561825426	1301318821	False
684118007	1726150948	False
684118007	1301318821	False
1401733290	1726150948	False
1401733290	1301318821	False
686787865	1726150948	False
686787865	1301318821	False
1271096818	1301318821	False
1302193697/other	1301318821	False
254401281	1726150948	False
254401281	1301318821	False
265961407	1301318821	False
265961407	1726150948	False
472012899	1301318821	False
472025101	1301318821	False
737272884	1301318821	False
737272884	1726150948	False
2106145210	1726150948	False
2106145210	1301318821	False
1203447657/unspecified	1301318821	False
1081210645	1301318821	False
952616825	1301318821	False
1171920464	1301318821	False
718165111	1301318821	False
251857333	1301318821	False
1203447657/other	1301318821	False
138464905	1301318821	False
197437886	1301318821	False
73469173	1301318821	False
430933458	1301318821	False
1448983042/unspecified	1301318821	False
1424162829	1301318821	False
488336723/other	1726150948	False
488336723/other	1301318821	False
1256072522/other	1301318821	False
1020467726	1301318821	False
2135776892	1301318821	False
1540054175/unspecified	1301318821	False
2024861803	1301318821	False
1395410103	1301318821	False
68823404	1301318821	False
1705187418/unspecified	1301318821	False
1620375579	1301318821	False
8446067	1301318821	False
1237451411	1301318821	False
1513300494	1301318821	False
984179504	1301318821	False
1661934843	1301318821	False
1707814375	1301318821	False
1038786651	1301318821	False
795216992/unspecified	1301318821	False
795216992/other	1301318821	False
1470811231	1301318821	False
592241909	1301318821	False
738999602	1301318821	False
726662747	1301318821	False
1800186673/unspecified	1301318821	False
1907332818	1301318821	False
2085092346	1301318821	False
1981804514	1301318821	False
1486974415	1301318821	False
1229451428	1301318821	False
1705187418/other	1301318821	False
1244512758/unspecified	1301318821	False
633895053	1301318821	False
1308898255	1301318821	False
1244512758/other	1301318821	False
1615346975	1301318821	False
1525098224	1301318821	False
20708394	1301318821	False
825917541	1301318821	False
712023399	1301318821	False
251330102	1301318821	False
1540054175/other	1301318821	False
1209504078	1301318821	False
1608691366	1301318821	False
795682441	1301318821	False
1800186673/other	1301318821	False
875976328	437215757	False
875976328	2082570273	False
771242103	437215757	False
771242103	2082570273	False
1075394530	1301318821	False
1048613131/other	1301318821	False
912896493	1301318821	False
1912019439	1301318821	False
819128399	1301318821	False
1454182666	1301318821	False
1048613131/unspecified	1301318821	False
42780247	1301318821	False
796580602	1726150948	False
234424477	1726150948	False
828359441	1726150948	False
603932984	1726150948	False
417987464	1726150948	False
301374783	1726150948	False
290964281	437215757	False
472032331	1726150948	False
1244053614	1726150948	False
1507320051	1726150948	False
1597387637	1726150948	False
1752443008	2082570273	False
825594765	2082570273	False
1779369561	2082570273	False
696980276	2082570273	False
899159616	2082570273	False
1323772456	2082570273	False
1000010185	2082570273	False
2130543426	2082570273	False
1134561022	2082570273	False
1527274652	2082570273	False
1155825620	2082570273	False
1773673800	2082570273	False
696510183	2082570273	False
1483637222	2082570273	False
1925080075	2082570273	False
1209722484	2082570273	False
207218620	2082570273	False
1678622932	2082570273	False
1761708187	2082570273	False
389894081	2082570273	False
709670678	2082570273	False
842795639	2082570273	False
274100762	1726150948	False
424219809	2082570273	False
184562820	2082570273	False
1016272382	2082570273	False
343181279	2082570273	False
281008146	2082570273	False
6280353	2082570273	False
980600442	2082570273	False
1832632396	2082570273	False
1350430913	2082570273	False
1113324386	2082570273	False
1290380611	2082570273	False
1932608391	2082570273	False
1408610777	437215757	False
1408610777	2082570273	False
1320015677	437215757	False
1320015677	2082570273	False
151238311	437215757	False
151238311	2082570273	False
864291529	2082570273	False
1003144902	2082570273	False
1268381891	437215757	False
1268381891	2082570273	False
629514685	2082570273	False
732545084	2082570273	False
95365897	2082570273	False
1486511938	2082570273	False
171698302/unspecified	2082570273	False
519924384	2082570273	False
1646531494	2082570273	False
542703670	2082570273	False
732618334	437215757	False
247322807	437215757	False
1418140694	437215757	False
1327864541	437215757	False
1164151828	437215757	False
1124358305	437215757	False
1825897767	437215757	False
1626685275	437215757	False
1774146075	437215757	False
1449016077	437215757	False
171698302/other	2082570273	False
1997938580	2082570273	False
975954815	437215757	False
708080584	437215757	False
1896866136	437215757	False
1859862542	437215757	False
610883065	437215757	False
536416431	437215757	False
73178555	437215757	False
21098667	437215757	False
1743764469	437215757	False
1085222388	437215757	False
16487779	437215757	False
1475678865	437215757	False
1208766073	437215757	False
1056151394/unspecified	437215757	False
396470792	437215757	False
1648258203	437215757	False
1551799553	437215757	False
1655829927	437215757	False
115597778	437215757	False
1229845141	437215757	False
472598070	437215757	False
440849195	437215757	False
1399159059	437215757	False
704949296	437215757	False
1538808564/unspecified	437215757	False
33739979	437215757	False
1944862232	437215757	False
902827386	437215757	False
2091929110	437215757	False
1197441046	437215757	False
2104959707	2082570273	False
845832884	2082570273	False
845832884	437215757	False
1938532855	2082570273	False
102002538	2082570273	False
140908248	2082570273	False
623399333	2082570273	False
623399333	437215757	False
2106693775	2082570273	False
2106693775	437215757	False
914480092	2082570273	False
1405752906	2082570273	False
1099231520	2082570273	False
1099231520	437215757	False
834803895	2082570273	False
1418319139	2082570273	False
939941130	2082570273	False
661079735	2082570273	False
1110215459	2082570273	False
539264478	2082570273	False
1565364384	2082570273	False
1164920904	2082570273	False
1945656173	437215757	False
1945656173	2082570273	False
1816653879	437215757	False
1816653879	2082570273	False
103142674	437215757	False
103142674	2082570273	False
1990618739	437215757	False
1497313935	437215757	False
2041416123	437215757	False
328066172	437215757	False
266344893	1726150948	False
2129175166	437215757	False
502211326	437215757	False
683282778	1726150948	False
1403123252	437215757	False
2114909024	1726150948	False
387067249	437215757	False
501385645	437215757	False
1707111548	1726150948	False
272309132	437215757	False
1307462764	437215757	False
1307462764	2082570273	False
572188738	437215757	False
1394397915	437215757	False
999738961	437215757	False
217770434	437215757	False
122974154	437215757	False
927909552	437215757	False
1573460761	437215757	False
1508553349	437215757	False
1377218899	437215757	False
1011970033	437215757	False
862809906	437215757	False
463348347	437215757	False
2030970195	437215757	False
1947371858	437215757	False
1947371858	2082570273	False
1154766708	437215757	False
1154766708	2082570273	False
1842590333	437215757	False
1726417657	437215757	False
1726417657	2082570273	False
243625123	437215757	False
750374504	437215757	False
108684922	437215757	False
1671994459	437215757	False
1671994459	2082570273	False
7069148	437215757	False
7069148	2082570273	False
44621583	437215757	False
44621583	2082570273	False
878469980	437215757	False
878469980	2082570273	False
1230158741	437215757	False
1230158741	2082570273	False
372726472	437215757	False
372726472	2082570273	False
315130906	437215757	False
315130906	2082570273	False
1141383224	437215757	False
1141383224	2082570273	False
120069809	437215757	False
120069809	2082570273	False
1592307356	437215757	False
1592307356	2082570273	False
382632922	437215757	False
382632922	2082570273	False
1589767282	437215757	False
1589767282	2082570273	False
91394321	437215757	False
91394321	2082570273	False
171778157	437215757	False
171778157	2082570273	False
413252133	437215757	False
413252133	2082570273	False
1161218174	1301318821	False
677847498	437215757	False
330640512	437215757	False
1238922114	1726150948	False
1238922114	2082570273	False
2092219896	1726150948	False
2092219896	2082570273	False
839068094	1726150948	False
839068094	2082570273	False
1064952615	437215757	False
1064952615	639052684	False
1940327513	437215757	False
545922797	437215757	False
545922797	639052684	False
747160508	437215757	False
747160508	639052684	False
334593909	437215757	False
334593909	639052684	False
594966149	437215757	False
594966149	639052684	False
138548297	437215757	False
138548297	639052684	False
1884466761	437215757	False
1884466761	639052684	False
774177126	437215757	False
774177126	639052684	False
1373169110	437215757	False
1373169110	639052684	False
916731393	437215757	False
916731393	639052684	False
1217905496	437215757	False
1217905496	639052684	False
589813419	437215757	False
589813419	639052684	False
372910626	437215757	False
372910626	639052684	False
1526046317	437215757	False
1526046317	639052684	False
458808272	437215757	False
561555594	437215757	False
259871130	437215757	False
1312714607	437215757	False
9854164	437215757	False
1062124050	437215757	False
1784013040	437215757	False
1430371404	437215757	False
1042600499	437215757	False
996997454/unspecified	437215757	False
489568909	437215757	False
930259114	437215757	False
2019948313	437215757	False
1770220148	437215757	False
335216342	437215757	False
1892000382	2082570273	False
1631392129	2082570273	False
1158901717	437215757	False
1635123778	437215757	False
1635123778	2082570273	False
1943355600	437215757	False
1943355600	2082570273	False
1405733502	437215757	False
1405733502	2082570273	False
1358849143	437215757	False
1358849143	2082570273	False
1931082414	437215757	False
1931082414	2082570273	False
776797866	437215757	False
776797866	2082570273	False
4786106	437215757	False
4786106	2082570273	False
637556387	2082570273	False
92088392	437215757	False
92088392	2082570273	False
93901016	437215757	False
93901016	2082570273	False
643173601	437215757	False
643173601	2082570273	False
677862301	2082570273	False
1372079545	2082570273	False
913837033	2082570273	False
860202875	2082570273	False
1576574210	2082570273	False
1441524773	2082570273	False
201555485	2082570273	False
314285593	2082570273	False
1699998644	2082570273	False
375197335	2082570273	False
37817105	2082570273	False
1141865507	2082570273	False
831568576	2082570273	False
1713574876	2082570273	False
1586771387	2082570273	False
372093352	2082570273	False
1225398299	2082570273	False
1960547416	437215757	False
556031133	2082570273	False
1097625254	2082570273	False
889623823	437215757	False
19182249/unspecified	2082570273	False
48858533	2082570273	False
426194513	2082570273	False
1426457254/unspecified	2082570273	False
1179061851	437215757	False
1179061851	2082570273	False
624491761	2082570273	False
1368763406	2082570273	False
2144699756	2082570273	False
807800672	2082570273	False
114978590	2082570273	False
476810822	2082570273	False
19182249/other	2082570273	False
1963674324	2082570273	False
1456893797	2082570273	False
1081291109	2082570273	False
1585838501	2082570273	False
1730988424	2082570273	False
1457092071/other	2082570273	False
1386494937	2082570273	False
2138000752	2082570273	False
1796017140	2082570273	False
998171427	2082570273	False
1026176792	2082570273	False
1120356480	2082570273	False
1557666038	2082570273	False
661070343	2082570273	False
2013446998	2082570273	False
2141980600	2082570273	False
814172888	2082570273	False
109460531	437215757	False
109460531	2082570273	False
944331925	437215757	False
944331925	2082570273	False
590641501	2082570273	False
435968402	437215757	False
435968402	2082570273	False
565367546	437215757	False
565367546	2082570273	False
2099564025/unspecified	2082570273	False
2099564025/unspecified	437215757	False
347025009	437215757	False
347025009	2082570273	False
1535347226	2082570273	False
752985371	437215757	False
752985371	2082570273	False
220699766/other	2082570273	False
168655119	2082570273	False
220699766/unspecified	2082570273	False
1998185781	2082570273	False
1250418275	2082570273	False
1571720446	2082570273	False
1003218080	2082570273	False
1705801060	2082570273	False
1731626003	2082570273	False
386065975	437215757	False
386065975	2082570273	False
1312980669	437215757	False
1312980669	2082570273	False
850774052	2082570273	False
378202900	2082570273	False
313082510	2082570273	False
321681085	2082570273	False
1895058145	2082570273	False
233310084	2082570273	False
815854198	2082570273	False
207144418	2082570273	False
1744453229	2082570273	False
144751571	437215757	False
144751571	2082570273	False
99863600	437215757	False
99863600	2082570273	False
101688410	2082570273	False
2048059267	2082570273	False
1608922515	2082570273	False
1001757676/unspecified	2082570273	False
1064837936	2082570273	False
1427133901	2082570273	False
2040783046	2082570273	False
1001757676/other	2082570273	False
1630098741	2082570273	False
1935939643	2082570273	False
1191354067	2082570273	False
176193844	2082570273	False
1486914773	2082570273	False
1004264011	2082570273	False
1052344780	2082570273	False
2078984875	2082570273	False
984216670	2082570273	False
914927018	2082570273	False
242551862	2082570273	False
1001660902	2082570273	False
782580966	2082570273	False
1328952003	2082570273	False
491213123	2082570273	False
1035858889	2082570273	False
978062542	2082570273	False
1542864903	2082570273	False
1530591865	2082570273	False
280648665	2082570273	False
694906551	2082570273	False
1968204694	2082570273	False
519589833	2082570273	False
590662611/unspecified	437215757	False
590662611/unspecified	2082570273	False
590662611/other	437215757	False
590662611/other	2082570273	False
428221003	2082570273	False
891918717	2082570273	False
1355528986	2082570273	False
1282796569	2082570273	False
429127802	2082570273	False
730954105	2082570273	False
1453042237	2082570273	False
1453042237	437215757	False
247061547	2082570273	False
877572183	2082570273	False
2126817470/unspecified	2082570273	False
740069461	2082570273	False
363323447	2082570273	False
997674795/unspecified	2082570273	False
1112041270	2082570273	False
1263993231	2082570273	False
997674795/other	2082570273	False
1198965747	2082570273	False
159292204	2082570273	False
562533719	2082570273	False
775264371	2082570273	False
1181391407	2082570273	False
1302548328	437215757	False
1302548328	2082570273	False
1266570727	2082570273	False
1090392595	2082570273	False
946555826	437215757	False
946555826	2082570273	False
1381020324	437215757	False
1381020324	2082570273	False
994401306	2082570273	False
1594082625	437215757	False
1594082625	2082570273	False
689194958	2082570273	False
153194382	2082570273	False
766466445	2082570273	False
595744147	2082570273	False
1927639629	2082570273	False
552945689	2082570273	False
1621225614	2082570273	False
1124523480	2082570273	False
393735957	2082570273	False
417698978	2082570273	False
1164432705	2082570273	False
738798302	2082570273	False
1176219848	2082570273	False
2068882136	2082570273	False
136268544	2082570273	False
274650490	2082570273	False
918582789	2082570273	False
1367747494	2082570273	False
1193506212	2082570273	False
1080080079	2082570273	False
577288242	2082570273	False
1274900023	437215757	False
1274900023	2082570273	False
1455810767	2082570273	False
864953691	2082570273	False
885909040	2082570273	False
910134360	437215757	False
910134360	2082570273	False
623606619	2082570273	False
1938881142	437215757	False
1938881142	2082570273	False
650370001	2082570273	False
629835391	437215757	False
629835391	2082570273	False
846753319	2082570273	False
229477999	2082570273	False
398518224	2082570273	False
977186577	2082570273	False
52817859	2082570273	False
1938566558	2082570273	False
286817574	2082570273	False
423904268	2082570273	False
550799417	2082570273	False
695189308	2082570273	False
629327264	2082570273	False
784699479	2082570273	False
117512133	2082570273	False
814888635	2082570273	False
1527848353	2082570273	False
1581226152	2082570273	False
1462820829	2082570273	False
1642231253	2082570273	False
1104075543	2082570273	False
1345743084	2082570273	False
999885351	2082570273	False
485741141	2082570273	False
1762285087	2082570273	False
282202153	2082570273	False
798243555	2082570273	False
1900663527	2082570273	False
12833266	2082570273	False
322105711	2082570273	False
981780986	2082570273	False
219670664	2082570273	False
874889446	2082570273	False
647691112	2082570273	False
1781670200	2082570273	False
1066938345	2082570273	False
1622237468	2082570273	False
645858296	2082570273	False
1792530856	2082570273	False
2086620978	69890123	False
592129034	2082570273	False
943843504	69890123	False
1945915335	2082570273	False
295556857	2082570273	False
93689533	69890123	False
88959233	2082570273	False
197797151	2082570273	False
17156755	2082570273	False
1156296548	2082570273	False
1251595990	2082570273	False
1418102436	2082570273	False
2112667415	2082570273	False
1735750286	69890123	False
1780876655	69890123	False
2029537975	2082570273	False
1302142077	2082570273	False
1748716465	2082570273	False
890412877	69890123	False
1924189973	2082570273	False
1610178364	2082570273	False
31470083	2082570273	False
885464741	69890123	False
498304803	2082570273	False
373813317	69890123	False
459455376	69890123	False
697220933	69890123	False
2040206866	2082570273	False
2053602940	2082570273	False
1256224652	2082570273	False
1999899033/unspecified	2082570273	False
1048173030	2082570273	False
1202913385	2082570273	False
446081198	2082570273	False
1999899033/other	2082570273	False
1497227586	2082570273	False
703449400	2082570273	False
122198707/unspecified	2082570273	False
122198707/other	2082570273	False
304617347	2082570273	False
147196686	2082570273	False
355019646	69890123	False
398843725	2082570273	False
616480469	2082570273	False
2039435681	2082570273	False
1260748075	2082570273	False
1764916734	2082570273	False
478429046	437215757	False
478429046	2082570273	False
227704636	2082570273	False
1992867167	2082570273	False
241706181/other	2082570273	False
1763449867	2082570273	False
1804989371	2082570273	False
387099224	2082570273	False
1025610391	2082570273	False
486177064	2082570273	False
241706181/unspecified	2082570273	False
722863737	2082570273	False
812836214	2082570273	False
587393102	2082570273	False
1067314188	2082570273	False
1482794495	2082570273	False
296292037	2082570273	False
1622820287	2082570273	False
1011825589	2082570273	False
1011825589	437215757	False
1998560654	437215757	False
1998560654	2082570273	False
1444188480	437215757	False
1444188480	2082570273	False
1532206300	2082570273	False
1262400796	2082570273	False
1404094160	437215757	False
681615037	437215757	False
1834411160	437215757	False
403019899	437215757	False
158852401	437215757	False
95847234	437215757	False
1004668578	437215757	False
160907582	437215757	False
488174955	437215757	False
1951968762	2082570273	False
2071927498	2082570273	False
1520984388	2082570273	False
388936356	2082570273	False
270793571	2082570273	False
178814919	2082570273	False
1181462425	2082570273	False
1674442837	2082570273	False
568487451	2082570273	False
1878860014	2082570273	False
993158012	437215757	False
1639718137	437215757	False
1954035043	437215757	False
1404422398	437215757	False
1817745681	437215757	False
1197219411	437215757	False
2141829518	437215757	False
1120657097	437215757	False
2036282532	437215757	False
1855302690	437215757	False
1362820694	437215757	False
1327491005	437215757	False
1553758245	437215757	False
1715788141	437215757	False
1119445454	437215757	False
1322994548	437215757	False
1624557495	437215757	False
2098607034	437215757	False
1965703348	437215757	False
1472221384	437215757	False
42968711	437215757	False
1044658726	437215757	False
1044658726	2082570273	False
1960511944	437215757	False
1960511944	2082570273	False
8559059	437215757	False
8559059	2082570273	False
361206059	437215757	False
361206059	2082570273	False
392841027/unspecified	437215757	False
392841027/unspecified	2082570273	False
172009176	437215757	False
172009176	2082570273	False
1492632616	437215757	False
1492632616	2082570273	False
1880118795	437215757	False
1880118795	2082570273	False
902481358	437215757	False
902481358	2082570273	False
1448663971	437215757	False
1448663971	2082570273	False
1190647132	437215757	False
1190647132	2082570273	False
1729065386	437215757	False
1729065386	2082570273	False
1490209973	437215757	False
1490209973	2082570273	False
447802965	437215757	False
447802965	2082570273	False
996644313	437215757	False
996644313	2082570273	False
1640757981	437215757	False
1640757981	2082570273	False
728510406	437215757	False
728510406	2082570273	False
1527773104/unspecified	437215757	False
1527773104/unspecified	2082570273	False
1527773104/other	437215757	False
1527773104/other	2082570273	False
1866591691	437215757	False
1866591691	2082570273	False
1868883286	437215757	False
1868883286	2082570273	False
562200073	437215757	False
562200073	2082570273	False
1750270376	437215757	False
1750270376	2082570273	False
392841027/other	437215757	False
392841027/other	2082570273	False
2052136656	437215757	False
2052136656	2082570273	False
602571061	437215757	False
602571061	2082570273	False
1197268427	2082570273	False
1709117360	2082570273	False
1984805551	1301318821	False
634205151	1301318821	False
1118158126	1301318821	False
1398607571	1301318821	False
1203242688	1301318821	False
1098566253	1301318821	False
1798347410	1301318821	False
703394211	1301318821	False
615324153	1301318821	False
1647311915	1301318821	False
764502123	1301318821	False
417759842	1726150948	False
1846427223	1301318821	False
1116345240	1726150948	False
348602398	1726150948	False
1950211450	1726150948	False
684055088	1726150948	False
1006882070/unspecified	1726150948	False
2138832129	2082570273	False
1449372184	1301318821	False
1912456093	1301318821	False
1921810289	437215757	False
278914833	1301318821	False
1805579540	2082570273	False
1259721857/unspecified	437215757	False
1804498477	437215757	False
522397394	437215757	False
102838158	437215757	False
1250436903	437215757	False
1209768135	437215757	False
280782078	437215757	False
516112866	437215757	False
743890238	437215757	False
743890238	2082570273	False
1226641576	437215757	False
1226641576	2082570273	False
1350378292	437215757	False
1350378292	2082570273	False
617640909	437215757	False
617640909	2082570273	False
1651488006	437215757	False
627663459	1301318821	False
751981926	1301318821	False
1000950656/unspecified	437215757	False
997733385	437215757	False
315493536	437215757	False
1000950656/other	437215757	False
862854189	437215757	False
832726086	2082570273	False
782848503	2082570273	False
1935500106	2082570273	False
1102910414	2082570273	False
487167019	2082570273	False
93990116	2082570273	False
2054633703	2082570273	False
435343272	2082570273	False
1142941745	2082570273	False
1284799239	2082570273	False
215633650	2082570273	False
1500528685	2082570273	False
2063190649	2082570273	False
1833107595	2082570273	False
920017811	2082570273	False
2138874166	2082570273	False
1863937482	2082570273	False
1046726721	2082570273	False
708728085	437215757	False
8776201	437215757	False
1586693610	437215757	False
763205246	437215757	False
1816626195	437215757	False
1333106817	437215757	False
1968840345	437215757	False
159245683	437215757	False
119987759	437215757	False
925459624	1726150948	False
1067231592	1726150948	False
1219884999	1726150948	False
1753235333	1726150948	False
1729164793	1726150948	False
920819080	1726150948	False
1112126168	437215757	False
1454024627	1726150948	False
537542868	437215757	False
1939015306	437215757	False
1581655926	437215757	False
1472653027	1726150948	False
936257638	2082570273	False
345305826	2082570273	False
342952562	2082570273	False
506837766	437215757	False
698784376	437215757	False
613643406	437215757	False
654935539	437215757	False
278570125	437215757	False
1366922754	437215757	False
1582730578	437215757	False
307679315	1726150948	False
130247701	1726150948	False
710042736	1726150948	False
273389798	1726150948	False
1561903219	1451583031	False
1852023275	1451583031	False
1664144906/unspecified	1451583031	False
201235221	1451583031	False
2061997505	1451583031	False
1233051529	1451583031	False
928534681	1451583031	False
292901392	1451583031	False
2075437770	1451583031	False
2115386870	1451583031	False
1884096170	1451583031	False
2062927079	1451583031	False
29943417	1451583031	False
413883536	1301318821	False
145837872	1301318821	False
988895516	1301318821	False
1964694669	1301318821	False
661446336	1301318821	False
1109857110	1301318821	False
1164234815	1301318821	False
1405193791	1301318821	False
1011960769	1301318821	False
1556007306	1301318821	False
2093566248	1301318821	False
539958699	1301318821	False
1204242229	1301318821	False
915030955	1301318821	False
835289282	1301318821	False
703289366	1301318821	False
1649994690	1301318821	False
472304483	1301318821	False
1417825620	1301318821	False
1407924105	1301318821	False
1829933363	1301318821	False
1688839734	1301318821	False
777678029	437215757	False
777678029	2082570273	False
1367652164	437215757	False
1367652164	2082570273	False
1049687419	437215757	False
1049687419	2082570273	False
1485273217	437215757	False
1485273217	2082570273	False
2003247894	437215757	False
2003247894	2082570273	False
1233191262	437215757	False
1233191262	2082570273	False
111184677	437215757	False
111184677	2082570273	False
1773455646	437215757	False
1773455646	2082570273	False
2038321324	437215757	False
2038321324	2082570273	False
809768843	437215757	False
809768843	2082570273	False
2121835140	437215757	False
2121835140	2082570273	False
110205921	437215757	False
110205921	2082570273	False
1833571645	437215757	False
1833571645	2082570273	False
1836784508	437215757	False
1836784508	2082570273	False
1084129484	437215757	False
1084129484	2082570273	False
39737094	437215757	False
39737094	2082570273	False
132832163	437215757	False
132832163	2082570273	False
641572911	437215757	False
641572911	2082570273	False
1885458750	437215757	False
1885458750	2082570273	False
1286063516	437215757	False
1286063516	2082570273	False
673502099	437215757	False
673502099	2082570273	False
108976737	437215757	False
108976737	2082570273	False
722963404	437215757	False
722963404	2082570273	False
598968227	437215757	False
598968227	2082570273	False
104632961	437215757	False
104632961	2082570273	False
1146227329	437215757	False
1125239276	437215757	False
1437898730	437215757	False
822041216	437215757	False
1255509079	437215757	False
935106837	437215757	False
643433598	437215757	False
1391940737	437215757	False
883187316	437215757	False
555337493	437215757	False
1102408311	437215757	False
1371163678	2082570273	False
1420014236	437215757	False
2114516882	437215757	False
1147743022	437215757	False
1709119253	437215757	False
436325530	437215757	False
690801653	437215757	False
80881298	437215757	False
1371653926	437215757	False
181097772	437215757	False
1637332103	437215757	False
895936255	437215757	False
24655566	437215757	False
625415678	437215757	False
2074353239	437215757	False
1151373265	437215757	False
1810197500	437215757	False
1155712817	437215757	False
75154906	437215757	False
347102320	437215757	False
993795262	437215757	False
136276913	437215757	False
136276913	2082570273	False
1520029299	437215757	False
1067324550	437215757	False
1448379220	437215757	False
1448379220	2082570273	False
1561909379	437215757	False
1561909379	2082570273	False
699762812	437215757	False
699762812	2082570273	False
1291732458	437215757	False
1291732458	2082570273	False
1756537116	437215757	False
1756537116	2082570273	False
339456115	437215757	False
343537811	437215757	False
944968983	437215757	False
944968983	2082570273	False
1058068094	437215757	False
1058068094	2082570273	False
782978104	437215757	False
782978104	2082570273	False
663956321	437215757	False
663956321	2082570273	False
1515920360	437215757	False
1515920360	2082570273	False
787893015	437215757	False
787893015	2082570273	False
510168530	437215757	False
510168530	2082570273	False
978824930	437215757	False
978824930	2082570273	False
438316608	437215757	False
438316608	2082570273	False
1270711939	437215757	False
1270711939	2082570273	False
2024885502	2082570273	False
203168769	2082570273	False
1767362965	2082570273	False
190832490	2082570273	False
502956396	2082570273	False
1846809344	2082570273	False
448348673	2082570273	False
2146602901	2082570273	False
733003054	2082570273	False
408049657	2082570273	False
1979405773	2082570273	False
1540969496	2082570273	False
105795659	2082570273	False
837054318	2082570273	False
486884460	2082570273	False
472600028	2082570273	False
796132583	2082570273	False
1991020651	2082570273	False
1553635187	2082570273	False
1299974682	2082570273	False
970021607	2082570273	False
1049794958	2082570273	False
1245694323	2082570273	False
1854058395	2082570273	False
242036176	2082570273	False
674744204	2082570273	False
198297697	2082570273	False
1254895053	2082570273	False
1550414797	2082570273	False
797433945	2082570273	False
577237238	2082570273	False
1046576434	2082570273	False
1529524392	2082570273	False
49956121	2082570273	False
958578265	2082570273	False
1301278374	2082570273	False
170233410	2082570273	False
237987122	2082570273	False
683942708	2082570273	False
1214321154	2082570273	False
195262310	2082570273	False
1359853309	2082570273	False
591717703	2082570273	False
805341050	2082570273	False
1584730952	2082570273	False
996644432	2082570273	False
930546669	2082570273	False
368365960	2082570273	False
1452197377	2082570273	False
154914303	2082570273	False
79330083	2082570273	False
1105212453	2082570273	False
558759566	2082570273	False
2011189990	2082570273	False
1625154561	2082570273	False
918154392	2082570273	False
554677872	2082570273	False
1448505053	2082570273	False
331795706	2082570273	False
1877966992	2082570273	False
1446455656	2082570273	False
514049186	2082570273	False
1088957507	2082570273	False
1607092226	639052684	False
1409273438	639052684	False
431240078	639052684	False
890473860	639052684	False
1421610295	639052684	False
760792922	639052684	False
1833842477	639052684	False
1073331465	639052684	False
538009034	639052684	False
797202931	639052684	False
1163563100	639052684	False
1878631306	639052684	False
378561446	639052684	False
155501300	639052684	False
807903866	639052684	False
659725987	639052684	False
1108955959	639052684	False
838320291	639052684	False
1110313985	639052684	False
1568163980	639052684	False
978320774	639052684	False
2049857324	639052684	False
568782205	639052684	False
917767112	639052684	False
1714587834	639052684	False
1634814929	639052684	False
2060169148	639052684	False
312465477	639052684	False
70944325	639052684	False
1888999100	639052684	False
714683619	639052684	False
58279216	639052684	False
745301920	639052684	False
2010387921	639052684	False
408250200	639052684	False
180158611	639052684	False
1228486795	639052684	False
1814820113	639052684	False
366746414	639052684	False
390641824	639052684	False
2061198287	437215757	False
582208347	437215757	False
211775653	437215757	False
646996679	437215757	False
1945556582	437215757	False
1559520296	437215757	False
1309121447	437215757	False
1425528881	437215757	False
1647036852	437215757	False
1472853334	437215757	False
1356722881	437215757	False
273018922	437215757	False
561566608	437215757	False
1893841391	437215757	False
505334646	437215757	False
1491982251	1726150948	False
1275649978	1726150948	False
1463993018	1726150948	False
96616786	1726150948	False
1810106678	1726150948	False
1741015882	1726150948	False
1533214918	1726150948	False
1209364172	1726150948	False
1173110787	1301318821	False
1818876175	1301318821	False
1784082025/other	1301318821	False
1604396784	1301318821	False
1784082025/unspecified	1301318821	False
2066315404	1301318821	False
158121756	1301318821	False
265706641	1301318821	False
1586983332	1301318821	False
2081159285	1301318821	False
2064581275	1301318821	False
1933692566	1301318821	False
1450337729	1301318821	False
1555647432	1301318821	False
1130534620	1301318821	False
2112803101	1301318821	False
2117769635	1301318821	False
1945018583	1301318821	False
2053023791	1301318821	False
901983046	1301318821	False
1160289586	1301318821	False
1345875497	1301318821	False
2081727431	1301318821	False
87660331	1301318821	False
1739280215	1301318821	False
1957720600	1301318821	False
135568040	1301318821	False
1761890526	1301318821	False
1095244433	1301318821	False
1963705728	1301318821	False
1600979834	1301318821	False
1487914319	1301318821	False
1166230876	1301318821	False
1961998246	1301318821	False
1605423676	1301318821	False
1747186498	1301318821	False
1305315665	1301318821	False
1867406132	1301318821	False
1285301221	1301318821	False
130744131	1301318821	False
1065258785	1301318821	False
2035757525	437215757	False
2035757525	1301318821	False
51193627	1301318821	False
1582541971/other	1301318821	False
563017088	1301318821	False
976296430	1301318821	False
414370699	1301318821	False
1495730320	437215757	False
1495730320	1301318821	False
1713603210	437215757	False
1713603210	1301318821	False
1798233239	437215757	False
1798233239	1301318821	False
1370530808	437215757	False
1370530808	1301318821	False
2094038774	1301318821	False
1264510418	437215757	False
1264510418	1301318821	False
1877312346	1301318821	False
1834830592	1301318821	False
1509847035	437215757	False
1509847035	1301318821	False
1111589739	437215757	False
1111589739	1301318821	False
1742058067	1301318821	False
1117316098	1301318821	False
1582541971/unspecified	1301318821	False
1761485320	1301318821	False
1976738325	437215757	False
1976738325	1301318821	False
1365886109	437215757	False
1365886109	1301318821	False
1711793747	1301318821	False
2024620815	437215757	False
2024620815	1301318821	False
2100494425	1301318821	False
1727718883	437215757	False
1727718883	1301318821	False
420710750	1301318821	False
1252300552	437215757	False
1252300552	1301318821	False
1948831951	1301318821	False
893338802	1301318821	False
186800184	1301318821	False
780183588	1301318821	False
201554503	1301318821	False
1468049351	1301318821	False
1738801035	1301318821	False
1883313543	1301318821	False
735034789	1301318821	False
824310657	1301318821	False
1345380085	1301318821	False
1877816200	1301318821	False
1159736816	1301318821	False
52965256	1301318821	False
1801216914	1301318821	False
1141606531	1301318821	False
1720212200	1301318821	False
788849256	1301318821	False
412599062	1301318821	False
1360755610	1301318821	False
1547763289	1301318821	False
1843658944	1301318821	False
187782163	1301318821	False
434331967	1301318821	False
699565686	1301318821	False
1031889118	1301318821	False
1428985235	1301318821	False
1566726558	1301318821	False
1656730861	1301318821	False
1930892618	1301318821	False
1523066966	1301318821	False
2124538652	1301318821	False
771948358	1301318821	False
1017279853	1301318821	False
129288147	1301318821	False
1337056966	1301318821	False
1368704813	1301318821	False
428990012	1301318821	False
901583828	1301318821	False
196281205	1301318821	False
514060398	1301318821	False
651060271	1301318821	False
991038559	1301318821	False
1008738827	1301318821	False
1496131761	1301318821	False
912874346	1301318821	False
1982931541	1301318821	False
690947124	1301318821	False
1221958476	1301318821	False
1391277009	1301318821	False
1125482540	1301318821	False
226963469	1301318821	False
1136390577	1301318821	False
584112926	1301318821	False
769046524	1301318821	False
340125518	1301318821	False
534733821	1301318821	False
33192468	1301318821	False
1762451456	1301318821	False
1475381311	1301318821	False
1343608426	1301318821	False
1922434061	1301318821	False
779108417	1301318821	False
641633356	1301318821	False
339171403	1301318821	False
2016682405	1301318821	False
1572990748	1301318821	False
1067136495	1301318821	False
866663906	1301318821	False
242475641	1301318821	False
487224448	1301318821	False
941806036	1301318821	False
1794998606	1301318821	False
447975613	1301318821	False
1965629468	1301318821	False
1820488087	1301318821	False
1923573886	1301318821	False
1308730354	1301318821	False
1601135210	1301318821	False
1995101398	1301318821	False
1554065883	1301318821	False
727402283	1301318821	False
1098511788	1301318821	False
1619396020	1301318821	False
1214355345	1301318821	False
1103027741	1301318821	False
559250222	437215757	False
559250222	1301318821	False
1474982646	437215757	False
1474982646	1301318821	False
1286260828	1301318821	False
1625117655	437215757	False
1625117655	1301318821	False
1458613312	1301318821	False
1398927353	1301318821	False
1277094502	1301318821	False
1163586175	1301318821	False
2091164276/other	1301318821	False
2109397184	1301318821	False
531561901	1301318821	False
1169534693	1301318821	False
542086331	1301318821	False
932701232	1301318821	False
415433773	1301318821	False
448190823	1301318821	False
1125083635	1301318821	False
1499656268	1301318821	False
1834301508	1301318821	False
1731624064	1301318821	False
1247979531	1301318821	False
1830326729	1301318821	False
1641387222	1301318821	False
1848187449	1301318821	False
1972827817	1301318821	False
1833564548	1301318821	False
422948178	1301318821	False
387820742	1301318821	False
2091164276/unspecified	1301318821	False
993091882	1301318821	False
431141709	1301318821	False
34430941	1301318821	False
829915640/other	1301318821	False
1934528268	1301318821	False
1430917888	1301318821	False
1336169766	1301318821	False
1351007430	1301318821	False
1615114311	1301318821	False
869404833	1301318821	False
202374612	1301318821	False
1229293218	1301318821	False
1912958627	1301318821	False
71381471	1301318821	False
1167478749	1301318821	False
399121588	1301318821	False
1206556969	1301318821	False
1732495111	1301318821	False
1536701348	1301318821	False
166659419	1301318821	False
1968456540	1301318821	False
829915640/unspecified	1301318821	False
75033970	1301318821	False
1048323109	1301318821	False
944569357	1301318821	False
449785448	1301318821	False
2086328209	1301318821	False
1624575808	1301318821	False
1165754036	1301318821	False
410394500	1301318821	False
323129890	1301318821	False
341848547	1301318821	False
581089833	1301318821	False
266329459	1301318821	False
644474340	1301318821	False
200599372	1301318821	False
168138050	1301318821	False
1208359113	1301318821	False
1058001830	1301318821	False
513190740	1301318821	False
1100168891	1301318821	False
89913537	1301318821	False
2040892757	1301318821	False
655574575/unspecified	1301318821	False
1265576634	1301318821	False
1032393578	1301318821	False
1135366344	1301318821	False
906379260/other	1301318821	False
1975721108	1301318821	False
1696330825	1301318821	False
1527322574	1301318821	False
906379260/unspecified	1301318821	False
1924450368	1301318821	False
1241724628	1301318821	False
1333125891	1301318821	False
362948338	1301318821	False
1590340268	1301318821	False
1181002823	1301318821	False
1113099195	1301318821	False
219879696	1301318821	False
783905933	1301318821	False
118443036	1301318821	False
20634476	1301318821	False
1907290502	1301318821	False
422204915	1301318821	False
1484520499	1301318821	False
1250576948	1301318821	False
1918063179	1301318821	False
963821314/other	1301318821	False
774170412	1301318821	False
1934564626/unspecified	1301318821	False
1000966040	1301318821	False
1892026854/unspecified	1301318821	False
1690174111	1301318821	False
1273620878	1301318821	False
1178456316	1301318821	False
850845999	1301318821	False
86360145	1301318821	False
271921996	1301318821	False
688459199	1301318821	False
193650650	1301318821	False
1123454775	1301318821	False
1008336548	1301318821	False
1253589818	1301318821	False
1478019347	1301318821	False
1969598025	1301318821	False
1860939726	1301318821	False
827562676	1301318821	False
1779506452	1301318821	False
1722115009	1301318821	False
922995687	1301318821	False
1174282508	1301318821	False
1313010148	1301318821	False
119104131	1301318821	False
339993936	1301318821	False
1613987024	1301318821	False
587441542/other	1301318821	False
846572793	1301318821	False
42984334	1301318821	False
1054758241	1301318821	False
582626254	1301318821	False
1395267744	1301318821	False
852951562	1301318821	False
1407433821	1301318821	False
1362510527	1301318821	False
1994312368	1301318821	False
70175880	1301318821	False
532997551	1301318821	False
1720676903	1301318821	False
1946105585	1301318821	False
1670520631	1301318821	False
1080872896	1301318821	False
1328594878	1301318821	False
1558346699	1301318821	False
182377035	1301318821	False
353008415	1301318821	False
1927831331	1301318821	False
585238371	1301318821	False
655574575/other	1301318821	False
642412809	1301318821	False
1892722584	1301318821	False
1412613912	1301318821	False
1885299196	1301318821	False
1253728223	1301318821	False
1612332578	1301318821	False
53257270	1301318821	False
1938186540/unspecified	1301318821	False
713018243	1301318821	False
1097637010	1301318821	False
1840757437	1301318821	False
1294035808	1301318821	False
943689734	1301318821	False
715726631	1301318821	False
1945176477	1301318821	False
1112988965	1301318821	False
1244517038	1301318821	False
295732875	1301318821	False
1934564626/other	1301318821	False
44474720	1301318821	False
63181783	1301318821	False
1332916884	1301318821	False
1556608523	1301318821	False
1892026854/other	1301318821	False
1605020868/unspecified	1301318821	False
387909164	1301318821	False
1289606460/unspecified	1301318821	False
246120688	1301318821	False
280645113	1301318821	False
1368140099	1301318821	False
1081635961	1301318821	False
368785482	1301318821	False
1085591047	1301318821	False
1397705739	1301318821	False
1086221462	1301318821	False
1223729307	1301318821	False
946898373/unspecified	1301318821	False
1358815048	1301318821	False
1750728373	1301318821	False
1867371674	1301318821	False
1289606460/other	1301318821	False
1245806134	1301318821	False
1442651506	1301318821	False
182154606	1301318821	False
946898373/other	1301318821	False
534500818	1301318821	False
889624605	1301318821	False
1822312964	1301318821	False
764165691	1301318821	False
13623914	1301318821	False
199518268	1301318821	False
1564166225/unspecified	1301318821	False
2085299685	1301318821	False
252701792	1301318821	False
1501313181	1301318821	False
1120130061	1301318821	False
768737749	1301318821	False
1614808680	1301318821	False
1564166225/other	1301318821	False
193129550	1301318821	False
438247237	1301318821	False
851366587	1301318821	False
1938186540/other	1301318821	False
558887462	1301318821	False
1605020868/other	1301318821	False
512892757	1301318821	False
2058240078	1301318821	False
143357366	1301318821	False
986639771	1301318821	False
506615135	1301318821	False
1103532581	1301318821	False
1766825322	1301318821	False
2004515128	1301318821	False
705210321	1301318821	False
1165208895	1301318821	False
447324165	1301318821	False
451668197	1301318821	False
1583991874	1301318821	False
687947307	1301318821	False
1349566464	1301318821	False
1533500397	1301318821	False
69783507	1301318821	False
1063583175	1301318821	False
1689958048	1301318821	False
481858334	1301318821	False
783370009	1301318821	False
538859666	1301318821	False
380529757	1301318821	False
890153865	1301318821	False
1395234786	1301318821	False
43879159	1301318821	False
1058559180	1301318821	False
2094071232	1301318821	False
570527181	1301318821	False
1173144395	1301318821	False
614971482	1301318821	False
665723298	1301318821	False
500981950	1301318821	False
388988728	1301318821	False
248029418	1301318821	False
962298264	1301318821	False
1582510043	1301318821	False
809821999	1301318821	False
1070132501	1301318821	False
158915034	1301318821	False
737872831	1301318821	False
570768354	1301318821	False
549215818	1301318821	False
881834210	1301318821	False
626267190	1301318821	False
467162099	1301318821	False
662607999	1301318821	False
315045196	1301318821	False
1457701610	1301318821	False
611778949	1301318821	False
81682347	1301318821	False
308108200	1301318821	False
506468751	1301318821	False
256488323	1301318821	False
1358704720	1301318821	False
1621184652	1301318821	False
392248394	1301318821	False
860716757	1301318821	False
283530586	1301318821	False
761816892	1301318821	False
1851051911	1301318821	False
828895902	1301318821	False
1602010623	1301318821	False
1760533633	1301318821	False
333717755	1301318821	False
1858347115	1301318821	False
346039940	1301318821	False
1300783586	1301318821	False
806400281	1301318821	False
476588737	1301318821	False
1393753868	1301318821	False
2023406823	1301318821	False
117845898	1301318821	False
268982732	1301318821	False
348325383	1301318821	False
79056340	1301318821	False
577891921	1301318821	False
723446644	1301318821	False
237846563	1301318821	False
1547617993	1301318821	False
947165291	1301318821	False
620773892	1301318821	False
749638216	1301318821	False
1936272856	1301318821	False
123783203	1301318821	False
147822308	1301318821	False
345106622	1301318821	False
587385280	1301318821	False
821291357	1301318821	False
473726199	1301318821	False
564532786	1301318821	False
1940708181	1301318821	False
1130461249	1301318821	False
1910799650	1301318821	False
1034243845	1301318821	False
1079793812	1301318821	False
113110870	1301318821	False
1436775518	1301318821	False
640333269	1301318821	False
1666668357	1301318821	False
706588537	1301318821	False
971804646	1301318821	False
364921354	1301318821	False
1516988848	1301318821	False
1422161467	1301318821	False
1844988110	1301318821	False
1571365445	1301318821	False
460283265	1301318821	False
1984406624	1301318821	False
1806999551	437215757	False
1806999551	1301318821	False
978680559	1301318821	False
575106861/unspecified	1301318821	False
711564968	437215757	False
711564968	1301318821	False
2129632979	1301318821	False
1805507857	437215757	False
1805507857	1301318821	False
1711927798	1301318821	False
130578959	1301318821	False
845680139	1301318821	False
1130568776	1301318821	False
1633883097	1301318821	False
185581438	1301318821	False
377683031	1301318821	False
1931618763	1301318821	False
123305976	1301318821	False
292186178/other	1301318821	False
869438441	1301318821	False
104013258	1301318821	False
259283045	1301318821	False
1138803134	1301318821	False
315825558	1301318821	False
292186178/unspecified	1301318821	False
996484353	1301318821	False
548776312	1301318821	False
1092610858	1301318821	False
278327610	1301318821	False
1761315829	1301318821	False
527663527	437215757	False
527663527	1301318821	False
2030254088	1301318821	False
2119921443	1301318821	False
2119921443	1726150948	False
423161711	1301318821	False
109863869	1301318821	False
1836453605	1301318821	False
1263054368	1726150948	False
1263054368	1301318821	False
1811397628	1301318821	False
722770286	1301318821	False
689063820	1301318821	False
1854272484	1726150948	False
1854272484	1301318821	False
1464954992	1301318821	False
1541108245	1301318821	False
673083648	1301318821	False
2136066651	1301318821	False
1481495173	1301318821	False
1986104591	1301318821	False
302153632	1301318821	False
61442519	1301318821	False
485214842	1301318821	False
255284408	1301318821	False
460378266	1301318821	False
1858307812	1301318821	False
1124912771	2082570273	False
471437551	2082570273	False
1563736727	2082570273	False
1847180792	2082570273	False
464742746	2082570273	False
1859454854	2082570273	False
1572820620	2082570273	False
1912806118	2082570273	False
486303871	2082570273	False
1617385893	2082570273	False
1069465015	2082570273	False
432555905	2082570273	False
897869719	2082570273	False
34804518	2082570273	False
581886860	1726150948	False
1905460383	2082570273	False
1792543000	2082570273	False
139595320	2082570273	False
978145338	2082570273	False
1839595502	2082570273	False
563288604	2082570273	False
1239255741	2082570273	False
142298330	2082570273	False
1865147547	2082570273	False
945939900	2082570273	False
1862026600	2082570273	False
1615731531	2082570273	False
483732113	2082570273	False
891858924	2082570273	False
681908868	2082570273	False
660975173	2082570273	False
382120543	2082570273	False
1292340068	2082570273	False
1234885854	2082570273	False
1808296598	2082570273	False
1429823490	2082570273	False
293784437	2082570273	False
1062946087	2082570273	False
1625477944	2082570273	False
180484824	1726150948	False
1478398925	437215757	False
1965229469	437215757	False
2044152980	437215757	False
2044152980	2082570273	False
575501087	437215757	False
575501087	2082570273	False
1537523663	437215757	False
1537523663	2082570273	False
411629771	437215757	False
411629771	2082570273	False
1676391804	437215757	False
1676391804	2082570273	False
683348801	437215757	False
683348801	2082570273	False
262525197	1301318821	False
1897352148	1301318821	False
585012030	437215757	False
1179709451	437215757	False
1186269339	437215757	False
655311956	437215757	False
669695172	437215757	False
642230259	2082570273	False
2032289442	2082570273	False
2105852811	2082570273	False
1707962932	2082570273	False
2012434686	2082570273	False
672515241	2082570273	False
56725221	2082570273	False
675989229	2082570273	False
610727945	2082570273	False
976355351	2082570273	False
65648435	2082570273	False
394103651	2082570273	False
911578777	2082570273	False
1997973614	2082570273	False
1022414010	2082570273	False
1721924263	2082570273	False
1999922206	2082570273	False
864305655	2082570273	False
971863892	2082570273	False
302983770	2082570273	False
2031783083	2082570273	False
78279768	2082570273	False
14505504	2082570273	False
1338384205	2082570273	False
371582185	2082570273	False
1750844488	2082570273	False
154648843	2082570273	False
508495197	2082570273	False
357361971	2082570273	False
1362361425	2082570273	False
1320540377	2082570273	False
1053115482	2082570273	False
1642183118	2082570273	False
1350323507	2082570273	False
203054554	2082570273	False
991305365	2082570273	False
1465079346	2082570273	False
1065656926	2082570273	False
874338532	2082570273	False
230565312	2082570273	False
1121765148	2082570273	False
1540802036	2082570273	False
1906812546	2082570273	False
1654167223	2082570273	False
2102147043	2082570273	False
1232490459	2082570273	False
329854663	2082570273	False
1232713063	2082570273	False
661473127	2082570273	False
431666697	2082570273	False
1953184334	2082570273	False
1883384514	2082570273	False
1907381298	2082570273	False
990443735	2082570273	False
56866673	2082570273	False
421793324	2082570273	False
2092788990	2082570273	False
1948873388	2082570273	False
872491784	2082570273	False
251900579	2082570273	False
437469624	2082570273	False
948999133	2082570273	False
724425259	2082570273	False
1911692500	2082570273	False
940445061	69890123	False
102148869	69890123	False
532112047	2082570273	False
157129189	69890123	False
819879888	2082570273	False
367411903	2082570273	False
673465297	2082570273	False
660378689	2082570273	False
916723454	69890123	False
535517125	69890123	False
212109509	69890123	False
590315341	2082570273	False
318832997	69890123	False
723760933	69890123	False
28093738	2082570273	False
1531466989	2082570273	False
1432659942	437215757	False
2011657601	437215757	False
1081365759	437215757	False
1881044096	437215757	False
1881044096	2082570273	False
1892678837	2082570273	False
1653321111	1301318821	False
1232050290	1726150948	False
1851566947	1726150948	False
1162762766	1726150948	False
561966379	1726150948	False
1225171844	1726150948	False
205547561	1726150948	False
1001632806	1726150948	False
442541415	1726150948	False
869703154	1726150948	False
397712403	1726150948	False
1850238680	1726150948	False
677998944	1726150948	False
2033534992	1726150948	False
954747225	1726150948	False
1762371005	1726150948	False
2142174141	1726150948	False
407032800	1726150948	False
625555304	437215757	False
451229225	1726150948	False
301589723	1726150948	False
1373923223	437215757	False
586748093	437215757	False
1448362052	437215757	False
92056944	437215757	False
843036313	437215757	False
983646211	437215757	False
1171235251	437215757	False
35450581	437215757	False
493378952	437215757	False
657409412	437215757	False
547306672	437215757	False
637293926	2082570273	False
941995050	2082570273	False
66566556	2082570273	False
517480053	437215757	False
1767722507	2082570273	False
709011242	1451583031	False
530374033	1451583031	False
93105946	1451583031	False
132077929	1451583031	False
1431357145	1451583031	False
983661682	1451583031	False
1783912287	1451583031	False
352616014	1451583031	False
99067158	1451583031	False
104526601	1301318821	False
1185083872	1301318821	False
340262426	1301318821	False
879900250	1301318821	False
490932575	1301318821	False
1574636472	1301318821	False
1533441123	1301318821	False
616083436	1301318821	False
570806329	1301318821	False
2017776552	1301318821	False
642610091	1301318821	False
1893785537	1301318821	False
1292997122	1301318821	False
1654510288	1301318821	False
1721186724	1301318821	False
809145800	1301318821	False
1124655548	1301318821	False
1725264194	1301318821	False
2089484746	1301318821	False
1069635004	1301318821	False
1889703713	1301318821	False
300805702	1301318821	False
1786484313	1301318821	False
715250770	1301318821	False
255722574	1301318821	False
573713977	437215757	False
573713977	2082570273	False
1454023674	437215757	False
1454023674	2082570273	False
1720288588	437215757	False
1720288588	2082570273	False
967716095	437215757	False
967716095	2082570273	False
1670703196	437215757	False
1670703196	2082570273	False
762207803	437215757	False
762207803	2082570273	False
1552972250	437215757	False
1552972250	2082570273	False
663286617	437215757	False
663286617	2082570273	False
106005021	437215757	False
106005021	2082570273	False
1326804559	437215757	False
1326804559	2082570273	False
339995580	437215757	False
339995580	2082570273	False
446046848	437215757	False
446046848	2082570273	False
724493944	1451583031	False
1880227785	437215757	False
1880227785	2082570273	False
1825085534	437215757	False
1825085534	2082570273	False
809330550	437215757	False
809330550	2082570273	False
1264462535	437215757	False
1264462535	2082570273	False
1441082841	437215757	False
1441082841	2082570273	False
1797934463	437215757	False
1797934463	2082570273	False
1045232096	437215757	False
1045232096	2082570273	False
977154694	437215757	False
977154694	2082570273	False
167169403	437215757	False
167169403	2082570273	False
631019994	2082570273	False
511259036	437215757	False
511259036	2082570273	False
1390825024	2082570273	False
507027046	437215757	False
507027046	2082570273	False
1341167327	437215757	False
1341167327	2082570273	False
1480093941	2082570273	False
1680494567	2082570273	False
1241969689	2082570273	False
1868072485	437215757	False
1868072485	2082570273	False
995062738	2082570273	False
2608660	437215757	False
2608660	2082570273	False
1397281694	2082570273	False
628575082	437215757	False
628575082	2082570273	False
251025155	2082570273	False
615664912	2082570273	False
1986630000	2082570273	False
2060357460	2082570273	False
1403309236	2082570273	False
1844991516	437215757	False
1844991516	2082570273	False
1184284806	2082570273	False
1666948422	2082570273	False
1728312298	2082570273	False
1066008506	2082570273	False
1070315352	2082570273	False
831556612	2082570273	False
23993581	2082570273	False
1325861433	2082570273	False
1776825546	2082570273	False
1990545755	2082570273	False
1422599273	437215757	False
1422599273	2082570273	False
1278583860	2082570273	False
234875245	2082570273	False
1760100008	2082570273	False
579828653	2082570273	False
1839241048	2082570273	False
1217377080	2082570273	False
831967339	2082570273	False
134003871	2082570273	False
573694301	2082570273	False
710640640	2082570273	False
1424739733	2082570273	False
753160908	2082570273	False
21087050	2082570273	False
1420395893	2082570273	False
678493263	2082570273	False
970464360	2082570273	False
101052693	2082570273	False
1263511979	2082570273	False
1449298614	2082570273	False
1872309255	2082570273	False
9268800	2082570273	False
1782545620	2082570273	False
1410720998	2082570273	False
540308197	2082570273	False
1772780588	2082570273	False
559666351	2082570273	False
740856545	2082570273	False
259485521	2082570273	False
1248230294	639052684	False
1812117503	639052684	False
292730503	639052684	False
1417227232	639052684	False
429748580	639052684	False
1020130330	639052684	False
815997477	1301318821	False
616507299	1301318821	False
1436382978	1301318821	False
180018867	1301318821	False
1599925315	1301318821	False
293949052	1301318821	False
1706977572	1301318821	False
1713777531	1301318821	False
34001380	1301318821	False
777560847	1301318821	False
596417147	1301318821	False
1580954015	437215757	False
1580954015	1301318821	False
376036692	1301318821	False
806290915	1301318821	False
1407277209	1301318821	False
1728327459	1301318821	False
714224127	1301318821	False
765425722	1301318821	False
1829206737	1301318821	False
899566155	1301318821	False
387815472	1301318821	False
562487919	1301318821	False
1619951900	1301318821	False
1093347524	1301318821	False
144503516	1301318821	False
424963427	1301318821	False
784813085	1301318821	False
1144407508	1301318821	False
183860321	1301318821	False
62532423	1301318821	False
664546762	1301318821	False
758254866	1301318821	False
1961674648	1301318821	False
178605568	1301318821	False
1003994886	1301318821	False
897097869	1301318821	False
1717786596	1301318821	False
1751848361	1301318821	False
295455499	1301318821	False
315492123	1301318821	False
1026976898	1301318821	False
1497254317	1301318821	False
1265576634/unspecified	1301318821	False
124875914	1301318821	False
545664807	1301318821	False
865099988	1301318821	False
1635801728	1301318821	False
1135366344/unspecified	1301318821	False
1020795563	1301318821	False
773139368	1301318821	False
1369513329	1301318821	False
1777129612	1301318821	False
538152666	1301318821	False
1044568664	1301318821	False
1469325809	1301318821	False
1182663077	1301318821	False
1257212583	1301318821	False
1148257852	1301318821	False
1946662084	1301318821	False
1585809486	1301318821	False
1272601015	1301318821	False
220022932	1301318821	False
425095558	1301318821	False
1282023557	1301318821	False
1527322574/unspecified	1301318821	False
1135366344/other	1301318821	False
1527322574/other	1301318821	False
1245945716	1301318821	False
1113099195/unspecified	1301318821	False
1316028436	1301318821	False
1180851464	1301318821	False
1975721108/other	1301318821	False
1134901606	1301318821	False
856236181	1301318821	False
774170412/unspecified	1301318821	False
1415734886	1301318821	False
1721143857	1301318821	False
1012224151	1301318821	False
171850842	1301318821	False
1356922987	1301318821	False
268617138	1301318821	False
515638910	1301318821	False
1630723630	1301318821	False
1265576634/other	1301318821	False
1193238472	1301318821	False
59190475	1301318821	False
1675520187	1301318821	False
1920193598	1301318821	False
899655099	1301318821	False
1113099195/other	1301318821	False
894488488	1301318821	False
642412809/other	1301318821	False
642412809/unspecified	1301318821	False
467058241	1301318821	False
994021343	1301318821	False
774170412/other	1301318821	False
290874188	1301318821	False
1136845335	1301318821	False
1291762166	1301318821	False
1050817733	1301318821	False
1432333298	1301318821	False
1837854181	1301318821	False
370012675	1301318821	False
1221965225	1301318821	False
1511783606	1301318821	False
726638558	1301318821	False
799897799	1301318821	False
1762046917	1301318821	False
1670059177	1301318821	False
743861426	1301318821	False
334251956	1301318821	False
1607432003	1301318821	False
838371881	1301318821	False
1985408165	1301318821	False
1434188859	1301318821	False
1659428165	1301318821	False
754002573	1301318821	False
134659728	1301318821	False
1224577696	2082570273	False
1311500155	2082570273	False
686243338	2082570273	False
515561457	2082570273	False
1334817017	2082570273	False
2096419169	2082570273	False
326037125	2082570273	False
956213553	1726150948	False
1154832191	1726150948	False
1712078891	1726150948	False
1753990909	1726150948	False
2000323953	1726150948	False
913911783	1726150948	False
496474610	1726150948	False
1866195242	1726150948	False
1246941673	1726150948	False
319823656	1726150948	False
1639737344	1726150948	False
1696195014	1301318821	False
506885098	1301318821	False
12159809	1301318821	False
2064036276	1301318821	False
698700436	1301318821	False
871442980	1301318821	False
1629525135	1301318821	False
361612400	1301318821	False
1018536335	1301318821	False
74144027	1301318821	False
1608280596	1301318821	False
104485936	1301318821	False
1717786596/other	1301318821	False
1717786596/unspecified	1301318821	False
758254866/unspecified	1301318821	False
1023083906	1301318821	False
315492123/unspecified	1301318821	False
990238909	1301318821	False
861313622	1301318821	False
1751848361/unspecified	1301318821	False
946560377	1301318821	False
378686036	1301318821	False
813602368	1301318821	False
758254866/other	1301318821	False
315492123/other	1301318821	False
689022096	1301318821	False
295453193	1301318821	False
1609550585	1301318821	False
2088862624	1301318821	False
1568038922	1301318821	False
1140990006	1301318821	False
1186673565	1301318821	False
660055785	1301318821	False
1751848361/other	1301318821	False
8113015	1301318821	False
778044691	1301318821	False
639432563	1301318821	False
1146103401	1301318821	False
1092570406	1301318821	False
780533123	1301318821	False
123604718	1301318821	False
2016485305	1301318821	False
1483379920	1301318821	False
893817003	1301318821	False
1441487362	1301318821	False
909350485	1301318821	False
1927573002	1301318821	False
1994708603	1301318821	False
313967120	1301318821	False
760720154	1301318821	False
766661514	1301318821	False
1384699191	1301318821	False
1204844207	1301318821	False
229304403	1301318821	False
713748663	1301318821	False
355536905	1301318821	False
736383933	1301318821	False
1977520706	1301318821	False
1262006282	1301318821	False
1097424934	1301318821	False
1655276482	1301318821	False
1878717473	1301318821	False
